date,minute_symbols,hour_symbols,daily_symbols,minute_not_in_hour,minute_not_in_daily,hour_not_in_minute,hour_not_in_daily,daily_not_in_minute,daily_not_in_hour,minute_not_in_hour_sample,hour_not_in_minute_sample,daily_not_in_minute_sample
2024-12-02,368,0,0,368,368,0,0,0,0,"ABSI,ACB,ACDC,ACH,ACOG,ACON,ACRV,ADEA,ADTN,ADXN",,
2024-12-03,371,0,0,371,371,0,0,0,0,"ABSI,ACB,ACDC,ACH,ACOG,ACON,ACRV,ADEA,ADTN,ADXN",,
2024-12-04,370,0,0,370,370,0,0,0,0,"ABSI,ACB,ACDC,ACH,ACOG,ACON,ACRV,ADEA,ADTN,ADXN",,
2024-12-05,369,0,0,369,369,0,0,0,0,"ABSI,ACB,ACDC,ACH,ACOG,ACON,ACRV,ADEA,ADTN,ADXN",,
2024-12-06,370,0,0,370,370,0,0,0,0,"ABSI,ACB,ACDC,ACH,ACOG,ACON,ACRV,ADEA,ADTN,ADXN",,
2024-12-09,371,0,0,371,371,0,0,0,0,"ABSI,ACB,ACDC,ACH,ACOG,ACON,ACRV,ADEA,ADTN,ADXN",,
2024-12-10,370,0,0,370,370,0,0,0,0,"ABSI,ACB,ACDC,ACH,ACOG,ACON,ACRV,ADEA,ADTN,ADXN",,
2024-12-11,371,0,0,371,371,0,0,0,0,"ABSI,ACB,ACDC,ACH,ACOG,ACON,ACRV,ADEA,ADTN,ADXN",,
2024-12-12,370,0,0,370,370,0,0,0,0,"ABSI,ACB,ACDC,ACH,ACOG,ACON,ACRV,ADEA,ADTN,AFYA",,
2024-12-13,372,0,0,372,372,0,0,0,0,"ABSI,ACB,ACDC,ACH,ACOG,ACON,ACRV,ADEA,ADTN,ADXN",,
2024-12-16,375,0,0,375,375,0,0,0,0,"ABSI,ACB,ACDC,ACH,ACOG,ACON,ACRV,ADEA,ADTN,ADXN",,
2024-12-17,373,0,0,373,373,0,0,0,0,"ABSI,ACB,ACDC,ACH,ACOG,ACON,ACRV,ADEA,ADTN,ADXN",,
2024-12-18,378,0,0,378,378,0,0,0,0,"ABSI,ACB,ACDC,ACH,ACOG,ACON,ACRV,ADEA,ADTN,ADXN",,
2024-12-19,376,0,0,376,376,0,0,0,0,"ABSI,ACB,ACDC,ACH,ACOG,ACON,ACRV,ADEA,ADTN,ADXN",,
2024-12-20,376,0,0,376,376,0,0,0,0,"ABSI,ACB,ACDC,ACH,ACOG,ACON,ACRV,ADEA,ADTN,ADXN",,
2024-12-23,379,0,0,379,379,0,0,0,0,"ABSI,ACB,ACDC,ACH,ACOG,ACON,ACRV,ADEA,ADTN,ADXN",,
2024-12-24,374,0,0,374,374,0,0,0,0,"ABSI,ACB,ACDC,ACH,ACOG,ACON,ACRV,ADEA,ADTN,AFYA",,
2024-12-25,0,0,0,0,0,0,0,0,0,,,
2024-12-26,375,0,0,375,375,0,0,0,0,"ABSI,ACB,ACDC,ACH,ACOG,ACON,ACRV,ADEA,ADTN,ADXN",,
2024-12-27,378,0,1957,378,70,0,0,1649,1957,"ABSI,ACB,ACDC,ACH,ACOG,ACON,ACRV,ADEA,ADTN,ADXN",,"AAME,ABAT,ABCL,ABEO,ABEV,ABOS,ABR,ABTC,ABTS,ABUS"
2024-12-30,380,0,3208,380,0,0,0,2828,3208,"ABSI,ACB,ACDC,ACH,ACOG,ACON,ACRV,ADEA,ADTN,ADXN",,"AAL,AAME,AAPD,AAT,ABAT,ABCL,ABEO,ABEV,ABOS,ABR"
2024-12-31,380,0,3209,380,0,0,0,2829,3209,"ABSI,ACB,ACDC,ACH,ACOG,ACON,ACRV,ADEA,ADTN,ADXN",,"AAL,AAME,AAPD,AAT,ABAT,ABCL,ABEO,ABEV,ABOS,ABR"
2025-01-02,239,0,3213,239,1,0,0,2975,3213,"AAL,AAME,AAPD,AAT,ABAT,ABCL,ABEO,ABEV,ABOS,ABR",,"ACTU,AFRI,AHT.PRD,AHT.PRG,AHT.PRH,AIRTP,ALCYU,ALFUU,ALIT,AMAX"
2025-01-03,9,0,3214,9,0,0,0,3205,3214,"ASPC,CRNC,HTLM,NUS,ONDS,RGP,RILYL,SATL,SPCB",,"AAL,AAME,AAPD,AAT,ABAT,ABCL,ABEO,ABEV,ABOS,ABR"
2025-01-06,3079,1416,3214,1663,47,0,22,182,1820,"AAME,AAT,ABEO,ABOS,ABR.PRD,ABR.PRE,ABX,ACCS,ACDC,ACEL",,"ADIV,AHT.PRF,AHT.PRG,AHT.PRH,AIRTP,ALCY,ALCYU,ALIT,ANSCU,ARMN"
2025-01-07,3081,1160,3215,1921,46,0,16,180,2071,"AAME,AAT,ABEO,ABOS,ABR.PRD,ABR.PRE,ABUS,ABVE,ABX,ACCO",,"ADAMZ,ADIV,AHT.PRF,AHT.PRG,AHT.PRH,AHT.PRI,AIRTP,ALCY,ALCYU,ALDF"
2025-01-08,3045,1267,3215,1778,47,0,26,217,1974,"AAME,ABOS,ABR.PRD,ABUS,ABVE,ABX,ACB,ACCO,ACCS,ACEL",,"AHT.PRH,AIRTP,ALCY,ALCYU,ALDF,ALFUU,ALIT,ANSCU,ARMN,ASBP"
2025-01-09,0,0,0,0,0,0,0,0,0,,,
2025-01-10,3088,1283,3215,1806,47,1,20,174,1952,"AAME,AAT,ABEO,ABR.PRD,ABUS,ABX,ACB,ACCO,ACCS,ACEL",MGYR,"AIRTP,ALCYU,ALDF,ALDFU,ALFUU,ALIT,AMCI,ANSCU,ARMN,ASBP"
2025-01-13,3065,1364,3217,1701,46,0,25,198,1878,"AAME,ABEO,ABR.PRD,ABR.PRE,ABUS,ABVC,ABX,ACCS,ACGLN,ACH",,"AHT.PRD,AHT.PRF,AHT.PRI,AIRTP,ALCY,ALCYU,ALDF,ALDFU,ALFUU,ALIT"
2025-01-14,3070,1048,3221,2023,47,1,19,198,2192,"AAT,ABEO,ABR.PRD,ABR.PRE,ABUS,ABX,ACCO,ACDC,ACEL,ACH",REKT,"AAME,ADIV,AHT.PRF,AHT.PRH,AIRTP,ALCY,ALCYU,ALDF,ALFUU,ALIT"
2025-01-15,3067,1050,3223,2017,47,0,20,203,2193,"AAME,AAT,ABEO,ABR.PRD,ABR.PRE,ABUS,ABX,ACB,ACCO,ACCS",,"ADIV,AIRTP,ALCY,ALCYU,ALDF,ALF,ALFUU,ALIT,AMCI,ANSCU"
2025-01-16,3068,1074,3226,1995,47,1,22,205,2174,"AAME,ABCL,ABEO,ABOS,ABUS,ABVC,ABVE,ABX,ACB,ACDC",ADXN,"ACCS,ADIV,ADXN,AHT.PRD,AHT.PRF,AHT.PRH,AIRTP,ALCY,ALCYU,ALFUU"
2025-01-17,3043,1075,3227,1968,46,0,18,230,2170,"AAME,ABEO,ABOS,ABR.PRE,ABTS,ABUS,ABX,ACB,ACCO,ACCS",,"ADIV,AHT.PRD,AHT.PRG,AHT.PRH,AHT.PRI,AIRTP,ALCY,ALCYU,ALDF,ALDFU"
2025-01-21,3090,1346,3227,1744,47,0,25,184,1906,"AAME,AAT,ABEO,ABOS,ABX,ACCS,ACEL,ACGLN,ACH,ACHC",,"ADIV,AHT.PRF,AHT.PRH,AHT.PRI,AIRTP,ALCY,ALCYU,ALIT,AMCI,ANSCU"
2025-01-22,3090,1130,3227,1961,46,1,18,183,2115,"AAME,AAT,ABEO,ABR,ABR.PRE,ABVC,ABX,ACB,ACCO,ACCS",NSTS,"ADIV,AFGE,AHT.PRF,AHT.PRH,AIRTP,ALCY,ALCYU,ALDFU,ALFUU,ALIT"
2025-01-23,3062,1075,3230,1990,47,3,18,215,2173,"AAME,AAT,ABEO,ABOS,ABR.PRD,ABR.PRE,ABTS,ABUS,ABX,ACCO","BIP.PRA,PHAR,RDGT","ADIV,AHT.PRF,AHT.PRG,AHT.PRH,AHT.PRI,AIRTP,ALCYU,ALDFU,ALIT,AMCI"
2025-01-24,3072,1092,3230,1983,46,3,20,204,2158,"AAT,ABEO,ABOS,ABR.PRD,ABR.PRE,ABTS,ABUS,ABX,ACB,ACCO","CLPS,OPP.PRB,ZIONP","AAME,ADAMZ,ADC.PRA,AHT.PRF,AHT.PRH,AIRTP,ALCY,ALCYU,ALDFU,ALFUU"
2025-01-27,3085,1525,3230,1561,47,1,22,192,1727,"AAME,AAT,ABEO,ABR.PRD,ABTS,ABVC,ABX,ACCO,ACEL,ACET",LIVE,"AHT.PRD,AHT.PRF,AHT.PRI,AIRTP,ALCY,ALCYU,ALFUU,ALIT,AMS,ARMN"
2025-01-28,3081,1108,3232,1973,45,0,19,196,2143,"AAT,ABEO,ABOS,ABR,ABR.PRD,ABUS,ACCO,ACCS,ACDC,ACET",,"AFRI,AHT.PRD,AHT.PRG,AHT.PRI,AIRTP,ALDFU,ALIT,AMCI,ANSC,ANSCU"
2025-01-29,3065,996,3233,2069,44,0,18,212,2255,"AAME,AAT,ABEO,ABOS,ABR.PRD,ABR.PRE,ABTS,ABVE,ACCO,ACCS",,"ADAMZ,AIRTP,ALCY,ALCYU,ALIT,AMCI,AMPX.WS,ARKR,ARL,ARMN"
2025-01-30,3078,1060,3236,2019,45,1,14,203,2190,"AAME,AAT,ABEO,ABOS,ABR.PRD,ABTS,ABUS,ABVC,ABVE,ABX",TRT,"ADIV,AIBD,AIRTP,ALCY,ALCYU,ALDFU,ALFUU,ALIT,AMCI,ANSCU"
2025-01-31,3070,1016,3238,2056,45,2,16,213,2238,"AAME,AAT,ABEO,ABR.PRD,ABR.PRE,ABUS,ABVC,ABX,ACB,ACCO","ALOT,KELYB","AHT.PRG,AIRTP,ALCY,ALCYU,ALDFU,ALF,ALFUU,ALIT,ALOT,AMCI"
2025-02-03,3110,1548,3239,1562,45,0,25,174,1716,"AAME,AAT,ABOS,ABR.PRD,ABR.PRE,ABVC,ABVE,ABX,ACCO,ACCS",,"ADIV,AHT.PRH,AIRTP,ALCY,ALCYU,ALFUU,ALIT,AMCI,ANSCU,ARMN"
2025-02-04,6,989,3239,1,0,984,11,3233,2261,EMPD,"AAL,AAPD,AAT,ABAT,ABCL,ABEV,ABR,ABSI,ABTC,ABVC","AAL,AAME,AAPD,AAT,ABAT,ABCL,ABEO,ABEV,ABOS,ABR"
2025-02-05,3085,1064,3243,2021,46,0,19,204,2198,"AAT,ABEO,ABOS,ABR.PRD,ABR.PRE,ABTS,ABUS,ABVE,ACCO,ACCS",,"AAME,AIRTP,ALCY,ALCYU,ALFUU,ALIT,ALOT,AMCI,ANSCU,APWC"
2025-02-06,3069,1152,3245,1919,44,2,26,220,2119,"AAME,AAT,ABOS,ABR.PRD,ABR.PRE,ABUS,ABVC,ABVE,ABX,ACCO","CEPO,TRT","ADAMZ,ADIV,AFRI,AHT.PRG,AHT.PRH,AHT.PRI,AIRTP,ALCY,ALCYU,ALDF"
2025-02-07,3096,1060,3247,2037,46,1,16,197,2203,"AAME,AAT,ABEO,ABOS,ABR.PRD,ABR.PRE,ABTS,ABVC,ABX,ACCO",NODK,"AIHS,AIRTP,ALCY,ALCYU,ALFUU,ALIT,AMCI,ANL,ANSCU,ARMN"
2025-02-10,3104,1298,3247,1809,46,3,24,189,1973,"AAT,ABEO,ABOS,ABR.PRD,ABR.PRE,ABUS,ABX,ACCO,ACCS,ACDC","AHT.PRI,BBGI,PLMK","ADIV,AFRI,AHT.PRI,AIRTP,ALCY,ALCYU,ALDFU,ALFUU,ALIT,AMCI"
2025-02-11,3084,1156,3249,1932,45,4,18,210,2111,"AAME,AAT,ABEO,ABOS,ABR.PRD,ABR.PRE,ABTS,ABUS,ABVE,ABX","BRID,PLMK,SOHOB,TKLF","ACCS,ADIV,AHT.PRD,AHT.PRG,AHT.PRH,AIRTP,ALCY,ALCYU,ALDFU,ALFUU"
2025-02-12,3105,1058,3251,2051,46,4,14,192,2207,"AAME,AAT,ABEO,ABR,ABR.PRD,ABR.PRE,ABTS,ABVC,ABX,ACCO","ANNA,BYFC,KELYB,STRRP","AHT.PRF,AIBD,AIRTP,ALCY,ALCYU,ALDFU,ALIT,AMAX,AMCI,ANL"
2025-02-13,3078,1076,3258,2003,46,1,20,226,2202,"AACBU,AARD,ABEO,ABOS,ABR.PRD,ABR.PRE,ABTS,ABUS,ABVC,ABVE",SOHOB,"AAME,ADIV,ADXN,AHT.PRD,AHT.PRH,AHT.PRI,AIRTP,ALCY,ALCYU,ALDF"
2025-02-14,3094,1189,3261,1905,45,0,19,212,2091,"AACBU,AARD,AAT,ABEO,ABR.PRD,ABR.PRE,ABUS,ABVC,ABVE,ACCO",,"AAME,AHT.PRG,AHT.PRH,AIRTP,ALCY,ALCYU,ALDF,ALDFU,ALIT,AMAX"
2025-02-18,3119,1370,3263,1751,46,2,20,190,1913,"AACBU,AARD,AAT,ABEO,ABOS,ABR.PRD,ABR.PRE,ABUS,ABVE,ABX","CLIK,PCTTU","AAME,AHT.PRI,AIRTP,ALCY,ALCYU,ALDF,ALDFU,ALF,ALFUU,ALIT"
2025-02-19,3115,1150,3265,1966,45,1,15,195,2130,"AACBU,AAME,AARD,ABEO,ABOS,ABR,ABR.PRD,ABR.PRE,ABTS,ABVE",OPP.PRB,"AHT.PRG,AHT.PRH,AIRTP,ALCY,ALFUU,ALIT,AMCI,AMDD,AMS,ANSCU"
2025-02-20,3118,1197,3267,1936,46,15,20,195,2090,"AARD,AAT,ABEO,ABR.PRD,ABTS,ABVE,ABX,ACB,ACCO,ACCS","AHT.PRG,AUUD,BRLS,CBLL,CDT,EDSA,FIHL,HMY,NOV,PRTC","AACBU,AAME,AHT.PRG,AHT.PRI,AIRTP,ALCY,ALCYU,AMCI,AMDD,AMS"
2025-02-21,3107,1155,3267,1971,46,19,23,206,2135,"AACBU,AAME,AARD,ABEO,ABOS,ABR.PRD,ABR.PRE,ABTS,ABUS,ABVC","AGM.PRF,ALIT,AUUD,CDT,DLLL,EDSA,FIHL,HMY,HST,JAKK","ACCS,AGM.PRF,AGM.PRG,AHT.PRF,AHT.PRG,AHT.PRH,AHT.PRI,AIRTP,ALCYU,ALDFU"
2025-02-24,3132,1213,3267,1935,46,16,19,181,2073,"AACBU,AARD,AAT,ABEO,ABOS,ABR.PRE,ABUS,ABVE,ABX,ACCS","AUUD,CDT,EDSA,FIHL,HMY,JAKK,NVGS,ONCY,PLTM,RDHL","AAME,AHT.PRG,AHT.PRH,AHT.PRI,AIRTP,ALCY,ALCYU,ALIT,AMCI,AMDD"
2025-02-25,3106,1164,3268,1955,44,13,16,206,2120,"AARD,AAT,ABEO,ABOS,ABR.PRD,ABR.PRE,ABTS,ABVE,ABX,ACCO","ALIT,AUUD,CBLL,CDT,DLLL,EDSA,HMY,JAKK,ONCY,RUN","AACBU,AAME,AFRI,AHT.PRF,AHT.PRG,AHT.PRH,AHT.PRI,AIRTP,ALCY,ALCYU"
2025-02-26,3096,1124,3270,1986,45,14,18,219,2164,"AACBU,AAME,AARD,ABEO,ABOS,ABR.PRD,ABR.PRE,ABTS,ABVE,ABX","AUUD,CDT,FIHL,HMY,JAKK,MS.PRA,NOV,RDHL,RMTI,RUN","AFGE,AHT.PRH,AIRTP,ALCY,ALCYU,ALFUU,ALIT,AMCI,ANSCU,ARKR"
2025-02-27,3084,1027,3273,2071,45,14,14,234,2260,"AACBU,AAME,AARD,AAT,ABEO,ABOS,ABR.PRD,ABR.PRE,ABTS,ABUS","AUUD,CDT,DLLL,HMY,MAC,MS.PRA,PTHS,RDHL,RMTI,RUN","AHT.PRF,AHT.PRG,AHT.PRH,AHT.PRI,AIRTP,ALCYU,ALDFU,ALF,ALFUU,ALIT"
2025-02-28,3098,1053,3275,2062,45,17,18,222,2240,"AAME,AARD,AAT,ABEO,ABOS,ABR.PRD,ABR.PRE,ABTS,ABUS,ABVE","ALIT,AUUD,CDT,DLLL,HMY,HST,NRSN,OLB,ONCY,PLTM","AACBU,AHT.PRF,AIRTP,ALCYU,ALDF,ALF,ALFUU,ALIT,ALOT,AMCI"
2025-03-03,3136,1175,3276,1979,44,18,13,184,2114,"AACBU,AAME,AARD,AAT,ABEO,ABOS,ABR.PRD,ABR.PRE,ABUS,ABVC","AUUD,CDT,DLLL,HMY,HST,INHD,MAC,ONCY,PLTM,RDHL","AFGC,AHT.PRI,AIRTP,ALCY,ALCYU,ALF,ALIT,AMCI,AMDD,ANSCU"
2025-03-04,3153,1157,3276,2011,45,15,19,168,2138,"AACBU,AAME,AARD,ABEO,ABOS,ABR.PRD,ABR.PRE,ABX,ACCS,ACGLN","ARMN,AUUD,CDT,DLLL,HMY,NOV,NVGS,PTHS,RUN,SABR","AHT.PRF,AIRTP,ALCYU,ALDFU,ALFUU,ALIT,AMCI,ANSCU,ARMN,ASPC"
2025-03-05,3124,1011,3277,2127,45,14,20,198,2286,"AACBU,AAME,AARD,ABEO,ABOS,ABR.PRD,ABR.PRE,ABVC,ABX,ACB","AUUD,CDT,DLLL,FIHL,HMY,HST,JAKK,MAC,RUN,SABR","ADIV,AIHS,AIRTP,ALCYU,ALFUU,ALIT,AMCI,AMDD,ANSCU,ARKR"
2025-03-06,3109,1066,3278,2057,46,14,20,215,2232,"AACBU,AAME,AARD,AAT,ABEO,ABOS,ABR.PRD,ABUS,ABVC,ABVE","ARMN,AUUD,CDT,DLLL,HMY,IMCC,ONCY,RDHL,RUMBW,RUN","ABR.PRE,ADAMZ,AHT.PRD,AHT.PRH,AHT.PRI,AIRTP,ALCY,ALCYU,ALFUU,ALIT"
2025-03-07,3134,907,3284,2238,47,11,14,197,2391,"AACBU,AAME,AARD,AAT,ABEO,ABR.PRD,ABR.PRE,ABUS,ABVC,ABVE","CDT,HMY,JAKK,NOV,NRSN,ONCY,RUN,SABR,SFYX,SUUN","ADAMZ,AHT.PRI,AIRTP,ALCY,ALCYU,ALDFU,ALFUU,ALIT,AMCI,AMDD"
2025-03-10,3154,1147,3284,2023,46,16,16,176,2153,"AACBU,AAME,AARD,ABEO,ABOS,ABR.PRD,ABR.PRE,ABTS,ABUS,ABX","ALIT,AUUD,CBLL,CDT,HMY,HST,JAKK,NOV,PLTM,RUN","AHT.PRF,AHT.PRH,AIRTP,ALCY,ALCYU,ALDF,ALFUU,ALIT,AMCI,ANSCU"
2025-03-11,3123,1024,3286,2113,45,14,14,208,2276,"AAME,AARD,AAT,ABEO,ABOS,ABR.PRD,ABR.PRE,ABTS,ABUS,ABVC","AUUD,CBLL,CDT,DLLL,FIHL,HMY,PLTM,RMTI,RUN,SABR","AACBU,AHT.PRH,AIRTP,ALCY,ALCYU,ALDFU,ALF,ALFUU,ALIT,AMCI"
2025-03-12,3128,945,3289,2199,46,16,13,207,2357,"AAME,AARD,AAT,ABEO,ABOS,ABR.PRD,ABR.PRE,ABUS,ABVC,ABVE","ARMN,AUUD,CBLL,CDT,DLLL,HMY,HST,MAC,NVGS,PDX","AACBU,AIRTP,ALCY,ALCYU,ALDF,ALDFU,ALFUU,ALIT,AMCI,ANSCU"
2025-03-13,3087,930,3292,2169,45,12,13,250,2375,"AACBU,AARD,AAT,ABEO,ABEV,ABR.PRD,ABR.PRE,ABTS,ABUS,ABVC","AUUD,CDT,DLLL,HMY,NTRBW,RDHL,ROMA,RUN,SABR,SKIN","AAME,ADAMZ,ADIV,AHT.PRD,AHT.PRH,AIHS,AIRTP,ALCYU,ALDF,ALDFU"
2025-03-14,3113,956,3293,2172,46,15,16,226,2353,"AAME,AARD,AAT,ABEO,ABOS,ABR.PRD,ABR.PRE,ABTC,ABTS,ABUS","AUUD,CDT,CRMLW,DLLL,HMY,JAKK,NOV,NRSN,PLTM,RDHL","AACBU,ADAMZ,ADIV,AFRI,AHT.PRF,AIRTP,ALCY,ALCYU,ALDFU,ALFUU"
2025-03-17,3131,1077,3294,2071,46,17,15,209,2232,"AACBU,AAME,AARD,AAT,ABEO,ABR.PRD,ABTS,ABX,ACB,ACCO","ARMN,AUUD,CDT,DLLL,FIHL,HMY,HST,JAKK,MAC,NRSN","ABR.PRE,AHT.PRD,AHT.PRF,AIRTP,ALCY,ALCYU,ALDF,ALFUU,ALIT,AMCI"
2025-03-18,3118,1007,3295,2123,44,12,12,221,2300,"AACBU,AAME,AARD,AAT,ABEO,ABR.PRD,ABR.PRE,ABTS,ABUS,ABVC","AUUD,CDT,CHNR,HMY,MAC,NVGS,RDHL,RUN,RVMDW,SABR","ADXN,AHT.PRD,AHT.PRH,AIRTP,ALCYU,ALDF,ALDFU,ALIT,AMAX,AMCI"
2025-03-19,3106,882,3296,2232,44,8,9,234,2423,"AACBU,AAME,AARD,AAT,ABEO,ABOS,ABR.PRD,ABR.PRE,ABTS,ABUS","AUUD,CDT,HMY,PDX,RDHL,RUN,VEEE,YYAI","ADAMZ,AHT.PRF,AHT.PRH,AHT.PRI,AIRTP,ALCY,ALCYU,ALDF,ALFUU,ALIT"
2025-03-20,3104,1039,3298,2080,45,15,14,239,2273,"AARD,AAT,ABEO,ABOS,ABR.PRD,ABR.PRE,ABTS,ABUS,ABVC,ABVE","AUUD,CDT,HMY,HST,IFBD,JAKK,RDHL,RMTI,RUN,SABR","AACBU,AHT.PRF,AHT.PRH,AHT.PRI,AIRTP,ALCY,ALCYU,ALFUU,ALIT,AMCI"
2025-03-21,3100,899,3302,2216,45,15,11,247,2414,"AACBU,AAME,AARD,AAT,ABOS,ABR.PRD,ABTS,ABUS,ABVC,ABVE","AUUD,CDT,HMY,HST,INHD,NRSN,PLTM,RMTI,RUN,SABR","ABR.PRE,ACCS,ADIV,AHT.PRF,AHT.PRH,AHT.PRI,AIRTP,ALCY,ALCYU,ALDF"
2025-03-24,3131,1162,3303,1987,47,18,14,219,2155,"AARD,AAT,ABEO,ABOS,ABR.PRD,ABR.PRE,ABTC,ABTS,ABUS,ABVC","AUUD,CBLL,CDT,DBE,DLLL,HMY,HST,NRSN,PLTM,RDHL","AACBU,AAME,ADXN,AHT.PRG,AHT.PRH,AHT.PRI,AIRTP,ALCY,ALCYU,ALF"
2025-03-25,3126,961,3305,2178,46,13,11,225,2355,"AAME,AARD,AAT,ABCL,ABR.PRD,ABR.PRE,ABTS,ABUS,ABVC,ABX","AUUD,CDT,HMY,HST,JAKK,PLTM,RMTI,RUN,SABR,SUUN","AACBU,ADAMZ,AHT.PRD,AHT.PRI,AIRTP,ALCY,ALCYU,ALFUU,ALIT,AMCI"
2025-03-26,3111,928,3309,2198,46,15,11,244,2392,"AACBU,AAME,AAT,ABEO,ABOS,ABR.PRD,ABR.PRE,ABTS,ABUS,ABVC","ALIT,AUUD,CDT,DLLL,HMY,INHD,JAKK,NOV,NRSN,NVGS","ADIV,AHT.PRD,AHT.PRG,AHT.PRH,AHT.PRI,AIRTP,ALCY,ALCYU,ALFUU,ALIT"
2025-03-27,3111,884,3310,2242,45,15,12,244,2438,"AAME,AARD,AAT,ABEO,ABR.PRD,ABVC,ABVE,ACCO,ACEL,ACGLN","AUUD,CBLL,CDT,DLLL,HMY,HST,JAKK,PHAR,PLTM,RDHL","AACBU,ABR.PRE,ABTS,ACCS,ADIV,ADXN,AHT.PRF,AHT.PRH,AHT.PRI,AIRTP"
2025-03-28,3118,887,3310,2239,45,8,7,237,2430,"AAME,AAT,ABOS,ABR.PRD,ABTS,ABVE,ACCO,ACCS,ACEL,ACET","AUUD,CBLL,CDT,DLLL,HMY,OLB,RUN,YYAI","AACBU,ABR.PRE,AFRI,AHT.PRF,AHT.PRH,AIRTP,ALCY,ALCYU,ALDFU,ALFUU"
2025-03-31,3141,1282,3312,1876,46,17,19,217,2049,"AAME,AAT,ABOS,ABR.PRD,ABR.PRE,ABTS,ABUS,ABX,ACCS,ACDC","AHG,ALIT,ARMN,CDT,DLLL,HMY,HST,NOV,PLTM,QCML","AACBU,AHG,AHT.PRH,AIRTP,ALCY,ALCYU,ALDFU,ALF,ALFUU,ALIT"
2025-04-01,3147,980,3315,2181,46,14,15,214,2350,"AACBU,ABEO,ABEV,ABOS,ABR.PRD,ABR.PRE,ABTS,ABUS,ABVE,ABX","AUUD,CBLL,CDT,DLLL,EFU,HMY,OLB,PLTM,RMTI,RNXT","ADIV,AFRI,AHT.PRD,AHT.PRF,AHT.PRI,AIRTP,ALCY,ALCYU,ALFUU,ALIT"
2025-04-02,3128,999,3320,2141,45,12,13,237,2334,"AACBU,AAT,ABEO,ABOS,ABR.PRD,ABR.PRE,ABTC,ABTS,ABUS,ABVE","ALIT,ARMN,CBLL,CDT,EDSA,HMY,KFIIU,PLTM,RMTI,RUN","AHT.PRD,AHT.PRF,AHT.PRH,AHT.PRI,AIRTP,ALCY,ALCYU,ALDFU,ALF,ALIT"
2025-04-03,3168,1297,3325,1888,46,17,22,203,2050,"AAT,ABOS,ABR.PRE,ABTS,ABVC,ABVE,ABX,ACCS,ACEL,ACET","AUUD,CDT,CRMLW,DLLL,HMY,JAKK,KVAC,NOV,OLB,ONCY","AACBU,ADIV,AHT.PRG,AIRTP,ALCY,ALCYU,ALF,ALFUU,ALIT,AMCI"
2025-04-04,3188,1623,3330,1585,47,20,23,189,1730,"AAME,ABR.PRD,ABR.PRE,ABTS,ABVC,ABX,ACCS,ACET,ACGLN,ACHV","ALIT,AUUD,CDT,DLLL,HMY,HST,MS.PRA,NOV,NRSN,NVGS","AACBU,AIRTP,ALCYU,ALDFU,ALFUU,ALIT,AMCI,ANSCU,ARKR,ARMN"
2025-04-07,3208,1641,3331,1586,46,19,24,169,1714,"AACB,AACBU,AAME,ABEO,ABR.PRE,ABTS,ABVC,ABVE,ABX,ACCS","ARMN,AUUD,CBLL,CDT,DLLL,HMY,HST,INHD,JAKK,NOV","AIM,AIRTP,ALCY,ALCYU,ALFUU,ALIT,AMCI,ANSCU,ARMN,ASPC"
2025-04-08,3177,1224,3335,1974,47,21,22,205,2133,"AACB,AACBU,AARD,ABEO,ABR.PRD,ABR.PRE,ABTS,ABX,ACCS,ACEL","AUUD,CBLL,CDT,DLLL,ETHM,HMY,HST,IMCC,NOV,NVGS","AAME,ADXN,AIM,AIRTP,ALCY,ALCYU,ALDFU,ALF,ALFUU,ALIT"
2025-04-09,3165,1373,3336,1814,47,22,20,218,1983,"AAME,AARD,ABEO,ABOS,ABR.PRD,ABR.PRE,ABTS,ABUS,ABVE,ABX","ALIT,AUUD,CBLL,CDT,DLLL,FIHL,HMY,HST,JAKK,MAC","AACB,AACBU,ADXN,AHT.PRF,AIM,AIRTP,ALCY,ALCYU,ALIT,AMCI"
2025-04-10,3168,1236,3339,1951,47,19,19,218,2122,"AACB,AAME,ABEV,ABOS,ABR.PRD,ABTS,ABUS,ABVC,ABX,ACB","ALIT,AUUD,CBLL,CDT,HMY,HST,MAC,NOV,NVGS,OLB","AACBU,ACCS,AHT.PRG,AIM,AIRTP,ALCY,ALCYU,ALDFU,ALF,ALFUU"
2025-04-11,3155,1006,3340,2163,45,14,9,230,2343,"AACBU,AAME,AARD,AAT,ABEV,ABOS,ABR.PRD,ABR.PRE,ABTS,ABUS","ALIT,ARMN,CBLL,CDT,HMY,MAC,NRSN,NVGS,ONCY,RUN","ADXN,AGM.PRG,AHT.PRD,AHT.PRF,AHT.PRG,AHT.PRI,AIM,AIRTP,ALCYU,ALDFU"
2025-04-14,3163,1254,3340,1924,46,15,19,223,2105,"AACB,AAME,AARD,AAT,ABOS,ABR.PRD,ABR.PRE,ABTS,ABVE,ABX","ALIT,ARMN,CBLL,CDT,DLLL,HMY,MAC,MS.PRA,NOV,NVGS","AACBU,ADAG,AIM,AIRTP,ALCY,ALCYU,ALDFU,ALFUU,ALIT,AMCI"
2025-04-15,3153,985,3340,2179,46,11,13,233,2368,"AACB,AAME,AARD,ABEV,ABOS,ABR.PRD,ABR.PRE,ABX,ACB,ACCS","CBLL,CDT,CSPI,DLLL,HMY,JAKK,PLTM,RUN,SUUN,TNDM","AACBU,ADIV,AIM,AIRTP,ALDFU,ALFUU,ALIT,AMCI,ANL,ANSCU"
2025-04-16,3139,1032,3340,2119,45,12,14,246,2322,"AACB,AACBU,AAME,AAT,ABCL,ABOS,ABR.PRD,ABTC,ABTS,ABUS","AHG,ALIT,ARMN,CDT,HMY,HST,NERV,NOV,NVGS,RDHL","ACCS,ADXN,AFRI,AHG,AIM,AIRTP,ALCY,ALCYU,ALFUU,ALIT"
2025-04-17,3141,1028,3343,2129,44,16,14,246,2329,"AAME,ABCL,ABEO,ABOS,ABR.PRD,ABR.PRE,ABTS,ABUS,ABVC,ABVE","CDT,HMY,JAKK,MAC,ONCY,PGHY,PTHS,RDHL,RNXT,RUN","AACB,AACBU,ADIV,ADXN,AHT.PRD,AIM,AIRTP,ALCY,ALCYU,ALDFU"
2025-04-21,3166,1172,3349,2010,47,16,17,230,2194,"AAME,AARD,ABOS,ABR.PRD,ABR.PRE,ABTS,ABVC,ABVE,ACCS,ACDC","ARMN,AUUD,CDT,DLLL,FITBO,HMY,HST,INHD,NOV,PLTM","AACB,AACBU,ADAMZ,ADIV,AIM,AIRTP,ALCY,ALCYU,ALDFU,ALF"
2025-04-22,3170,1024,3353,2163,46,17,14,229,2343,"AACB,AAME,AARD,ABR.PRD,ABR.PRE,ABTS,ABUS,ABVE,ABX,ACB","ARMN,AUUD,CDT,FITBO,HMY,INHD,MAC,NOV,NRSN,PTHS","AACBU,ADAMZ,ADXN,AHT.PRI,AIM,AIRTP,ALCY,ALCYU,ALDF,ALFUU"
2025-04-23,3166,1263,3356,1923,47,20,16,237,2109,"AACB,AACBU,AAME,AARD,AAT,ABR.PRD,ABR.PRE,ABTS,ABUS,ABVE","ALIT,ARMN,AUUD,CDT,DLLL,FIHL,HBNB,HMY,HST,JAKK","AIHS,AIM,AIRTP,ALCYU,ALDF,ALDFU,ALFUU,ALIT,AMCI,ANSCU"
2025-04-24,3174,1015,3357,2176,46,17,16,229,2358,"AACB,AACBU,AAME,AARD,AAT,ABEO,ABOS,ABR.PRD,ABR.PRE,ABTC","ALIT,AUUD,CDT,DLLL,FIHL,HMY,HST,NOV,ONCY,PTHS","ADIV,ADXN,AHT.PRD,AHT.PRF,AHT.PRG,AHT.PRH,AHT.PRI,AIM,AIRTP,ALCY"
2025-04-25,3164,1092,3363,2086,46,14,18,245,2289,"AACB,AACBU,AAME,ABR.PRD,ABR.PRE,ABTS,ABUS,ABVC,ABVE,ABX","CBLL,CDT,DLLL,HMY,KBAB,NVGS,OLB,PTHS,RNXT,RUN","ADIV,AIM,AIRTP,ALCYU,ALDFU,ALF,ALFUU,ALIT,AMCI,AMS"
2025-04-28,3196,1140,3364,2072,45,16,24,213,2248,"AACB,AACBU,AAME,AAT,ABOS,ABR.PRD,ABR.PRE,ABTS,ABUS,ABVC","CDT,ELIS,HMY,IVF,MAC,NOV,OLB,PLTM,PTHS,RDHL","ADAMZ,AIM,AIRTP,ALCY,ALCYU,ALDFU,ALFUU,ALIT,AMCI,ANSCU"
2025-04-29,3167,998,3366,2183,46,14,18,245,2386,"AACB,ABR,ABR.PRD,ABR.PRE,ABTS,ABUS,ABVC,ACB,ACCO,ACEL","AUUD,CBLL,CDT,HMY,HST,IVF,NOV,OLB,ONCY,RMTI","AACBU,AAME,ACCS,ADAMZ,ADIV,ADXN,AGM.PRG,AHT.PRH,AIM,AIRTP"
2025-04-30,3183,969,3368,2229,46,15,15,231,2414,"AACBU,AARD,ABOS,ABR.PRD,ABR.PRE,ABTC,ABTS,ABUS,ABVC,ABX","CDT,EEIQ,HMY,IVF,JAKK,NOV,NVGS,OLB,PLTM,PTHS","AACB,AAME,ADIV,AIM,AIRTP,ALCY,ALCYU,ALF,ALFUU,ALIT"
2025-05-01,3179,1064,3370,2126,46,11,18,237,2324,"AAME,AARD,AAT,ABOS,ABR.PRD,ABR.PRE,ABTS,ABUS,ABX,ACCO","ARMN,CDT,HMY,IVF,JAKK,OLB,PTHS,RDHL,RUN,SUUN","AACB,AACBU,ADIV,ADXN,AGM.PRF,AHT.PRH,AHT.PRI,AIHS,AIM,AIRTP"
2025-05-02,3203,1026,3375,2194,44,17,12,216,2361,"AACB,AACBU,AAME,AAT,ABEV,ABOS,ABR,ABR.PRD,ABR.PRE,ABTS","ARMN,CDT,HMY,HST,IVF,JAKK,LSTA,NOV,NRSN,OLB","ACCS,ADIV,AHT.PRH,AIM,AIRTP,ALCY,ALCYU,ALDFU,ALIT,AMCI"
2025-05-05,3176,1242,3376,1955,45,21,18,245,2152,"AACBU,ABR.PRD,ABR.PRE,ABTS,ABX,ACCO,ACCS,ACDC,ACEL,ACGLN","CDT,HMY,HST,INHD,IVF,JAKK,MAC,NOV,NVGS,OLB","AACB,AAME,ADIV,AIM,AIRTP,ALCY,ALCYU,ALDF,ALF,ALIT"
2025-05-06,3163,1079,3378,2096,45,12,15,260,2314,"AACBU,AARD,AAT,ABR.PRD,ABR.PRE,ABTC,ABTS,ABUS,ABVC,ACB","AUUD,CDT,DLLL,HMY,IVF,MAC,OLB,PLTM,RMTI,RUN","AACB,AAME,ADAG,AHT.PRD,AHT.PRH,AHT.PRI,AIM,AIRTP,ALCY,ALCYU"
2025-05-07,3155,1078,3381,2087,46,10,22,272,2325,"AAME,AAT,ABOS,ABR.PRD,ABR.PRE,ABTS,ABVC,ABX,ACB,ACCO","ARMN,CDT,HMY,IVF,JAKK,PLTM,RUN,SABR,SUUN,YYAI","AACB,AACBU,ADC.PRA,AHT.PRD,AHT.PRH,AIM,AIRTP,ALCYU,ALDF,ALDFU"
2025-05-08,3206,1167,3383,2052,45,13,22,222,2238,"AACB,AACBU,AAME,AARD,AAT,ABOS,ABR.PRD,ABTS,ABUS,ACCO","ALIT,CDT,DLLL,HMY,IVF,RMTI,RUN,SABR,SKIN,SUUN","ABR.PRE,ADIV,AHT.PRD,AIM,AIRTP,ALCY,ALCYU,ALF,ALFUU,ALIT"
2025-05-09,3161,1034,3385,2140,44,13,18,268,2369,"AACB,AACBU,AAME,AARD,AAT,ABOS,ABR.PRD,ABR.PRE,ABTS,ABUS","CDT,DLLL,EFU,HMY,IVF,JAKK,NOV,ONCY,RUN,SKIN","ADAMZ,ADIV,AHT.PRD,AHT.PRF,AHT.PRH,AIM,AIRTP,ALCY,ALCYU,ALFUU"
2025-05-12,3232,1528,3387,1729,46,25,29,201,1888,"AACBU,AAME,AARD,ABOS,ABR.PRD,ABR.PRE,ABUS,ABVC,ABX,ACCS","ARMN,AUUD,BNKD,CDT,DLLL,EDSA,HMY,HST,IVF,JAKK","AACB,AHT.PRD,AHT.PRH,AIM,AIRTP,ALCYU,ALFUU,ALIT,ANSCU,ARMN"
2025-05-13,3233,1105,3391,2147,47,19,15,205,2301,"AACB,AACBU,AAME,AARD,AAT,ABOS,ABR,ABR.PRD,ABR.PRE,ABUS","CDT,DLLL,EWV,HMY,INHD,IVF,NRSN,NVGS,OLB,PLTM","ADAMZ,AIM,AIRTP,ALCYU,ALF,ALIT,AMCI,ANSCU,ARMN,AUUD"
2025-05-14,3211,1066,3393,2164,46,19,17,228,2344,"AACB,AARD,AAT,ABEO,ABOS,ABR.PRD,ABR.PRE,ABX,ACCO,ACCS","ALIT,CDT,DLLL,HMY,INHD,IVF,JAKK,MAC,NRSN,PLTM","AACBU,AIM,AIRTP,ALDFU,ALF,ALIT,AMCI,ANSC,ANSCU,APWC"
2025-05-15,3192,1011,3396,2196,46,15,12,250,2397,"AACBU,AAME,AARD,AAT,ABEV,ABR.PRD,ABR.PRE,ABUS,ABVC,ABX","AUUD,CDT,DLLL,HMY,INHD,IVF,NOV,NVGS,PGHY,PTHS","AACB,ACCS,ADIV,ADXN,AHT.PRF,AHT.PRG,AHT.PRH,AIM,AIRTP,ALCY"
2025-05-16,3187,944,3398,2261,47,18,17,258,2471,"AAME,AARD,AAT,ABOS,ABR.PRD,ABR.PRE,ABUS,ABVC,ABX,ACCO","ALIT,ARMN,AUUD,CDT,FXP,HMY,INHD,IVF,ONCY,PDX","AACB,AACBU,AHT.PRD,AIM,AIRTP,ALCYU,ALDFU,ALFUU,ALIT,AMBO"
2025-05-19,3205,1210,3399,2012,45,17,21,239,2210,"AACB,AAME,AARD,AAT,ABOS,ABUS,ABX,ACB,ACEL,ACGLN","ALIT,ARMN,AUUD,CDT,DLLL,HMY,INHD,IVF,NRSN,QSEA","AACBU,ACCS,ADXN,AIM,AIRTP,ALCYU,ALDFU,ALF,ALFUU,ALIT"
2025-05-20,3188,975,3399,2225,46,12,19,257,2443,"AAME,AARD,AAT,ABOS,ABR.PRD,ABR.PRE,ABUS,ABVC,ABX,ACCS","ARMN,DLLL,HMY,INHD,IVF,NRSN,PGHY,PLTM,RDHL,RUN","AACB,AACBU,ADIV,ADXN,AGQI,AIM,AIRTP,ALCY,ALCYU,ALF"
2025-05-21,3187,1020,3400,2183,44,16,16,257,2396,"AAME,AARD,AAT,ABEO,ABOS,ABR.PRD,ABR.PRE,ABVC,ABVE,ABX","ALIT,CDT,GENM,HMY,HST,INHD,IVF,NRSN,ONCY,PLTM","AACB,AACBU,AFRI,AHT.PRD,AIFU,AIM,AIRTP,ALCYU,ALDF,ALDFU"
2025-05-22,3181,1026,3403,2172,47,17,19,269,2396,"AACB,AACBU,AAME,AARD,AAT,ABOS,ABR.PRD,ABR.PRE,ABUS,ABVC","AACIU,ALIT,ARMN,BKHA,CDT,HMY,INHD,IVF,NOV,OLB","AHT.PRD,AHT.PRF,AHT.PRG,AIHS,AIM,AIRTP,ALCY,ALCYU,ALDFU,ALF"
2025-05-23,3200,1163,3407,2051,47,14,21,254,2265,"AACB,AAME,AARD,AAT,ABEV,ABOS,ABR.PRD,ABR.PRE,ABVC,ABX","ALIT,CDT,DLLL,HMY,INHD,IVF,NRSN,ONCY,PLTM,PTHS","AACBU,ADIV,ADXN,AHT.PRD,AHT.PRH,AIM,AIRTP,ALCY,ALCYU,ALFUU"
2025-05-27,3231,1208,3408,2041,44,18,20,221,2220,"AACBU,AAME,AARD,AAT,ABOS,ABR.PRD,ABR.PRE,ABTS,ABUS,ABX","ARMN,CDT,DLLL,HMY,INHD,IVF,MAC,NOV,NRSN,NVGS","AACB,ADIV,ADXN,AHT.PRD,AHT.PRF,AHT.PRH,AIM,AIRTP,ALCY,ALCYU"
2025-05-28,3238,942,3411,2307,47,11,16,220,2485,"AACBU,AAME,AARD,AAT,ABEO,ABEV,ABOS,ABR.PRD,ABR.PRE,ABTS","ARMN,CDT,DLLL,HMY,IMCC,INHD,IVF,JAKK,NRSN,RUN","AACB,ADIV,ADXN,AHT.PRH,AIM,AIRTP,ALCY,ALDFU,ALFUU,ALIT"
2025-05-29,3204,1055,3414,2165,47,16,20,257,2379,"AACBU,AAME,AARD,AAT,ABEV,ABOS,ABR.PRD,ABR.PRE,ABTS,ABUS","CDT,DLLL,HMY,HST,IMCC,INHD,IVF,JAKK,MAC,NRSN","AACB,AHT.PRF,AHT.PRH,AHT.PRI,AIM,AIRTP,ALCY,ALCYU,ALDFU,ALF"
2025-05-30,3219,848,3415,2387,46,16,12,242,2579,"AACB,AACBU,AAME,AARD,AAT,ABEO,ABEV,ABOS,ABR.PRD,ABR.PRE","CDT,DLLL,EDSA,EWV,HMY,IMCC,INHD,IVF,MUD,NVGS","ADIV,AHT.PRF,AHT.PRI,AIM,AIRTP,ALCYU,ALFUU,ALIT,AMCI,ANSCU"
2025-06-02,3223,1108,3420,2135,47,20,13,244,2325,"AACB,AACBU,AARD,AAT,ABEO,ABEV,ABOS,ABR.PRD,ABR.PRE,ABTS","ARMN,CDT,DLLL,EDSA,HMY,HST,IMCC,INHD,IVF,JAKK","ADIV,AHT.PRD,AHT.PRH,AIM,AIRTP,ALCY,ALCYU,ALDFU,ALFUU,ALIT"
2025-06-03,3231,979,3420,2268,46,16,14,235,2455,"AACBU,AAME,AARD,AAT,ABAT,ABEV,ABOS,ABR.PRE,ABTS,ABUS","ALIT,CDT,HMY,IMCC,INHD,IVF,NOV,NRSN,OLB,PGHY","AACB,ADIV,AHT.PRH,AHT.PRI,AIM,AIRTP,ALCY,ALCYU,ALFUU,ALIT"
2025-06-04,3217,1002,3421,2234,47,19,16,251,2435,"AACB,AACBU,AAME,AARD,AAT,ABEO,ABOS,ABR.PRD,ABR.PRE,ABTS","ARMN,AUUD,BGMSP,CDT,DLLL,HMY,IMCC,INHD,IVF,NOV","ADAMZ,AHT.PRF,AHT.PRG,AHT.PRH,AIM,AIRTP,ALCY,ALCYU,ALDFU,ALFUU"
2025-06-05,3208,972,3423,2256,46,20,14,261,2465,"AACB,AACBU,AAME,AARD,AAT,ABEO,ABOS,ABR.PRD,ABR.PRE,ABTS","ARMN,ASPC,AUUD,CDT,CHAR,DLLL,GSUN,HMY,IMCC,INHD","ADIV,AHT.PRD,AHT.PRF,AIM,AIRTP,ALCYU,ALDFU,ALFUU,ALIT,AMCI"
2025-06-06,3219,872,3425,2362,45,15,14,251,2567,"AACB,AACBU,AAME,AARD,AAT,ABEO,ABOS,ABR.PRD,ABR.PRE,ABTS","ARMN,CBLL,CDT,HMY,IMCC,INHD,IVF,OLB,ONCY,PLTM","AHT.PRD,AHT.PRH,AIM,AIRTP,ALCY,ALCYU,ALDFU,ALIT,AMCI,AMPX.WS"
2025-06-09,3233,1182,3427,2070,44,19,18,238,2263,"AACB,AAME,AARD,AAT,ABOS,ABR.PRD,ABR.PRE,ABTS,ABUS,ABVC","ARMN,ASPC,AUUD,CDT,DLLL,HMY,HST,IMCC,INHD,IVF","AACBU,AHT.PRF,AHT.PRH,AIM,AIRTP,ALCY,ALCYU,ALDFU,ALFUU,ALIT"
2025-06-10,3233,1038,3429,2213,46,18,14,242,2405,"AACBU,AAME,AARD,AAT,ABEO,ABEV,ABR.PRD,ABR.PRE,ABTS,ABUS","ARMN,CDT,DLLL,HMY,IMCC,INHD,IVF,JAKK,MAC,ONCY","AACB,AHT.PRF,AIM,AIRTP,ALCY,ALCYU,ALDFU,ALF,ALFUU,ALIT"
2025-06-11,3216,999,3430,2235,47,18,13,261,2444,"AACBU,AAME,AARD,AAT,ABEO,ABOS,ABR,ABR.PRD,ABR.PRE,ABVC","ARMN,CDT,DLLL,FIHL,HMY,IMCC,INHD,IVF,JAKK,NOV","AACB,AHT.PRG,AHT.PRH,AIM,AIRTP,ALCY,ALCYU,ALDFU,ALFUU,ALIT"
2025-06-12,3215,1112,3434,2121,47,18,19,266,2341,"AACB,AAME,AARD,AAT,ABOS,ABR,ABR.PRD,ABR.PRE,ABTS,ABUS","ARMN,ASIC,CDT,DBE,DLLL,HMY,HST,IMCC,INHD,IVF","AACBU,AHG,AHT.PRD,AIM,AIRTP,ALCY,ALCYU,ALFUU,ALIT,AMAX"
2025-06-13,3206,1267,3439,1961,44,22,18,277,2190,"AACBU,AAME,AARD,AAT,ABEO,ABEV,ABOS,ABR.PRD,ABR.PRE,ABTS","ALIT,ARMN,CDT,DBE,DLLL,EDSA,HMY,HST,INHD,IVF","AACB,AIM,AIRTP,ALCY,ALCYU,ALDFU,ALIT,AMCI,ANSC,ANSCU"
2025-06-16,3264,1233,3442,2048,46,17,18,224,2227,"AACB,AACBU,AAME,AARD,AAT,ABEO,ABOS,ABR.PRD,ABR.PRE,ABTS","ARMN,EDSA,HMY,HST,IMCC,INHD,IVF,NRSN,ONCY,PGHY","ADXN,AHT.PRD,AIM,AIRTP,ALCY,ALCYU,ALIT,AMAX,AMBO,ANSC"
2025-06-17,3239,1057,3444,2199,44,17,15,249,2402,"AACB,AACBU,AAME,AARD,AAT,ABEO,ABR.PRD,ABR.PRE,ABTS,ABUS","ASPC,CDT,EDSA,HMY,IMCC,INHD,IVF,JAKK,NRSN,PLTM","AGQI,AHT.PRD,AHT.PRG,AIRTP,ALCY,ALDFU,ALFUU,ALIT,AMCI,ANSCU"
2025-06-18,3237,978,3448,2274,47,15,18,258,2488,"AACBU,AAME,AARD,AAT,ABEO,ABOS,ABR.PRD,ABR.PRE,ABTS,ABUS","ARMN,ASIC,CDT,DBE,HMY,IMCC,INHD,IVF,NRSN,ONCY","AACB,ADAMZ,AHT.PRD,AHT.PRF,AHT.PRH,AIRTP,ALCY,ALCYU,ALF,ALFUU"
2025-06-20,3247,1144,3451,2125,48,22,21,252,2328,"AAME,AARD,AAT,ABR.PRD,ABR.PRE,ABTS,ABUS,ABVC,ABVE,ACCS","ALIT,ARMN,ASPC,CDT,EFU,HMY,IMCC,INHD,NOV,NRSN","AACB,AACBU,ADAMZ,AHG,AHT.PRH,AHT.PRI,AIRTP,ALCY,ALCYU,ALDFU"
2025-06-23,3274,1272,3455,2024,48,22,22,229,2205,"AACB,AAME,AARD,AAT,ABEO,ABOS,ABR.PRD,ABR.PRE,ABTS,ABUS","ARMN,AUUD,CBLL,CDT,DLLL,EDSA,HMY,IMCC,INHD,IVF","AACBU,ADIV,ADXN,AHT.PRD,AHT.PRG,AIRTP,ALCY,ALCYU,ALDF,ALDFU"
2025-06-24,3258,1120,3459,2156,48,18,19,249,2358,"AAME,AAT,ABEO,ABEV,ABR.PRD,ABR.PRE,ABTS,ABUS,ABVE,ABX","ARMN,CDT,FIHL,HMY,HST,INHD,IVF,NOV,NRSN,OLB","AACB,AACBU,ADIV,AFRI,AHT.PRF,AHT.PRI,AIRTP,ALCY,ALCYU,ALDF"
2025-06-25,3231,1047,3462,2200,46,16,19,277,2434,"AAME,AARD,AAT,ABEO,ABR,ABR.PRD,ABR.PRE,ABTS,ABVE,ABX","CDT,DLLL,EFU,HMY,IMCC,IVF,NOV,ONCY,PLTM,RDHL","AACB,AACBU,ADAMZ,ADIV,ADXN,AHT.PRD,AHT.PRF,AHT.PRI,AIRTP,ALCY"
2025-06-26,3242,978,3466,2274,45,10,16,269,2504,"AAME,AARD,AAT,ABOS,ABR.PRD,ABR.PRE,ABTS,ABUS,ABVE,ABX","ARMN,CDT,HMY,IVF,NRSN,PLTM,RDHL,RMTI,RUN,SKIN","AACB,AACBU,AHT.PRH,AIRTP,ALCY,ALCYU,ALDFU,ALF,ALFUU,ALIT"
2025-06-27,3261,1026,3468,2249,45,14,17,252,2459,"AACBU,AAME,AARD,AAT,ABEO,ABEV,ABR.PRD,ABR.PRE,ABTS,ABVC","AUUD,CDT,DLLL,DZZ,HMY,IVF,NOV,ONCY,PLTM,RMTI","AACB,ADAG,ADAMZ,AHT.PRD,AHT.PRF,AHT.PRG,AIRTP,ALCY,ALCYU,ALDFU"
2025-06-30,3286,1219,3471,2087,47,20,23,232,2275,"AACB,AACBU,AAME,AAPD,AARD,AAT,ABR.PRD,ABR.PRE,ABTS,ABUS","AUUD,CDT,DLLL,HMY,IMCC,INHD,IVF,JAKK,NOV,NVGS","AHG,AHT.PRH,AHT.PRI,AIRTP,ALCY,ALCYU,ALDFU,ALFUU,ALIT,AMCI"
2025-07-01,3273,1070,3476,2217,47,14,19,250,2425,"AAME,AARD,AAT,ABEO,ABOS,ABR.PRD,ABR.PRE,ABTS,ABUS,ABVE","CDT,DLLL,HMY,INHD,IVF,JAKK,OLB,ONCY,PLTM,PTHS","AACB,AACBU,ACCS,AEBI,AHT.PRD,AHT.PRF,AIRTP,ALCY,ALCYU,ALDFU"
2025-07-02,3263,990,3484,2287,48,14,19,269,2513,"AACB,AACBU,AARD,AAT,ABOS,ABR.PRD,ABR.PRE,ABUS,ABX,ACCO","ALIT,AUUD,CDT,GENVR,HMY,HST,IVF,NOV,OLB,PCCE","AHT.PRG,AHT.PRH,AIRTP,ALCY,ALCYU,ALDFU,ALF,ALFUU,ALIT,AMCI"
2025-07-03,3266,1036,3484,2243,47,13,17,265,2465,"AACB,AAME,AARD,AAT,ABEO,ABOS,ABR.PRD,ABR.PRE,ABUS,ABX","ALIT,AUUD,CDT,DLLL,HMY,HST,IVF,OLB,ONCY,PLTM","AACBU,AHT.PRD,AHT.PRF,AHT.PRG,AIRTP,ALCY,ALCYU,ALDFU,ALFUU,ALIT"
2025-07-07,3278,1266,3487,2026,48,14,20,257,2241,"AACB,AACBU,AAME,AARD,AAT,ABEV,ABOS,ABR.PRD,ABR.PRE,ABTS","AUUD,CDT,DMAA,HMY,HST,INHD,IVF,NVGS,OLB,ONCY","AHT.PRF,AHT.PRH,AIRTP,ALCY,ALCYU,ALDF,ALDFU,ALF,ALFUU,ALIT"
2025-07-08,3265,1024,3488,2255,46,14,15,269,2479,"AAME,AARD,AAT,ABEO,ABEV,ABOS,ABR.PRD,ABR.PRE,ABUS,ACB","ALIT,CDT,HMY,INHD,IVF,NRSN,ONCY,PLTM,PTHS,RMTI","AACB,AACBU,ADXN,AGQI,AHT.PRF,AHT.PRG,AHT.PRH,AIRTP,ALCY,ALCYU"
2025-07-09,3261,994,3488,2281,48,14,17,275,2511,"AAME,AARD,AAT,ABEO,ABEV,ABOS,ABR.PRD,ABR.PRE,ABTS,ABUS","AUUD,CDT,HMY,INHD,IVF,ONCY,PDX,PLTM,PTHS,RDHL","AACB,AACBU,AGQI,AHT.PRF,AHT.PRH,AHT.PRI,AIRTP,ALCY,ALCYU,ALDF"
2025-07-10,3264,1069,3489,2211,47,16,18,272,2438,"AACB,AAME,AAPD,AARD,AAT,ABOS,ABR.PRD,ABR.PRE,ABTS,ABUS","AUUD,CDT,DLLL,EURK,HMY,IMCC,INHD,IVF,ONCY,PHAR","AACBU,AHT.PRH,AIRTP,ALCY,ALCYU,ALDFU,ALF,ALFUU,ALIT,ANSCU"
2025-07-11,3273,1165,3493,2126,47,18,18,267,2346,"AACBU,AAME,AARD,AAT,ABEO,ABOS,ABR.PRD,ABR.PRE,ABTS,ABUS","ARMN,AUUD,CDT,HMY,INHD,IVF,KVAC,NOV,OLB,ONCY","AACB,AALG,AGQI,AHT.PRI,AIRTP,ALCY,ALCYU,ALDFU,ALFUU,ALIT"
2025-07-14,3286,1289,3496,2012,47,15,29,257,2236,"AALG,AARD,AAT,ABR.PRD,ABR.PRE,ABUS,ACCO,ACCS,ACDC,ACGLN","ALIT,ARMN,CDT,HMY,IVF,OLB,ONCY,PLTM,RMTI,RUN","AACB,AACBU,AIRTP,ALCY,ALCYU,ALDFU,ALFUU,ALIT,ANSCU,ARMN"
2025-07-15,3295,1085,3503,2225,46,15,20,254,2438,"AACB,AACBU,AALG,AAME,AARD,AAT,ABR.PRD,ABR.PRE,ABUS,ABVC","ARMN,AUUD,BKHAR,CDT,DLLL,EDSA,HMY,INHD,NOV,OLB","AGQI,AIRTP,ALCY,ALCYU,ALFUU,ALIT,AMCI,ANL,ANSCU,ARL"
2025-07-16,3270,1048,3507,2235,46,13,17,283,2476,"AALG,AAME,AARD,AAT,ABEO,ABEV,ABR.PRD,ABR.PRE,ABUS,ABX","AUUD,BKHAR,CDT,HMY,INHD,IVF,NOWL,OLB,PLTM,RMTI","AACB,AACBU,AHT.PRH,AIRTP,ALCY,ALCYU,ALDF,ALDFU,ALF,ALFUU"
2025-07-17,3277,1149,3509,2142,48,14,17,280,2377,"AACB,AALG,AAME,AARD,ABEO,ABEV,ABR.PRD,ABTS,ABUS,ABX","ALIT,CDT,HMY,HST,INHD,OLB,ONCY,PLTM,RMTI,RNXT","AACBU,ABR.PRE,ADXN,AGQI,AIRTP,ALCY,ALCYU,ALDF,ALFUU,ALIT"
2025-07-18,3284,1112,3510,2191,48,19,20,274,2418,"AALG,AAME,AARD,AAT,ABEO,ABR.PRD,ABR.PRE,ACB,ACCO,ACCS","BOED,BRLS,DLLL,EDSA,HMY,HST,IMCC,INHD,IVF,NRSN","AACB,AACBU,AHT.PRG,AIRTP,ALCY,ALCYU,ALDF,ALDFU,ALIT,AMAX"
2025-07-21,3320,1341,3513,2002,48,23,16,241,2188,"AALG,AAME,AARD,ABR.PRE,ABUS,ACB,ACCO,ACCS,ACEL,ACGLN","ALCY,ALIT,CDT,DLLL,FIHL,HMY,HST,IMCC,INHD,NOV","AACB,AACBU,AIRTP,ALCY,ALCYU,ALDF,ALIT,AMCI,ANSCU,ARMN"
2025-07-22,3279,1117,3515,2178,47,16,17,283,2415,"AALG,AAME,AARD,AAT,ABEO,ABR,ABR.PRD,ABR.PRE,ABUS,ABX","ARMN,CDT,DLLL,EDSA,HMY,IPHA,IVF,KVAC,LCFYW,NOV","AACB,AACBU,AIRTP,ALCY,ALCYU,ALDF,ALDFU,ALIT,AMCI,ANSC"
2025-07-23,3290,1191,3519,2117,45,18,20,274,2348,"AACBU,AALG,AAME,AARD,AAT,ABEO,ABEV,ABR.PRD,ABR.PRE,ABTS","ALIT,EXOZ,FIHL,HMY,IVF,JAKK,MSC,NOV,NRSN,OLB","AACB,AIRTP,ALCY,ALCYU,ALDFU,ALIT,AMCI,ANSC,ANSCU,ARMN"
2025-07-24,3268,1152,3523,2136,48,20,23,303,2394,"AACB,AARD,AAT,ABEO,ABR.PRD,ABR.PRE,ABTS,ABUS,ABVC,ABX","ALIT,ARMN,ATGL,CDT,FBYD,HMY,HST,INHD,IVF,KVAC","AACBU,AAME,ADXN,AHT.PRD,AHT.PRF,AHT.PRH,AHT.PRI,AIRTP,ALCY,ALCYU"
2025-07-25,3283,1030,3525,2271,45,18,15,287,2510,"AAME,AARD,AAT,ABEO,ABEV,ABR.PRD,ABR.PRE,ABTS,ABUS,ABX","ALIT,ARMN,BGMSP,CDT,EDSA,HMY,HST,IFBD,IMCC,INHD","AACB,AACBU,ADAMZ,AFRI,AHT.PRG,AHT.PRI,AIM,AIRTP,ALCY,ALCYU"
2025-07-28,3311,1312,3526,2019,47,20,21,262,2235,"AACBU,AAME,AARD,AAT,ABOS,ABR.PRD,ABR.PRE,ABTS,ABVC,ABX","HMY,INHD,IVF,JAKK,NEOVW,NOV,NRSN,OLB,ONCY,PDX","AACB,AIRTP,ALCY,ALCYU,ALDFU,ALFUU,ALIT,AMCI,ANSC,ANSCU"
2025-07-29,3302,1080,3527,2240,48,18,18,273,2465,"AACB,AAME,AARD,AAT,ABEO,ABEV,ABR.PRD,ABR.PRE,ABTS,ABVC","ARMN,CDT,DGICB,DLLL,HMY,INHD,IVF,JAKK,KVAC,NOV","AACBU,ADXN,AHT.PRG,AIBD,AIRTP,ALCY,ALCYU,ALDF,ALDFU,ALF"
2025-07-30,3283,1024,3529,2276,47,17,16,293,2521,"AACB,AALG,AAME,AARD,AAT,ABEO,ABOS,ABR,ABR.PRD,ABR.PRE","ARMN,CDT,HMY,INHD,IVF,KVAC,LCFYW,NOV,NRSN,OLB","AACBU,AGQI,AHT.PRG,AHT.PRH,AHT.PRI,AIRTP,ALCY,ALCYU,ALDF,ALDFU"
2025-07-31,3302,1164,3533,2159,48,21,22,279,2391,"AAME,AARD,AAT,ABOS,ABR.PRD,ABR.PRE,ABTS,ABUS,ABVC,ABX","ARMN,CDT,DLLL,DZZ,HMY,HST,INHD,IVF,MS.PRA,NOV","AACB,AACBU,ADXN,AGQI,AHT.PRG,AHT.PRH,AHT.PRI,AIRTP,ALCY,ALCYU"
2025-08-01,3313,1313,3536,2024,46,24,24,269,2247,"AALG,AAME,AARD,AAT,ABR.PRD,ABR.PRE,ABTS,ABVC,ABX,ACCO","ALIT,CDT,DLLL,HMY,HST,INHD,IVF,JAKK,NOV,NRSN","AACB,AACBU,AHT.PRF,AHT.PRI,AIRTP,ALCY,ALCYU,ALDFU,ALFUU,ALIT"
2025-08-04,3307,1236,3538,2087,47,16,25,278,2327,"AAME,AARD,AAT,ABOS,ABR.PRD,ABR.PRE,ABTS,ABVC,ABX,ACCO","DLLL,GURE,HMY,INHD,IVF,NOV,NRSN,OLB,PLTM,RDHL","AACB,AACBU,AFRI,AHT.PRD,AIRTP,ALCY,ALCYU,ALF,ALFUU,ALIT"
2025-08-05,3296,1090,3539,2224,48,18,16,291,2465,"AACBU,AALG,AAME,AARD,AAT,ABEO,ABOS,ABR.PRD,ABR.PRE,ABTS","ALIT,ARMN,AUUD,BKHAR,CDT,EDSA,HMY,INHD,IVF,NRSN","AACB,ADXN,AFRI,AHT.PRI,AIRTP,ALCY,ALCYU,ALDFU,ALFUU,ALIT"
2025-08-06,3299,1074,3543,2243,47,18,12,291,2481,"AACBU,AAME,AARD,AAT,ABEO,ABR,ABR.PRD,ABR.PRE,ABTS,ABVC","ALIT,ARMN,AUUD,BRIA,DLLL,HMY,IVF,MAC,NOV,NRSN","AACB,AALG,AHT.PRD,AHT.PRF,AIRTP,ALCY,ALCYU,ALFUU,ALIT,AMAX"
2025-08-07,3328,1210,3547,2136,47,18,21,266,2358,"AACB,AAME,AARD,AAT,ABOS,ABR.PRD,ABR.PRE,ABTS,ABUS,ABX","ALIT,ARMN,AUUD,HMY,IVF,KVAC,NOV,NVGS,OLB,ONCY","AACBU,ADXN,AGQI,AIRTP,ALCY,ALCYU,ALDFU,ALFUU,ALIT,AMCI"
2025-08-08,3284,1122,3550,2181,46,19,19,312,2447,"AACB,AALG,AAME,AARD,AAT,ABOS,ABR.PRE,ABTS,ABVC,ACB","ALIT,ANSCU,ARMN,AUUD,BHR.PRB,CDT,DLLL,FIHL,HMY,IVF","AACBU,ADAMZ,ADXN,AHT.PRI,AIBD,AII,AIRTP,ALCY,ALCYU,ALDFU"
2025-08-11,3323,1298,3553,2046,46,21,22,276,2277,"AALG,AAME,AARD,AAT,ABEO,ABOS,ABR.PRD,ABR.PRE,ABTS,ABVC","AIRTP,ALIT,ARMN,AUUD,HMY,INHD,IVF,KVAC,NOV,OLB","AACB,AACBU,ADXN,AHT.PRF,AHT.PRH,AHT.PRI,AIRTP,ALCY,ALCYU,ALFUU"
2025-08-12,3309,1090,3556,2238,47,19,15,294,2481,"AACB,AALG,AAME,AARD,AAT,ABR.PRD,ABR.PRE,ABTS,ABUS,ABVC","ALIT,AUUD,CDT,HMY,IMCC,INHD,IVF,MOLN,NOV,OLB","AACBU,AHT.PRH,AIRTP,ALCYU,ALFUU,ALIT,ALOT,AMCI,ANSC,ANSCU"
2025-08-13,3316,1175,3557,2163,48,22,23,289,2405,"AAME,AARD,AAT,ABEO,ABOS,ABR.PRD,ABR.PRE,ABTS,ABUS,ABVC","ALIT,ARMN,AUUD,DLLL,FIHL,HMY,IMCC,IVF,KVAC,NOV","AACB,AACBU,AHT.PRD,AHT.PRF,AHT.PRH,AIRTP,ALCY,ALCYU,ALFUU,ALIT"
2025-08-14,3298,1127,3559,2191,47,20,19,308,2451,"AACB,AALG,AAME,AARD,AAT,ABOS,ABR,ABR.PRD,ABR.PRE,ABTS","ALIT,ARMN,AUUD,CDT,DLLL,HMY,IVF,NRSN,OLB,ONCY","AACBU,AGQI,AHT.PRD,AHT.PRF,AIRTP,ALCY,ALCYU,ALDFU,ALFUU,ALIT"
2025-08-15,3310,1086,3563,2242,47,18,16,300,2493,"AACB,AALG,AAME,AARD,AAT,ABEV,ABOS,ABR.PRD,ABR.PRE,ABUS","ALIT,ASIC,AUUD,BHR.PRD,CDT,EDSA,HMY,HST,IVF,NOV","AACBU,ABTS,AGM.PRG,AGQI,AHT.PRF,AHT.PRG,AHT.PRH,AIRTP,ALCY,ALCYU"
2025-08-18,3323,1244,3564,2100,47,21,21,288,2341,"AACB,AALG,AAME,AARD,AAT,ABEO,ABOS,ABR.PRD,ABR.PRE,ABUS","ALIT,AUUD,CDT,HMY,HST,IVF,JAKK,KVAC,NOV,NRSN","AACBU,ADXN,AHT.PRH,AHT.PRI,AIRTP,ALCY,ALCYU,ALFUU,ALIT,ALOT"
2025-08-19,3340,1065,3566,2293,47,18,18,273,2519,"AALG,AAME,AARD,ABEO,ABOS,ABR.PRD,ABR.PRE,ABTS,ABUS,ACCS","ALIT,ARMN,AUUD,EDUC,EFU,HMY,HST,IMCC,INHD,IVF","AACB,AACBU,AHT.PRI,AIRTP,ALCY,ALCYU,ALDF,ALDFU,ALFUU,ALIT"
2025-08-20,3321,1000,3567,2335,48,14,16,294,2583,"AACB,AALG,AAME,AARD,AAT,ABEV,ABOS,ABR.PRD,ABR.PRE,ABTS","ALIT,AUUD,HMY,INHD,IVF,KVAC,NOV,OLB,PLTM,RDHL","AACBU,ADXN,AHT.PRG,AHT.PRH,AHT.PRI,AIRTP,ALCY,ALCYU,ALDFU,ALFUU"
2025-08-21,3304,1028,3570,2296,46,20,13,312,2555,"AACB,AALG,AAME,AARD,AAT,ABEO,ABOS,ABR.PRD,ABR.PRE,ABTS","ALIT,AUUD,BOED,CDT,DLLL,FIHL,HMY,IVF,NOV,OLB","AACBU,ADXN,AGQI,AHT.PRD,AHT.PRF,AHT.PRG,AHT.PRH,AIRTP,ALCY,ALCYU"
2025-08-22,3307,1015,3573,2309,46,17,16,312,2574,"AALG,AAME,AARD,AAT,ABEV,ABOS,ABR.PRD,ABR.PRE,ABTS,ABX","ALIT,ARMN,AUUD,EDSA,HMY,IVF,KVAC,NOV,NRSN,OLB","AACB,AACBU,ACCS,ADIV,ADXN,AHT.PRD,AHT.PRG,AIRTP,ALCY,ALCYU"
2025-08-25,3321,1267,3573,2072,46,18,17,298,2323,"AALG,AARD,AAT,ABEO,ABR.PRD,ABR.PRE,ABTS,ABVC,ABX,ACCO","ALIT,ARMN,AUUD,DZZ,HMY,IVF,NOV,NRSN,OLB,ONCY","AACB,AACBU,AHT.PRH,AIRTP,ALCY,ALCYU,ALDF,ALDFU,ALF,ALFUU"
2025-08-26,3293,1027,3573,2284,46,18,13,326,2559,"AACB,AALG,AAME,AARD,AAT,ABEV,ABR.PRD,ABR.PRE,ABTS,ABUS","ALIT,ARMN,AUUD,HMY,INHD,IVF,KVAC,NRSN,ONCY,PLTM","AACBU,ADXN,AFRI,AHG,AHT.PRF,AHT.PRG,AHT.PRH,AHT.PRI,AIRTP,ALCY"
2025-08-27,3296,1033,3575,2282,46,19,12,325,2554,"AALG,AAME,AARD,AAT,ABEO,ABR.PRD,ABR.PRE,ABTS,ABUS,ABVC","ALIT,ARMN,AUUD,CDT,DLLL,HMY,HST,INHD,IVF,NOV","AACB,AACBU,ADXN,AGQI,AHT.PRF,AHT.PRG,AHT.PRH,AHT.PRI,AIRTP,ALCYU"
2025-08-28,3322,1035,3576,2306,46,19,16,300,2557,"AACB,AACBU,AALG,AAME,AARD,AAT,ABEO,ABOS,ABR.PRD,ABR.PRE","ALIT,ARMN,AUUD,CDT,DLLL,HDL,HMY,HST,INHD,IVF","ADIV,ADXN,AGQI,AHT.PRG,AHT.PRH,AIRTP,ALDF,ALDFU,ALFUU,ALIT"
2025-08-29,3296,997,3579,2317,46,18,10,329,2592,"AALG,AAME,AARD,AAT,ABEO,ABOS,ABR.PRD,ABTS,ABUS,ABVC","ALIT,ARMN,CDT,DLLL,HMY,INHD,IVF,KCHV,KVAC,MGIH","AACB,AACBU,ABR.PRE,ADXN,AHT.PRF,AHT.PRH,AHT.PRI,AIRTP,ALCYU,ALF"
2025-09-02,3359,1440,3579,1944,47,25,21,267,2160,"AACBU,AAME,AARD,ABEO,ABOS,ABR.PRD,ABR.PRE,ABTS,ABUS,ABX","ALIT,ARMN,AUUD,CDT,DLLL,FIHL,HMY,INHD,IVF,JAKK","AACB,AIRTP,ALCY,ALCYU,ALDF,ALDFU,ALF,ALFUU,ALIT,ANSC"
2025-09-03,3321,1091,3582,2252,47,22,14,308,2505,"AACBU,AALG,AAME,AARD,ABEO,ABOS,ABR,ABR.PRD,ABTC,ABTS","ALIT,ARMN,AUUD,CDT,DLLL,HMY,INHD,IVF,KVAC,NRSN","AACB,ABR.PRE,ACCS,ADIV,AHT.PRD,AHT.PRF,AIRTP,ALF,ALIT,ANSC"
2025-09-04,3316,1015,3586,2318,47,17,18,317,2589,"AALG,AARD,AAT,ABEO,ABEV,ABOS,ABR.PRD,ABR.PRE,ABTS,ABUS","ALIT,ARMN,AUUD,DLLL,EDSA,HMY,INHD,IVF,NOV,OLB","AACB,AACBU,ADXN,AHT.PRD,AHT.PRF,AHT.PRH,AHT.PRI,AIRTP,ALCY,ALCYU"
2025-09-05,3351,1018,3588,2351,47,18,14,284,2584,"AALG,AAME,AARD,AAT,ABEO,ABOS,ABR,ABR.PRD,ABR.PRE,ABTS","ALIT,AUUD,DLLL,HMY,IMCC,INHD,IVF,NOV,NRSN,ONCY","AACB,AACBU,ADXN,AHT.PRD,AHT.PRF,AHT.PRH,AHT.PRI,AIRTP,ALCY,ALCYU"
2025-09-08,3345,1262,3589,2104,47,21,18,291,2345,"AALG,AAME,AARD,AAT,ABEO,ABOS,ABR.PRD,ABR.PRE,ABTS,ABVC","ALIT,ARMN,AUUD,CDT,DLLL,HMY,INHD,IVF,NOV,NRSN","AACB,AACBU,ADXN,AIRTP,ALCYU,ALDF,ALDFU,ALF,ALFUU,ALIT"
2025-09-09,3343,1223,3595,2143,48,23,25,300,2397,"AALG,AAME,AARD,AAT,ABEO,ABEV,ABOS,ABR,ABR.PRD,ABR.PRE","ALIT,ARMN,AUUD,CDT,DLLL,FRDD,HMY,IMCC,INHD,IVF","AACB,AACBU,ADXN,AFRI,AHT.PRD,AHT.PRG,AIRTP,ALCYU,ALDF,ALF"
2025-09-10,3349,1272,3601,2100,48,23,22,300,2351,"AALG,AAME,AARD,AAT,ABEO,ABR.PRD,ABR.PRE,ABUS,ABX,ACCO","ALIT,AUUD,CDT,DLLL,EDSA,HMY,HST,IMCC,INHD,IVF","AACB,AACBU,ADXN,AHT.PRD,AHT.PRF,AIRTP,ALCY,ALCYU,ALDFU,ALFUU"
2025-09-11,3331,1152,3603,2197,48,18,20,320,2471,"AAME,AAT,ABOS,ABR.PRD,ABR.PRE,ABTS,ABVC,ACB,ACCO,ACCS","CDT,DLLL,ETHMU,HMY,INHD,IVF,KVAC,LOKVW,NOV,NRSN","AACB,AACBU,ADIV,ADXN,AHT.PRD,AHT.PRF,AHT.PRG,AIRTP,ALCYU,ALDFU"
2025-09-12,3341,1225,3609,2139,48,23,17,316,2401,"AALG,AAME,AARD,AAT,ABEO,ABOS,ABR.PRD,ABR.PRE,ABTS,ABUS","ALIT,ARMN,AUUD,CBLL,CDT,DLLL,HMY,IMCC,INHD,IVF","AACB,AACBU,AHT.PRF,AHT.PRG,AIRTP,ALCYU,ALDF,ALDFU,ALIT,ANSC"
2025-09-15,3376,1443,3610,1955,47,22,20,281,2187,"AACBU,AAME,AAT,ABOS,ABR.PRD,ABR.PRE,ABTS,ABX,ACCO,ACCS","ALIT,ARMN,AUUD,CDT,DLLL,HMY,IMCC,INHD,IVF,NOV","AACB,AIRTP,ALCY,ALCYU,ALDF,ALF,ALFUU,ALIT,ANSC,ANSCU"
2025-09-16,3371,1199,3613,2193,48,21,17,290,2431,"AALG,AAME,AAT,ABEO,ABR.PRD,ABR.PRE,ABTS,ABUS,ABVC,ABX","ALIT,BGMSP,CDT,DLLL,HMY,INHD,IVF,KVAC,NOV,NRSN","AACB,AACBU,AHT.PRH,AHT.PRI,AIRTP,ALCYU,ALFUU,ALIT,ALOT,ANSC"
2025-09-17,3361,1174,3614,2206,48,19,18,301,2458,"AALG,AARD,AAT,ABR.PRD,ABR.PRE,ABUS,ABVC,ABX,ACCO,ACCS","ALIT,AUUD,CDT,EWV,HMY,IMCC,INHD,IVF,KVAC,NRSN","AACB,AACBU,ADIV,AIRTP,ALCYU,ALDF,ALF,ALFUU,ALIT,ANSC"
2025-09-18,3353,1330,3617,2043,48,20,24,312,2311,"AALG,AAME,AAT,ABOS,ABR.PRD,ABR.PRE,ABTS,ABUS,ABVC,ABX","ALIT,AMCI,AUUD,CDT,DGZ,DLLL,HMY,IVF,NRSN,ONCY","AACB,AACBU,AFRI,AHT.PRG,AIRTP,ALCYU,ALF,ALFUU,ALIT,AMCI"
2025-09-19,3367,1161,3622,2225,47,19,20,302,2481,"AACB,AALG,AAME,AARD,AAT,ABOS,ABR.PRD,ABR.PRE,ABTS,ABVC","ALIT,ARMN,CDT,DLLL,HMY,INHD,IVF,KVAC,NRSN,NVGS","AACBU,AHT.PRG,AIRTP,ALCYU,ALDFU,ALFUU,ALIT,ANSCU,APADU,ARMN"
2025-09-22,3388,1497,3623,1913,48,22,24,283,2150,"AACB,AALG,AAME,AAT,ABOS,ABR.PRE,ABVC,ABX,ACCO,ACCS","ALIT,ARMN,AUUD,CDT,DLLL,EDSA,HMY,INHD,IVF,KVAC","AACBU,AFGE,AHT.PRF,AHT.PRH,AIRTP,ALCYU,ALDFU,ALFUU,ALIT,ANSCU"
2025-09-23,3385,1270,3626,2138,48,23,21,289,2377,"AAME,AAT,ABOS,ABR.PRD,ABR.PRE,ABTS,ABVC,ABX,ACCO,ACCS","ALIT,AMS,ARMN,AUUD,BKHAR,CDT,DLLL,HMY,INHD,IVF","AACB,AACBU,AIRTP,ALCY,ALCYU,ALDFU,ALF,ALFUU,ALIT,AMS"
2025-09-24,3376,1227,3626,2171,48,22,23,298,2422,"AALG,AAME,AARD,AAT,ABEO,ABOS,ABR,ABR.PRD,ABR.PRE,ABUS","ALIT,ASIC,AUUD,CBLL,CDT,DLLL,HMY,INHD,IVF,KVAC","AACB,AACBU,AFRI,AGQI,AIRTP,ALCY,ALCYU,ALDFU,ALFUU,ALIT"
2025-09-25,3369,1323,3629,2070,46,24,23,306,2329,"AACBU,AALG,AAME,AARD,AAT,ABR.PRD,ABR.PRE,ABTS,ABVC,ABX","ALIT,AUUD,CDT,DLLL,HMY,HYAC.U,IMCC,INHD,IVF,NOV","AACB,AFGE,AFRI,AHT.PRF,AHT.PRG,AIRTP,ALCYU,ALFUU,ALIT,AMBO"
2025-09-26,3381,1107,3633,2295,48,21,17,300,2543,"AACB,AALG,AAME,AARD,AAT,ABEO,ABR,ABR.PRD,ABR.PRE,ABTS","ALIT,AUUD,CBLL,CDT,DLLL,HMY,IMCC,INHD,IVF,KVAC","AACBU,AFRI,AHT.PRI,AIRTP,ALCYU,ALDFU,ALIT,ANNA,ANSC,ANSCU"
2025-09-29,3390,1431,3633,1980,49,21,20,292,2222,"AACBU,AALG,AAME,AARD,AAT,ABEO,ABR,ABR.PRD,ABR.PRE,ABTS","ALIT,ARMN,AUUD,CDT,DLLL,HMY,HST,HYAC.U,INHD,NOV","AACB,ADXN,AFGE,AFRI,AHT.PRG,AIRTP,ALCYU,ALDFU,ALFUU,ALIT"
2025-09-30,3400,1247,3643,2175,48,22,18,291,2414,"AAME,AAT,ABOS,ABR,ABR.PRD,ABR.PRE,ABTS,ABUS,ABX,ACCS","ALDF,ALIT,ARMN,CDT,DLLL,HMY,IMCC,INHD,IVF,MAC","AACB,AACBU,AFRI,AHT.PRG,AIRTP,ALCY,ALCYU,ALDF,ALDFU,ALFUU"
2025-10-01,3387,1187,3650,2221,49,21,19,312,2482,"AAME,AAT,ABEO,ABR,ABR.PRD,ABR.PRE,ABTS,ABUS,ABVC,ACCS","ALIT,ARMN,CDT,DLLL,EDSA,HMY,INHD,IVF,KVAC,NOV","AACB,AACBU,AHT.PRG,AIRTP,ALCYU,ALFUU,ALIT,ALOT,ANSCU,ARL"
2025-10-02,3402,1222,3653,2204,50,24,23,301,2454,"AAME,AARD,AAT,ABR.PRD,ABR.PRE,ABTS,ABUS,ACCO,ACEL,ACET","ALIT,ARMN,AUUD,CDT,DLLL,EDSA,ETHMU,HMY,HST,INHD","AACB,AACBU,ACCS,AHT.PRD,AHT.PRF,AHT.PRH,AHT.PRI,AIRTP,ALCYU,ALDF"
2025-10-03,3408,1253,3655,2177,49,22,22,296,2424,"AACB,AACBU,AAME,AARD,AAT,ABOS,ABR.PRD,ABR.PRE,ABTS,ABUS","ALIT,AUUD,CDT,DLLL,HMY,HST,INHD,IVF,KVAC,NP","AIRTP,ALCYU,ALDF,ALDFU,ALFUU,ALIT,ANSCU,APAD,ARKR,ARMN"
2025-10-06,3457,1491,3656,1992,50,26,25,249,2190,"AAME,AARD,AAT,ABOS,ABR.PRD,ABR.PRE,ABTS,ABVC,ACCO,ACCS","ALIT,ARMN,AUUD,CDT,DLLL,EDSA,EFU,HMY,HST,IMCC","AACB,AACBU,AFRI,AIRTP,ALCY,ALCYU,ALDF,ALFUU,ALIT,ANSCU"
2025-10-07,3405,1347,3660,2082,50,24,25,305,2338,"AACB,AACBU,AAME,AARD,AAT,ABR.PRD,ABTS,ABVC,ACCS,ACEL","ALIT,AUUD,BOED,CDT,DLLL,EDSA,HMY,IMCC,INHD,IVF","ABR.PRE,ADIV,AFRI,AGQI,AHT.PRD,AHT.PRG,AIRTP,ALCY,ALCYU,ALDF"
2025-10-08,3429,1344,3664,2106,49,21,19,284,2339,"AACB,AALG,AAME,AARD,AAT,ABOS,ABR,ABR.PRD,ABR.PRE,ABTS","ALIT,ARMN,CDT,DLLL,EDSA,FIHL,HMY,IMCC,INHD,IVF","AACBU,AFRI,AIRTP,ALCY,ALCYU,ALDFU,ALFUU,ALIT,ANSCU,APAD"
2025-10-09,3431,1309,3666,2144,49,22,22,284,2379,"AACB,AACBU,AAME,AARD,AAT,ABEO,ABOS,ABR.PRD,ABR.PRE,ABTS","ALIT,ARMN,AUUD,CDT,DLLL,ETHMU,HMY,INHD,IVF,NP","AIRTP,ALCY,ALCYU,ALDF,ALDFU,ALFUU,ALIT,ANSC,ANSCU,APADU"
2025-10-10,3416,1333,3666,2108,49,25,19,299,2352,"AAME,AARD,AAT,ABR.PRD,ABR.PRE,ABTS,ABUS,ABVC,ACCO,ACCS","ALIT,ARMN,AUUD,CDT,DLLL,EFU,HMY,HST,INHD,IVF","AACB,AACBU,AFRI,AIRTP,ALCYU,ALDF,ALDFU,ALFUU,ALIT,ANL"
2025-10-13,3412,1593,3666,1845,49,26,25,303,2098,"AAME,AARD,AAT,ABOS,ABR.PRD,ABR.PRE,ABTS,ABVC,ABX,ACCS","ALIT,ARMN,ATGL,AUUD,DLLL,HMY,HST,IMCC,INHD,IVF","AACB,AACBU,AHT.PRG,AIRTP,ALCYU,ALDF,ALDFU,ALFUU,ALIT,ANSCU"
2025-10-14,3409,1516,3668,1915,49,22,27,308,2179,"AALG,AAME,AARD,AAT,ABOS,ABR.PRD,ABR.PRE,ABTS,ABUS,ABVC","ALIT,ARMN,CDT,DBE,DLLL,EXOZ,HMY,INHD,JAKK,NOV","AACB,AACBU,AFGE,AIRTP,ALCY,ALCYU,ALDF,ALDFU,ALF,ALFUU"
2025-10-15,3426,1386,3670,2061,49,21,21,293,2305,"AACB,AACBU,AAME,AARD,AAT,ABOS,ABR.PRD,ABR.PRE,ABTS,ABUS","ALIT,ARMN,CDT,DLLL,HDL,HMY,INHD,IVF,LCCCU,NOV","ACCS,AFGE,AGQI,AIRTP,ALCY,ALCYU,ALIT,ANSCU,APACU,APADU"
2025-10-16,3414,1339,3673,2091,50,16,25,309,2359,"AACBU,AALG,AAME,AARD,AAT,ABR.PRD,ABR.PRE,ABTS,ABUS,ABVC","ARMN,AUUD,CDT,DLLL,EVAC,HMY,INHD,JAKK,ONCY,PLTM","AACB,AHT.PRG,AIFU,AIRTP,ALCYU,ALDF,ALDFU,ALFUU,ALIT,ANNA"
2025-10-17,3413,1653,3675,1785,50,25,31,312,2053,"AAME,AARD,AAT,ABR.PRD,ABR.PRE,ABTS,ABVC,ABX,ACCS,ACDC","ALIT,ARMN,AUUD,CBLL,CDT,DLLL,FGBIP,HMY,HST,INHD","AACB,AACBU,ACCL,AFGE,AHT.PRF,AIRTP,ALCY,ALCYU,ALDF,ALFUU"
2025-10-20,3431,1381,3677,2070,51,20,24,297,2320,"AACB,AALG,AAME,AARD,AAT,ABEO,ABR.PRD,ABR.PRE,ABTS,ABVC","ALIT,ARMN,AUUD,CDT,DBE,DLLL,HMY,INHD,IVF,NRSN","AACBU,AHT.PRF,AIRTP,ALCYU,ALDF,ALDFU,ALFUU,ALIT,ANSCU,APACU"
2025-10-21,3428,1250,3684,2197,51,19,21,307,2455,"AACBU,AALG,AAME,AARD,AAT,ABOS,ABR.PRD,ABR.PRE,ABTS,ABVC","ALIT,ARMN,ASIC,AUUD,CDT,DLLL,EDSA,HMY,INHD,IVF","AACB,AFRI,AHT.PRF,AIRTP,ALCY,ALDF,ALFUU,ALIT,ALOT,ANNA"
2025-10-22,3429,1348,3688,2105,49,24,25,308,2365,"AACBU,AAME,AARD,AAT,ABOS,ABR,ABR.PRD,ABR.PRE,ABTS,ABUS","ALIT,ARMN,AUUD,CBLL,CDT,DLLL,EDSA,HMY,IMCC,INHD","AACB,AFRI,AGCC,AGQI,AHT.PRF,AHT.PRI,AIRTP,ALCYU,ALDF,ALFUU"
2025-10-23,3391,1222,3691,2188,50,19,23,350,2492,"AACBU,AAME,AARD,AAT,ABR,ABR.PRD,ABR.PRE,ABTS,ABUS,ABX","AUUD,CDT,DLLL,EDSA,HMY,INHD,IVF,KVAC,MS.PRA,NOV","AACB,ADIV,AFRI,AGQI,AHT.PRG,AIRTP,ALCY,ALCYU,ALDF,ALDFU"
2025-10-24,3411,1249,3693,2182,50,20,25,332,2469,"AACB,AAME,AARD,AAT,ABEO,ABOS,ABR.PRD,ABR.PRE,ABUS,ABVC","ANSC,ARMN,ASIC,AUUD,CDT,DLLL,HMY,IMCC,INHD,IVF","AACBU,ADAMZ,AFRI,AHT.PRD,AHT.PRF,AHT.PRG,AIRTP,ALCY,ALCYU,ALDF"
2025-10-27,3469,1569,3704,1929,51,29,28,286,2163,"AACB,AAME,AARD,ABOS,ABR.PRD,ABR.PRE,ABTS,ABUS,ABVC,ABX","AACIU,ALIT,ARMN,AUUD,CBLL,DLLL,HMY,HST,IMCC,INHD","AACBU,AFRI,AIRTP,ALCY,ALCYU,ALDF,ALDFU,ALF,ALFUU,ALIT"
2025-10-28,3442,1283,3708,2182,51,23,25,317,2450,"AALG,AAME,AARD,AAT,ABOS,ABR,ABR.PRD,ABR.PRE,ABTS,ABUS","ALIT,ARMN,AUUD,CDT,DLLL,EDSA,HMY,IMCC,INHD,IVF","AACB,AACBU,AFGE,AFRI,AIRTP,ALCYU,ALDF,ALDFU,ALFUU,ALIT"
2025-10-29,3446,1243,3711,2227,51,24,22,316,2490,"AALG,AAME,AARD,AAT,ABOS,ABR.PRD,ABR.PRE,ABTS,ABUS,ABVC","ALIT,ARMN,ASIC,AUUD,BDCIU,CDT,DLLL,EDSA,ETHMU,EVMT","AACB,AACBU,AFRI,AGQI,AHT.PRF,AIRTP,ALCY,ALCYU,ALDF,ALDFU"
2025-10-30,3446,1205,3713,2262,50,21,20,317,2528,"AALG,AAME,AARD,AAT,ABOS,ABR.PRD,ABR.PRE,ABTS,ABUS,ABVC","ALIT,ARMN,AUUD,CBLL,CDT,DLLL,EDSA,HMY,IMCC,INHD","AACB,AACBU,ACCS,AFGE,AHT.PRG,AIRTP,ALCYU,ALDF,ALDFU,ALFUU"
2025-10-31,3442,1200,3717,2262,51,20,17,326,2534,"AACB,AALG,AAME,AARD,AAT,ABOS,ABR,ABR.PRD,ABR.PRE,ABTS","ALIT,ARMN,BHR.PRB,EDSA,ETHMU,FLYX,HMY,HST,IMCC,INHD","AACBU,AGQI,AHT.PRG,AIRTP,ALCYU,ALDF,ALDFU,ALFUU,ALIT,ANGH"
2025-11-03,3478,1443,3718,2056,50,21,21,290,2296,"AALG,AAME,AARD,AAT,ABOS,ABR.PRD,ABR.PRE,ABTS,ACCO,ACCS","ALIT,ARMN,AUUD,CDT,DBE,DLLL,EDSA,HMY,HST,IMCC","AACB,AACBU,AHT.PRF,AIRTP,ALCY,ALCYU,ALDFU,ALFUU,ALIT,ANSCU"
2025-11-04,3460,1421,3724,2060,51,21,24,315,2327,"AALG,AAME,AARD,AAT,ABOS,ABR.PRD,ABR.PRE,ABTS,ABUS,ABVC","ALIT,CDT,CXRN,DLLL,EDSA,HMY,HST,IMCC,INHD,IVF","AACB,AACBU,ADIV,AHT.PRD,AHT.PRF,AHT.PRG,AIRTP,ALCY,ALCYU,ALDF"
2025-11-05,3471,1225,3729,2264,51,18,20,309,2524,"AALG,AAME,AARD,AAT,ABOS,ABR.PRD,ABR.PRE,ABTS,ABVC,ABX","ALIT,AUUD,CDT,EDSA,HMY,INHD,IVF,NOV,NVGS,ONCY","AACB,AACBU,AHT.PRF,AHT.PRG,AIIA.U,AIRTP,ALCY,ALCYU,ALDFU,ALF"
2025-11-06,3445,1200,3732,2263,49,18,22,336,2554,"AAME,AARD,ABOS,ABR.PRD,ABR.PRE,ABTS,ABUS,ABVC,ABX,ACCL","ALIT,ARMN,AUUD,CJMB,EDSA,HMY,IVF,ONCY,PLTM,RDHL","AACB,AACBU,ACCS,AERO,AHT.PRG,AIRTP,ALCY,ALCYU,ALDFU,ALFUU"
2025-11-07,3448,1291,3734,2177,52,20,26,338,2469,"AACB,AALG,AAME,AARD,AAT,ABEO,ABOS,ABR.PRD,ABR.PRE,ABTS","ALIT,ARMN,AUUD,CDT,HMY,HST,IMCC,INHD,IVF,ONCY","AACBU,ACCS,AERO,AHT.PRF,AIRTP,ALCYU,ALDFU,ALFUU,ALISU,ALIT"
2025-11-10,3467,1461,3741,2038,51,32,30,325,2310,"AACB,AAME,AARD,AAT,ABOS,ABR.PRD,ABTS,ABUS,ABVC,ACCO","ALIT,ARMN,CBLL,CDT,CHPGU,DLLL,DRDB,EDSA,FIHL,HMY","AACBU,ABR.PRE,AERO,AIRTP,ALCY,ALCYU,ALDF,ALDFU,ALFUU,ALISU"
2025-11-11,3425,1090,3743,2354,50,19,16,368,2669,"AACB,AALG,AAME,AARD,AAT,ABEO,ABOS,ABR.PRD,ABR.PRE,ABTS","ALIT,ARMN,AUUD,CDT,DLLL,HMY,HST,INHD,IVF,ONCY","AACBU,AERO,AFGE,AHT.PRF,AHT.PRG,AIIA.U,AIRTP,ALCY,ALCYU,ALDF"
2025-11-12,3455,1205,3745,2272,50,22,18,340,2558,"AACBU,AALG,AAME,AARD,AAT,ABR.PRD,ABTS,ABVC,ABX,ACCO","ALIT,ARMN,AUUD,DLLL,EDSA,HMY,IMCC,INHD,IVF,JAKK","AACB,ABR.PRE,ADXN,AERO,AIRTP,ALCY,ALCYU,ALDF,ALDFU,ALFUU"
2025-11-13,3467,1184,3751,2303,51,20,14,335,2581,"AALG,AAME,AARD,AAT,ABOS,ABR.PRD,ABR.PRE,ABTS,ABVC,ACCO","ALIT,DLLL,EDSA,HMY,IMCC,INHD,IVF,JAKK,MAC,NRSN","AACB,AACBU,AERO,AHG,AHT.PRF,AHT.PRG,AIRTP,ALCY,ALCYU,ALDFU"
2025-11-14,3471,1545,3751,1949,51,23,24,331,2230,"AACBU,AALG,AAME,AAT,ABOS,ABR.PRD,ABTS,ABVC,ABX,ACCL","ALIT,ARMN,AUUD,CDT,DLLL,EFU,GSHR,HMY,HST,INHD","AACB,ABR.PRE,AERO,AFRI,AHG,AHT.PRD,AIIA.U,AIRTP,ALCY,ALCYU"
2025-11-17,3485,1248,3763,2260,50,23,12,328,2527,"AACBU,AALG,AAME,AARD,AAT,ABEO,ABNG,ABOS,ABR.PRD,ABR.PRE","AIRTP,ALIT,ARMN,DLLL,HMY,HST,INHD,IPCX,IVF,NOV","AACB,ADXN,AERO,AHT.PRG,AIRTP,ALCY,ALCYU,ALDFU,ALFUU,ALIT"
2025-11-18,3481,1217,3770,2284,51,20,21,340,2574,"AALG,AAME,AARD,AAT,ABEV,ABOS,ABR.PRD,ABR.PRE,ABTS,ABUS","ALIT,ARMN,AUUD,CDT,HMY,HST,INHD,IVF,JAKK,MAC","AACB,AACBU,ABNG,AERO,AFRI,AHT.PRD,AIRTP,ALCY,ALCYU,ALDF"
2025-11-19,3479,1081,3776,2418,50,20,19,347,2714,"AACB,AALG,AAME,AARD,AAT,ABEO,ABOS,ABR.PRD,ABR.PRE,ABTS","ALIT,ARMN,AUUD,CDT,DLLL,GRNI,GSRFR,HMY,IMCC,INHD","AACBU,ABNG,ADXN,AERO,AIRTP,ALCY,ALCYU,ALDFU,ALFUU,ALIT"
2025-11-20,3514,1104,3780,2428,51,18,17,317,2693,"AALG,AAME,AARD,AAT,ABOS,ABR.PRD,ABR.PRE,ABTS,ABUS,ABVC","ALIT,ARMN,AUUD,DLLL,EDSA,GRNI,HMY,INHD,IVF,NRSN","AACB,AACBU,ABNG,ADSE,AERO,AHG,AIIA.U,AIRTP,ALCY,ALCYU"
2025-11-21,3485,1330,3785,2183,49,28,25,349,2480,"AALG,AAME,AARD,AAT,ABEO,ABOS,ABR.PRD,ABR.PRE,ABTS,ABUS","ALIT,ARMN,AUUD,CDT,DLLL,EDSA,GRNI,HMY,HST,IMCC","AACB,AACBU,ABNG,AERO,AHT.PRG,AIRTP,ALCY,ALCYU,ALDF,ALDFU"
2025-11-24,3560,1158,3788,2402,52,0,13,280,2643,"AACB,AAME,AARD,AAT,ABEO,ABNG,ABOS,ABR.PRD,ABTS,ABUS",,"AACBU,ACEP,AIFU,ALCY,ALCYU,ALDFU,ALFUU,ANSCU,APACU,APAD"
2025-11-25,3571,1098,3793,2477,50,4,17,272,2712,"AALG,AAME,AARD,AAT,ABEO,ABNG,ABOS,ABR,ABR.PRD,ABR.PRE","FEBO,LCFYW,OCSAW,SIMA","AACB,AACBU,AHG,ALCY,ALCYU,ALDFU,ALFUU,ANPA,ANSCU,APADU"
2025-11-26,3544,1051,3797,2494,50,1,15,303,2761,"AALG,AAME,AARD,AAT,ABEO,ABNG,ABOS,ABR,ABR.PRD,ABR.PRE",LCFYW,"AACB,AACBU,ACEP,ADIV,AHT.PRD,AIRTP,ALCY,ALCYU,ALDFU,ALFUU"
2025-11-28,3567,1113,3797,2455,50,1,18,280,2702,"AALG,AAME,AARD,AAT,ABNG,ABR.PRD,ABR.PRE,ABTS,ABUS,ABVC",NTRBW,"AACB,AACBU,ADIV,AHT.PRD,ALCY,ALCYU,ALDF,ALDFU,ALFUU,ANSCU"
2025-12-01,3547,1364,3797,2183,1,0,0,251,2433,"AAME,AARD,AAT,ABEO,ABEV,ABNG,ABOS,ABR.PRE,ABTS,ABVC",,"AACB,AACBU,AFRI,AHT.PRD,ALCY,ALCYU,ALDFU,ALFUU,ALIS,ANSCU"
2025-12-02,3523,1035,3802,2488,0,0,0,279,2767,"AALG,AAME,AARD,AAT,ABOS,ABR.PRD,ABR.PRE,ABTS,ABUS,ABVC",,"AACB,AACBU,ABNG,AHG,AHT.PRG,AIFU,AIRTP,ALCY,ALCYU,ALDFU"
2025-12-03,3498,1043,3810,2456,1,1,0,313,2767,"AALG,AAME,AAT,ABEV,ABOS,ABR.PRD,ABR.PRE,ABTS,ABVC,ABX",FORA,"AACB,AACBU,AIRTP,ALCY,ALCYU,ALDF,ALDFU,ALFUU,ALISU,ANSCU"
2025-12-04,3530,1107,3818,2424,1,1,0,289,2711,"AACB,AALG,AAME,AARD,AAT,ABNG,ABR.PRD,ABR.PRE,ABTS,ABVC",TRSG,"AACBU,ACEP,AFGE,AHT.PRD,AHT.PRG,ALCY,ALCYU,ALDFU,ALFUU,ALUB.U"
2025-12-05,3523,1217,3821,2310,1,4,0,299,2604,"AALG,AAME,AARD,AAT,ABNG,ABR.PRD,ABR.PRE,ABTS,ABUS,ABVC","LOKV,RAC,TPCS,WENN","AACB,AACBU,AHT.PRD,AIRTP,ALCY,ALCYU,ALDF,ALFUU,ALISU,ANSCU"
2025-12-08,3543,1301,3823,2243,1,1,0,281,2522,"AACB,AALG,AAME,AAT,ABOS,ABR.PRD,ABR.PRE,ABTS,ABUS,ABVC",TDAC,"AACBU,ABNG,AHT.PRG,AIFU,AIIA.U,ALCY,ALCYU,ALDF,ALDFU,ALFUU"
2025-12-09,3553,1082,3826,2471,1,0,0,274,2744,"AALG,AAME,AARD,AAT,ABEO,ABEV,ABNG,ABOS,ABR.PRD,ABR.PRE",,"AACB,AACBU,ACEP,AHT.PRH,ALCYU,ALDF,ALDFU,ALFUU,ANNA,ANSCU"
2025-12-10,3551,1111,3828,2441,1,1,0,278,2717,"AACB,AALG,AAME,AARD,AAT,ABNG,ABOS,ABR.PRD,ABR.PRE,ABTS",SBU,"AACBU,ACEP,ADSE,ADXN,AHG,ALCYU,ALDFU,ALFUU,ALIS,ALISU"
2025-12-11,3541,1154,3838,2388,1,1,0,298,2684,"AALG,AAME,AARD,AAT,ABNG,ABOS,ABR.PRD,ABR.PRE,ABTS,ABUS",ANPA,"AACB,AACBU,ACEP,AIIA.U,AIRTP,ALCYU,ALDF,ALDFU,ALFUU,ALISU"
2025-12-12,3518,1121,3841,2400,0,3,0,323,2720,"AALG,AAME,AAT,ABNG,ABOS,ABR.PRD,ABR.PRE,ABTS,ABUS,ABVC","KCHV,LCFYW,YHNA","AACB,AACBU,ADXN,AHT.PRG,ALCYU,ALDFU,ALF,ALFUU,ALIS,ALISU"
2025-12-15,3593,1311,3900,2283,0,1,0,307,2589,"AACB,AALG,AAME,AAT,ABNG,ABR.PRD,ABR.PRE,ABTS,ABUS,ACCL",OKTG,"AACBU,AACIU,ADXN,AEON,AHL.PRE,AIRTP,ALCYU,ALDFU,ALFUU,ALISU"
2025-12-16,3559,1103,3907,2457,0,1,0,348,2804,"AACB,AALG,AAME,AARD,AAT,ABNG,ABOS,ABR.PRD,ABR.PRE,ABTS",BAYA,"AACBU,AACIU,AEON,AHL.PRE,AHT.PRF,AHT.PRG,AIIA,ALCYU,ALDFU,ALFUU"
2025-12-17,3547,1113,3910,2434,0,0,0,363,2797,"AACB,AALG,AAME,AARD,AAT,ABNG,ABOS,ABR.PRD,ABR.PRE,ABTS",,"AACBU,AACIU,AEON,AHL.PRE,AHT.PRD,AHT.PRF,AHT.PRG,AIRTP,ALCY,ALCYU"
2025-12-18,3548,1073,3918,2476,0,1,0,370,2845,"AALG,AAME,AARD,AAT,ABEO,ABNG,ABOS,ABR.PRD,ABR.PRE,ABTS",WXET,"AACB,AACBU,AACIU,ADXN,AEON,AHG,AHL.PRE,AHT.PRD,AHT.PRF,AIIA.U"
2025-12-19,3559,1031,3919,2531,0,3,0,360,2888,"AACB,AALG,AAME,AARD,AAT,ABEV,ABNG,ABOS,ABR.PRD,ABR.PRE","BDVG,KJD,VACHU","AACBU,AACIU,ACEP,ADIV,AEON,AHL.PRE,AIIA.U,ALCY,ALCYU,ALDFU"
2025-12-22,3573,1293,3920,2280,0,0,0,347,2627,"AALG,AAME,AARD,AAT,ABNG,ABR.PRD,ABR.PRE,ABTS,ABUS,ABVC",,"AACB,AACBU,AACIU,ACEP,AEON,AHL.PRE,AHT.PRH,AIIA,AIIA.U,ALCY"
2025-12-23,3598,1090,3922,2508,0,0,0,324,2832,"AALG,AAME,AAT,ABEO,ABNG,ABOS,ABR.PRD,ABR.PRE,ABTS,ABUS",,"AACB,AACBU,AACIU,ADIV,ADSE,AEON,AHL.PRE,AHT.PRG,AHT.PRH,AIIA.U"
2025-12-24,3542,953,3922,2591,0,2,0,380,2969,"AACB,AALG,AARD,AAT,ABEO,ABNG,ABOS,ABR.PRD,ABUS,ABVC","HDL,MDRR","AACBU,AACIU,ABTS,ACEP,AEON,AHL.PRE,AHT.PRD,AHT.PRG,AIRTP,ALDFU"
2025-12-26,3506,1042,3922,2466,0,2,0,416,2880,"AALG,AAME,AARD,AAT,ABEO,ABNG,ABR.PRD,ABR.PRE,ABTS,ABUS","CNCG,QETA","AACB,AACBU,AACIU,ADIV,AEON,AHL.PRE,AHT.PRD,AHT.PRG,AIIA.U,AIRTP"
2025-12-29,3587,1276,3922,2311,0,0,0,335,2646,"AALG,AAME,AAT,ABOS,ABR.PRD,ABR.PRE,ABTS,ABUS,ABX,ACCL",,"AACB,AACBU,AACIU,ABNG,ACEP,AEON,AHL.PRE,AHT.PRD,AHT.PRG,AHT.PRH"
2025-12-30,3564,1052,3924,2512,0,0,0,360,2872,"AACB,AALG,AAME,AAPD,AARD,AAT,ABEO,ABOS,ABR.PRD,ABR.PRE",,"AACBU,AACIU,ABNG,ACEP,AEON,AHL.PRE,AHT.PRD,AHT.PRH,AIIA.U,AIRTP"
2025-12-31,3545,987,3925,2558,0,0,0,380,2938,"AAME,AAT,ABEV,ABOS,ABR.PRD,ABR.PRE,ABTS,ABUS,ABVC,ABX",,"AACB,AACBU,AACIU,AALG,ABNG,ACEP,ADIV,ADXN,AEON,AHL.PRE"
2026-01-02,3548,1204,3925,2344,0,0,0,377,2721,"AACB,AALG,AAME,AAT,ABEO,ABOS,ABR.PRD,ABR.PRE,ABUS,ABVC",,"AACBU,AACIU,ABNG,ABTS,AEAQU,AEON,AHL.PRE,AHT.PRD,AIRTP,ALCYU"
2026-01-05,3598,1412,3925,2188,0,2,0,327,2513,"AACB,AALG,AAME,AAPD,AARD,AAT,ABNG,ABOS,ABR.PRD,ABR.PRE","BNKD,NEOVW","AACBU,AACIU,ACEP,AEON,AHL.PRE,AIRTP,ALDF,ALDFU,ALF,ALFUU"
2026-01-06,3563,1166,3930,2397,0,0,0,367,2764,"AACB,AALG,AAME,AAT,ABEO,ABR.PRD,ABR.PRE,ABTS,ABUS,ABVC",,"AACBU,AACIU,ABNG,ADXN,AEON,AHL.PRE,AHT.PRH,AHT.PRI,AIRTP,ALCYU"
2026-01-07,3567,1193,3931,2378,0,4,0,364,2738,"AACB,AACBU,AAME,AARD,AAT,ABEO,ABOS,ABR.PRD,ABR.PRE,ABTS","ACCS,BKHAR,KJD,LCFYW","AACIU,ABNG,ACCS,ACEP,AEON,AGQI,AHL.PRE,AHT.PRD,AIRTP,ALCYU"
2026-01-08,3566,1181,3934,2387,0,2,0,368,2753,"AACB,AALG,AAME,AARD,AAT,ABEV,ABOS,ABR.PRD,ABR.PRE,ABTS","RIBB,WXET","AACBU,AACIU,ABNG,ACCS,ADIV,AEAQU,AEON,AHL.PRE,AHT.PRD,ALCYU"
2026-01-09,3564,1189,3938,2375,0,0,0,374,2749,"AACB,AALG,AAME,AAT,ABOS,ABR.PRD,ABR.PRE,ABTS,ABVC,ABX",,"AACBU,AACIU,ABNG,AEAQU,AEON,AHL.PRE,AHT.PRG,AIIA,AIRTP,ALCYU"
2026-01-12,3593,1458,3939,2136,0,1,0,346,2481,"AACB,AALG,AAME,AARD,AAT,ABNG,ABOS,ABR.PRD,ABR.PRE,ABTS",HSPT,"AACBU,AACIU,ACCS,AEON,AHL.PRE,AIRTP,ALCYU,ALDF,ALDFU,ALF"
2026-01-13,3585,1168,3947,2417,0,0,0,362,2779,"AAME,AARD,AAT,ABEO,ABOS,ABR.PRD,ABR.PRE,ABVC,ABX,ACB",,"AACB,AACBU,AACIU,ABNG,ABTS,ADACU,ADXN,AEON,AHL.PRE,AIIA"
2026-01-14,3594,1190,3950,2405,0,1,0,356,2760,"AACB,AALG,AAME,AARD,AAT,ABEO,ABNG,ABOS,ABR.PRD,ABR.PRE",PCCE,"AACBU,AACIU,AEON,AHL.PRE,AIIA,ALCYU,ALDF,ALDFU,ALFUU,ALIS"
2026-01-15,3609,1212,3954,2397,0,0,0,345,2742,"AALG,AAME,AARD,AAT,ABEO,ABNG,ABOS,ABR.PRD,ABR.PRE,ABTS",,"AACB,AACBU,AACIU,AEON,AHL.PRE,AIRTP,ALCYU,ALDF,ALDFU,ALF"
2026-01-16,3581,1227,3956,2356,0,2,0,375,2729,"AALG,AAME,AARD,AAT,ABEV,ABNG,ABOS,ABR.PRD,ABR.PRE,ABTS","EXOZ,NUG","AACB,AACBU,AACIU,AEON,AGQI,AHL.PRE,ALCYU,ALDF,ALDFU,ALFUU"
2026-01-20,3637,1826,3958,1812,0,1,0,321,2132,"AALG,AAME,AAT,ABNG,ABOS,ABR.PRD,ABR.PRE,ABTS,ABVC,ABX",CGCTU,"AACB,AACBU,AACIU,AEON,AHL.PRE,AHT.PRD,AIIA,AIRTP,ALCYU,ALDF"
2026-01-21,3609,1285,3962,2325,0,1,0,353,2677,"AAME,AAT,ABOS,ABR.PRE,ABUS,ABVC,ABX,ACB,ACCO,ACDC",KVAC,"AACB,AACBU,AACIU,ABNG,ACCS,ADACU,ADSE,ADXN,AEON,AHL.PRE"
2026-01-22,3645,1282,3965,2364,0,1,0,320,2683,"AALG,AAME,AARD,AAT,ABNG,ABOS,ABR.PRD,ABTS,ABUS,ABVC",CEFD,"AACB,AACBU,AACIU,ADIV,AEON,AHL.PRE,AIRTP,ALCYU,ALDFU,ALF"
2026-01-23,3629,1203,3971,2427,0,1,0,342,2768,"AACB,AALG,AAME,AARD,AAT,ABOS,ABR.PRD,ABR.PRE,ABTS,ABUS",ZBAI,"AACBU,AACIU,ABNG,AEON,AGQI,AHL.PRE,AHT.PRG,ALCYU,ALDFU,ALFUU"
2026-01-26,3634,1417,3977,2217,0,0,0,343,2560,"AACB,AALG,AAME,AARD,AAT,ABR.PRD,ABR.PRE,ABTS,ABUS,ABVC",,"AACBU,AACIU,ABNG,ACEP,AEAQ,AEON,AHL.PRE,ALCYU,ALDF,ALDFU"
2026-01-27,3623,1233,3983,2390,0,0,0,360,2750,"AAME,AARD,AAT,ABNG,ABR.PRD,ABR.PRE,ABTS,ABVC,ABX,ACB",,"AACB,AACBU,AACIU,AEAQU,AEON,AHG,AHL.PRE,AIIA,ALCYU,ALDF"
2026-01-28,3615,1287,3989,2330,0,2,0,374,2702,"AALG,AAME,AAT,ABEO,ABR.PRD,ABR.PRE,ABTS,ABUS,ABVC,ABX","BNKD,CLIK","AACB,AACBU,AACIU,ABNG,AEAQU,AEON,AHL.PRE,AHT.PRG,ALCYU,ALDF"
2026-01-29,3623,1205,3996,2419,0,1,0,373,2791,"AAME,AARD,AAT,ABNG,ABR.PRD,ABR.PRE,ABUS,ABVC,ACB,ACCO",BCSS,"AACB,AACBU,AACIU,ABTS,ADAMZ,AEON,AHL.PRE,AHT.PRG,ALCYU,ALDF"
2026-01-30,3637,1344,4004,2293,0,0,0,367,2660,"AAME,AARD,AAT,ABEO,ABNG,ABR.PRD,ABR.PRE,ABTS,ABUS,ABVC",,"AACB,AACBU,AACIU,ACCS,AEON,AHL.PRE,AIIA,ALCYU,ALDF,ALF"
2026-02-02,3679,1554,4007,2125,0,0,0,328,2453,"AACB,AALG,AAME,AARD,AAT,ABNG,ABR.PRD,ABR.PRE,ABTS,ABVC",,"AACBU,AACIU,ADXN,AEAQ,AEON,AHL.PRE,AHT.PRD,AIIA.U,ALCYU,ALDFU"
2026-02-03,3672,1255,4009,2417,0,0,0,337,2754,"AALG,AAME,AARD,AAT,ABEO,ABNG,ABOS,ABR.PRD,ABR.PRE,ABTS",,"AACB,AACBU,AACIU,ADAMZ,ALCYU,ALFUU,ALISU,AMS,ANSCU,APAC"
2026-02-04,3659,1207,4013,2453,0,1,0,354,2806,"AALG,AAME,AARD,AAT,ABEO,ABNG,ABOS,ABR.PRD,ABR.PRE,ABTS",KRKR,"AACB,AACBU,AACIU,ACEP,ADXN,AHT.PRD,AIIA,ALCYU,ALDF,ALDFU"
2026-02-05,3710,1345,4016,2367,0,2,0,306,2671,"AALG,AAME,AARD,AAT,ABR.PRD,ABR.PRE,ABTS,ABVC,ABX,ACCO","DTSQ,LCFYW","AACB,AACBU,AACIU,ABNG,ACEP,AHT.PRF,AIIA,ALCYU,ALDF,ALDFU"
2026-02-06,3689,1338,4022,2351,0,0,0,333,2684,"AAME,AARD,AAT,ABEO,ABNG,ABR.PRD,ABR.PRE,ABTS,ABUS,ABX",,"AACB,AACBU,AACIU,ADACU,ADAMZ,AEAQU,AGMB,AHT.PRG,AIIA,ALCYU"
2026-02-09,3705,1496,4027,2210,0,1,0,322,2531,"AALG,AAME,AAT,ABNG,ABR.PRD,ABR.PRE,ABTS,ABUS,ACCO,ACCS",HHS,"AACB,AACBU,AACIU,ADXN,AIIA.U,ALCYU,ALDF,ALF,ALFUU,ALIS"
2026-02-10,3689,1221,4032,2472,0,4,0,343,2811,"AALG,AAME,AARD,AAT,ABNG,ABOS,ABR.PRD,ABR.PRE,ABTS,ABUS","LFACU,QETAR,SMDD,TCRT","AACB,AACBU,AACIU,ADACU,ADIV,ADSE,AIIA,ALCYU,ALDF,ALDFU"
2026-02-11,3717,1181,4037,2538,0,2,0,320,2856,"AALG,AAME,AARD,AAT,ABEO,ABNG,ABOS,ABR.PRD,ABR.PRE,ABTS","DTSQ,PLSM","AACB,AACBU,AACIU,ADAC,ADIV,ADSE,AEAQ,AEAQU,AFRI,AGBK"
2026-02-12,3739,1142,4043,2599,0,2,0,304,2901,"AACB,AALG,AAME,AARD,AAT,ABEO,ABNG,ABOS,ABR.PRD,ABR.PRE","DWTX,RYOJ","AACBU,AACIU,ADAC,ADSE,ADXN,AFGE,AHT.PRG,ALCYU,ALDFU,ALFUU"
2026-02-13,3685,1150,4045,2536,0,1,0,360,2895,"AALG,AAME,AARD,AAT,ABOS,ABR.PRD,ABR.PRE,ABUS,ABVC,ABX",EQS,"AACB,AACBU,AACIU,ABTS,ADAC,AHG,AHT.PRF,AHT.PRG,AIIA.U,ALCYU"
2026-02-17,3734,1384,3988,2350,52,0,0,306,2604,"AALG,AAME,AARD,AAT,ABNG,ABR.PRD,ABTS,ABVC,ABX,ACB",,"AACB,AACBU,AACIU,ABR.PRE,ADAC,ADACU,ADSE,AEAQU,ALCYU,ALDF"
2026-02-18,3677,1129,3987,2548,52,0,0,362,2858,"AACB,AACIU,AALG,AAME,AARD,AAT,ABEO,ABNG,ABOS,ABR.PRD",,"AACBU,ABR.PRE,ACCS,ADAC,ADXN,AEAQ,AHG,AIIA,AIIA.U,ALCYU"
2026-02-19,3586,1131,3984,2455,1,0,0,399,2853,"AACIU,AALG,AAME,AARD,AAT,ABEO,ABNG,ABOS,ABR.PRD,ABTS",,"AACB,AACBU,ABR.PRE,ADAC,ADXN,AEAQ,AHG,AIFU,AIIA,AIIA.U"
2026-02-20,3603,1080,3962,2525,1,2,1,360,2883,"AACIU,AALG,AAME,AARD,ABEO,ABNG,ABOS,ABR.PRD,ABR.PRE,ABTS","HCMA,MOLN","AACB,AACBU,ADAC,ADSE,AEAQ,AEAQU,AEI,AIIA,AIIA.U,ALCYU"
2026-02-23,0,0,0,0,0,0,0,0,0,,,
