date,minute_symbols,minute_complete_symbols,minute_gap_symbols,minute_total_bars,minute_min_price,minute_max_price,minute_symbols_outside_1_20,hour_symbols,hour_complete_symbols,hour_gap_symbols,hour_total_bars,hour_min_price,hour_max_price,hour_symbols_outside_1_20,daily_symbols,daily_complete_symbols,daily_gap_symbols,daily_total_bars,daily_min_price,daily_max_price,daily_symbols_outside_1_20
2024-12-02,368,9,359,31093,0.0442,32.5,40,0,0,0,0,,,0,0,0,0,0,,,0
2024-12-03,371,8,363,29808,0.043,28.23,40,0,0,0,0,,,0,0,0,0,0,,,0
2024-12-04,370,5,365,29159,0.046,31.075,38,0,0,0,0,,,0,0,0,0,0,,,0
2024-12-05,369,6,363,29249,0.0451,32.6985,39,0,0,0,0,,,0,0,0,0,0,,,0
2024-12-06,370,5,365,29184,0.042,50.82,40,0,0,0,0,,,0,0,0,0,0,,,0
2024-12-09,371,9,362,30909,0.0425,32.0,39,0,0,0,0,,,0,0,0,0,0,,,0
2024-12-10,370,9,361,29418,0.0408,29.65,40,0,0,0,0,,,0,0,0,0,0,,,0
2024-12-11,371,7,364,29685,0.0405,30.565,43,0,0,0,0,,,0,0,0,0,0,,,0
2024-12-12,370,10,360,29343,0.0385,32.36,38,0,0,0,0,,,0,0,0,0,0,,,0
2024-12-13,372,9,363,29405,0.0391,32.6,39,0,0,0,0,,,0,0,0,0,0,,,0
2024-12-16,375,10,365,30921,0.0391,36.74,41,0,0,0,0,,,0,0,0,0,0,,,0
2024-12-17,373,12,361,31184,0.0424,40.75,36,0,0,0,0,,,0,0,0,0,0,,,0
2024-12-18,378,12,366,30267,0.0433,42.9,37,0,0,0,0,,,0,0,0,0,0,,,0
2024-12-19,376,13,363,32130,0.043,55.55,36,0,0,0,0,,,0,0,0,0,0,,,0
2024-12-20,376,10,366,30570,0.0403,49.12,32,0,0,0,0,,,0,0,0,0,0,,,0
2024-12-23,379,11,368,30837,0.0394,53.8707,35,0,0,0,0,,,0,0,0,0,0,,,0
2024-12-24,374,12,362,29579,0.0383,48.8,31,0,0,0,0,,,0,0,0,0,0,,,0
2024-12-25,0,0,0,0,,,0,0,0,0,0,,,0,0,0,0,0,,,0
2024-12-26,375,12,363,30112,0.0397,59.2573,33,0,0,0,0,,,0,0,0,0,0,,,0
2024-12-27,378,12,366,31795,0.0395,90.64,28,0,0,0,0,,,0,1957,1957,0,1957,0.0391,165.7589,301
2024-12-30,380,16,364,32134,0.0395,71.0,31,0,0,0,0,,,0,3208,3208,0,3208,0.039,165.7589,510
2024-12-31,380,13,367,31137,0.04,65.0,30,0,0,0,0,,,0,3209,3209,0,3209,0.0396,165.7589,512
2025-01-02,239,3,236,19995,0.1312,42.215,43,0,0,0,0,,,0,3213,3213,0,3213,0.04,165.7589,508
2025-01-03,9,2,7,1274,2.72,18.52,0,0,0,0,0,,,0,3214,3214,0,3214,0.0405,165.7589,505
2025-01-06,3079,38,3041,236922,0.04,145.97,493,1416,404,1012,3370,0.0389,143.1,313,3214,3214,0,3214,0.0401,165.7589,504
2025-01-07,3081,24,3057,228411,0.1051,132.0296,484,1160,341,819,2745,0.107,132.64,267,3215,3215,0,3215,0.085,165.7589,504
2025-01-08,3045,22,3023,219737,0.048,128.0,477,1267,357,910,2927,0.054,123.71,285,3215,3215,0,3215,0.048,165.7589,501
2025-01-09,0,0,0,0,,,0,0,0,0,0,,,0,0,0,0,0,,,0
2025-01-10,3088,22,3066,231280,0.0966,128.75,471,1283,340,943,2980,0.109,104.4,284,3215,3215,0,3215,0.092,165.7589,485
2025-01-13,3065,20,3045,226697,0.089,124.88,464,1364,361,1003,3178,0.0999,95.68,302,3217,3217,0,3217,0.089,165.7589,483
2025-01-14,3070,19,3051,211986,0.0735,123.51,466,1048,271,777,2413,0.0735,119.11,247,3221,3221,0,3221,0.0745,165.7589,488
2025-01-15,3067,22,3045,220938,0.0196,123.015,488,1050,275,775,2413,0.0514,99.24,245,3223,3223,0,3223,0.033,165.7589,516
2025-01-16,3068,15,3053,207176,0.0402,119.77,488,1074,287,787,2508,0.0377,107.8,255,3226,3226,0,3226,0.0391,165.7589,514
2025-01-17,3043,23,3020,207467,0.0378,117.82,493,1075,275,800,2433,0.0366,111.14,260,3227,3227,0,3227,0.038,165.7589,523
2025-01-21,3090,16,3074,221661,0.0351,121.26,510,1346,395,951,3215,0.036,120.8,312,3227,3227,0,3227,0.032,165.7589,529
2025-01-22,3090,22,3068,213411,0.0328,130.5,504,1130,337,793,2662,0.035,125.75,284,3227,3227,0,3227,0.032,165.7589,528
2025-01-23,3062,17,3045,205381,0.0325,137.17,502,1075,304,771,2510,0.033,128.37,279,3230,3230,0,3230,0.0325,165.7589,527
2025-01-24,3072,11,3061,206689,0.034,150.21,505,1092,316,776,2615,0.0334,140.35,289,3230,3230,0,3230,0.035,165.7589,528
2025-01-27,3085,20,3065,224194,0.032,130.69,515,1525,500,1025,3759,0.0313,126.0,331,3230,3230,0,3230,0.0321,165.7589,533
2025-01-28,3081,13,3068,204660,0.0281,139.61,504,1108,320,788,2596,0.0321,131.8,275,3232,3232,0,3232,0.0281,165.7589,524
2025-01-29,3065,12,3053,195413,0.026,144.18,492,996,294,702,2389,0.0247,142.65,253,3233,3233,0,3233,0.0251,165.7589,524
2025-01-30,3078,14,3064,203160,0.023,147.19,496,1060,277,783,2453,0.0244,141.69,272,3236,3236,0,3236,0.023,165.7589,523
2025-01-31,3070,11,3059,204674,0.025,159.94,499,1016,289,727,2406,0.0244,145.8,251,3238,3238,0,3238,0.0251,165.7589,524
2025-02-03,3110,20,3090,231619,0.0251,151.245,496,1548,427,1121,3599,0.025,147.0,321,3239,3239,0,3239,0.0255,165.7589,516
2025-02-04,6,3,3,1264,2.2109,10.84,0,989,251,738,2185,0.026,223.72,245,3239,3239,0,3239,0.0235,240.3,516
2025-02-05,3085,13,3072,206252,0.0192,227.4156,503,1064,281,783,2460,0.024,224.1,238,3243,3243,0,3243,0.0192,227.4156,527
2025-02-06,3069,17,3052,207082,0.0208,249.0,508,1152,351,801,2761,0.0205,222.5,248,3245,3245,0,3245,0.0208,261.44,530
2025-02-07,3096,13,3083,212244,0.017,280.0,506,1060,303,757,2498,0.019,273.84,249,3247,3247,0,3247,0.0166,283.2816,536
2025-02-10,3104,12,3092,212617,0.0689,279.2,503,1298,371,927,3064,0.0699,266.59,282,3247,3247,0,3247,0.0689,285.7,522
2025-02-11,3084,9,3075,205899,0.062,294.32,493,1156,341,815,2742,0.071,288.28,275,3249,3249,0,3249,0.0732,294.32,523
2025-02-12,3105,12,3093,212593,0.072,282.6,488,1058,297,761,2485,0.0757,271.5,243,3251,3251,0,3251,0.0706,288.99,510
2025-02-13,3078,11,3067,204552,0.0654,292.24,490,1076,293,783,2533,0.0689,285.7,248,3258,3258,0,3258,0.0665,292.24,522
2025-02-14,3094,18,3076,208779,0.062,303.44,509,1189,357,832,2791,0.066,288.75,275,3261,3261,0,3261,0.062,303.44,539
2025-02-18,3119,17,3102,223116,0.056,325.26,521,1370,379,991,3171,0.058,302.91,293,3263,3263,0,3263,0.059,325.26,537
2025-02-19,3115,14,3101,209463,0.061,326.7999,504,1150,268,882,2622,0.0631,323.25,279,3265,3265,0,3265,0.061,326.7999,526
2025-02-20,3118,19,3099,213987,0.0651,247.47,511,1197,325,872,2780,0.064,253.14,278,3267,3267,0,3267,0.066,236.4786,533
2025-02-21,3107,15,3092,207432,0.071,243.08,506,1155,289,866,2643,0.0691,239.62,267,3267,3267,0,3267,0.072,243.08,535
2025-02-24,3132,10,3122,225848,0.0605,214.7824,512,1213,300,913,2746,0.0779,217.89,287,3267,3267,0,3267,0.066,200.2,524
2025-02-25,3106,10,3096,228627,0.0663,175.4363,506,1164,313,851,2677,0.0723,171.49,276,3268,3268,0,3268,0.0663,169.14,528
2025-02-26,3096,11,3085,209107,0.065,168.51,502,1124,272,852,2490,0.061,167.12,264,3270,3270,0,3270,0.065,168.51,524
2025-02-27,3084,16,3068,208144,0.0441,175.72,506,1027,261,766,2303,0.07,170.17,256,3273,3273,0,3273,0.046,175.72,531
2025-02-28,3098,20,3078,213516,0.0361,143.51,504,1053,284,769,2400,0.041,143.0,257,3275,3275,0,3275,0.0361,144.5,521
2025-03-03,3136,15,3121,220187,0.0705,163.22,507,1175,310,865,2678,0.0792,154.0,281,3276,3276,0,3276,0.0705,163.22,535
2025-03-04,3153,25,3128,243464,0.0612,141.11,512,1157,291,866,2585,0.065,143.25,270,3276,3276,0,3276,0.0612,156.05,528
2025-03-05,3124,11,3113,213606,0.062,152.39,494,1011,267,744,2285,0.0621,155.2,228,3277,3277,0,3277,0.0629,162.34,519
2025-03-06,3109,9,3100,211263,0.0631,159.0,490,1066,274,792,2415,0.0631,157.0,247,3278,3278,0,3278,0.0652,155.2799,516
2025-03-07,3134,14,3120,213201,0.0682,138.21,495,907,225,682,2016,0.068,133.3,235,3284,3284,0,3284,0.0682,141.7178,521
2025-03-10,3154,12,3142,221128,0.068,136.3109,493,1147,259,888,2518,0.071,138.2,251,3284,3284,0,3284,0.068,132.74,514
2025-03-11,3123,10,3113,219093,0.0701,124.28,494,1024,260,764,2257,0.0705,120.0,252,3286,3286,0,3286,0.0725,125.47,512
2025-03-12,3128,13,3115,212630,0.0732,136.71,491,945,223,722,2030,0.075,128.83,228,3289,3289,0,3289,0.0732,136.9677,512
2025-03-13,3087,9,3078,202727,0.076,134.65,478,930,218,712,2036,0.075,132.63,223,3292,3292,0,3292,0.0765,134.65,507
2025-03-14,3113,9,3104,207874,0.0611,142.66,482,956,214,742,2070,0.0803,129.07,227,3293,3293,0,3293,0.0758,144.24,504
2025-03-17,3131,12,3119,211110,0.0555,151.57,492,1077,270,807,2403,0.0749,149.88,254,3294,3294,0,3294,0.0555,149.62,511
2025-03-18,3118,12,3106,205680,0.0629,144.45,486,1007,236,771,2250,0.0681,149.0,240,3295,3295,0,3295,0.0629,140.55,512
2025-03-19,3106,9,3097,192419,0.0612,140.8,484,882,202,680,1938,0.0649,136.03,236,3296,3296,0,3296,0.0612,146.24,512
2025-03-20,3104,6,3098,196531,0.0505,152.2788,485,1039,258,781,2313,0.0666,147.0,245,3298,3298,0,3298,0.068,152.2788,507
2025-03-21,3100,12,3088,193936,0.0635,147.8799,483,899,206,693,1963,0.065,143.0,232,3302,3302,0,3302,0.0621,156.3838,504
2025-03-24,3131,9,3122,205968,0.055,178.0,484,1162,267,895,2539,0.062,166.7,270,3303,3303,0,3303,0.0526,178.1,507
2025-03-25,3126,10,3116,199307,0.0322,181.02,482,961,230,731,2127,0.0459,178.56,237,3305,3305,0,3305,0.0322,181.02,509
2025-03-26,3111,2,3109,198855,0.0333,177.75,486,928,212,716,2027,0.0333,175.82,242,3309,3309,0,3309,0.037,177.75,510
2025-03-27,3111,6,3105,194696,0.0376,164.33,478,884,205,679,1942,0.042,158.26,226,3310,3310,0,3310,0.0376,164.33,495
2025-03-28,3118,7,3111,200748,0.0331,150.48,476,887,208,679,1933,0.0369,149.99,213,3310,3310,0,3310,0.031,149.185,497
2025-03-31,3141,5,3136,217705,0.025,130.32,477,1282,291,991,2794,0.0265,128.63,273,3312,3312,0,3312,0.024,133.7,491
2025-04-01,3147,6,3141,209923,0.0212,193.79,472,980,225,755,2154,0.0249,138.0,238,3315,3315,0,3315,0.0212,265.0,493
2025-04-02,3128,10,3118,201488,0.0284,197.9278,482,999,209,790,2111,0.0286,199.0,235,3320,3320,0,3320,0.0285,177.01,503
2025-04-03,3168,7,3161,234476,0.0249,135.57,489,1297,275,1022,2784,0.0265,132.8,281,3325,3325,0,3325,0.0255,136.38,502
2025-04-04,3188,12,3176,264466,0.02,130.23,502,1623,299,1324,3436,0.0247,130.44,309,3330,3330,0,3330,0.02,121.1799,511
2025-04-07,3208,13,3195,263150,0.0185,121.1,526,1641,430,1211,3814,0.021,101.0,330,3331,3331,0,3331,0.0185,121.1,531
2025-04-08,3177,11,3166,235357,0.0189,133.5,483,1224,265,959,2589,0.0178,121.17,269,3335,3335,0,3335,0.0134,133.5,517
2025-04-09,3165,10,3155,231298,0.0125,121.07,491,1373,255,1118,2846,0.014,123.3,280,3336,3336,0,3336,0.0112,153.72,533
2025-04-10,3168,8,3160,218501,0.0199,145.7,485,1236,247,989,2613,0.015,143.5,254,3339,3339,0,3339,0.0167,145.7,504
2025-04-11,3155,8,3147,207565,0.0206,143.27,485,1006,223,783,2204,0.0199,142.6,221,3340,3340,0,3340,0.0206,141.57,504
2025-04-14,3163,9,3154,218987,0.023,166.21,474,1254,272,982,2694,0.0231,155.99,273,3340,3340,0,3340,0.023,166.21,489
2025-04-15,3153,7,3146,201502,0.0271,167.36,473,985,184,801,2096,0.0284,156.6,211,3340,3340,0,3340,0.026,172.0,489
2025-04-16,3139,8,3131,195028,0.0181,167.99,469,1032,217,815,2231,0.0266,167.7,235,3340,3340,0,3340,0.0181,166.16,495
2025-04-17,3141,8,3133,192715,0.016,158.4,472,1028,217,811,2146,0.0171,159.01,229,3343,3343,0,3343,0.016,157.91,487
2025-04-21,3166,7,3159,201265,0.023,162.33,475,1172,237,935,2491,0.0219,151.85,245,3349,3349,0,3349,0.0253,162.33,491
2025-04-22,3170,4,3166,206641,0.0249,156.68,480,1024,223,801,2167,0.0258,149.4,230,3353,3353,0,3353,0.0249,161.19,497
2025-04-23,3166,8,3158,224183,0.028,185.37,476,1263,302,961,2798,0.028,173.34,265,3356,3356,0,3356,0.0282,185.37,494
2025-04-24,3174,8,3166,198477,0.02,193.0,467,1015,239,776,2266,0.0267,176.71,231,3357,3357,0,3357,0.02,201.16,485
2025-04-25,3164,9,3155,195082,0.018,209.37,450,1092,264,828,2433,0.0176,209.2,250,3363,3363,0,3363,0.018,219.39,475
2025-04-28,3196,8,3188,203703,0.0273,225.25,459,1140,272,868,2555,0.0273,221.13,239,3364,3364,0,3364,0.028,227.0,477
2025-04-29,3167,15,3152,195583,0.0316,230.6368,444,998,240,758,2229,0.0316,229.62,222,3366,3366,0,3366,0.0321,233.05,472
2025-04-30,3183,11,3172,208368,0.0329,231.64,463,969,224,745,2150,0.0351,229.79,212,3368,3368,0,3368,0.0329,242.365,474
2025-05-01,3179,9,3170,209090,0.033,252.0,452,1064,235,829,2290,0.0348,250.81,238,3370,3370,0,3370,0.032,248.1776,466
2025-05-02,3203,8,3195,207499,0.032,260.0,442,1026,239,787,2234,0.033,238.0,216,3375,3375,0,3375,0.032,264.5,464
2025-05-05,3176,8,3168,203108,0.0275,266.6404,449,1242,263,979,2693,0.032,268.15,239,3376,3376,0,3376,0.0275,268.0,465
2025-05-06,3163,10,3153,203188,0.025,227.99,437,1079,247,832,2347,0.023,227.73,219,3378,3378,0,3378,0.0259,217.97,466
2025-05-07,3155,8,3147,202037,0.044,209.41,444,1078,245,833,2344,0.057,204.36,252,3381,3381,0,3381,0.0401,209.41,469
2025-05-08,3206,11,3195,218312,0.0525,237.0,456,1167,282,885,2646,0.053,212.78,260,3383,3383,0,3383,0.0525,240.92,469
2025-05-09,3161,15,3146,209131,0.04,237.92,457,1034,238,796,2192,0.0433,239.37,226,3385,3385,0,3385,0.0394,235.36,471
2025-05-12,3232,21,3211,240706,0.0323,250.5659,460,1528,471,1057,3600,0.0399,252.0,313,3387,3387,0,3387,0.0323,242.4,479
2025-05-13,3233,13,3220,228050,0.025,274.0,467,1105,272,833,2491,0.024,233.86,250,3391,3391,0,3391,0.028,281.01,484
2025-05-14,3211,24,3187,225665,0.0116,294.0,467,1066,305,761,2441,0.0143,278.28,247,3393,3393,0,3393,0.0116,294.0,489
2025-05-15,3192,11,3181,212892,0.0085,279.59,468,1011,290,721,2288,0.0122,274.3,240,3396,3396,0,3396,0.0085,279.59,487
2025-05-16,3187,16,3171,212197,0.0066,280.0,458,944,257,687,2154,0.0082,276.0,233,3398,3398,0,3398,0.0061,280.0,478
2025-05-19,3205,12,3193,210760,0.0066,269.13,453,1210,310,900,2689,0.0079,257.7,257,3399,3399,0,3399,0.0063,269.13,478
2025-05-20,3188,15,3173,207176,0.0052,270.9492,447,975,251,724,2125,0.0062,271.45,224,3399,3399,0,3399,0.005,269.49,474
2025-05-21,3187,13,3174,206644,0.0048,265.895,447,1020,264,756,2268,0.0045,258.69,234,3400,3400,0,3400,0.0048,265.895,478
2025-05-22,3181,18,3163,214767,0.0041,261.9799,461,1026,268,758,2234,0.0049,248.32,234,3403,3403,0,3403,0.0041,261.9799,480
2025-05-23,3200,28,3172,214633,0.0032,251.05,463,1163,271,892,2442,0.0039,254.0,259,3407,3407,0,3407,0.0032,258.36,475
2025-05-27,3231,16,3215,226419,0.0049,268.2668,455,1208,329,879,2768,0.005,267.98,278,3408,3408,0,3408,0.0058,268.2668,471
2025-05-28,3238,12,3226,213285,0.0055,259.14,437,942,270,672,2152,0.0051,250.58,220,3411,3411,0,3411,0.0056,259.14,464
2025-05-29,3204,19,3185,216195,0.0075,263.5,447,1055,308,747,2456,0.0074,263.0,240,3414,3414,0,3414,0.0075,262.37,468
2025-05-30,3219,14,3205,209889,0.0076,282.08,446,848,225,623,1902,0.009,253.0,208,3415,3415,0,3415,0.0073,283.8,465
2025-06-02,3223,9,3214,227645,0.0071,294.47,439,1108,285,823,2456,0.0071,279.1,236,3420,3420,0,3420,0.0071,294.47,458
2025-06-03,3231,16,3215,222504,0.007,291.14,432,979,265,714,2172,0.0073,285.0,224,3420,3420,0,3420,0.007,298.0,453
2025-06-04,3217,11,3206,218620,0.0066,291.7336,441,1002,266,736,2230,0.0066,291.93,223,3421,3421,0,3421,0.0066,287.92,454
2025-06-05,3208,9,3199,221238,0.0065,287.0,434,972,266,706,2263,0.0065,277.0,238,3423,3423,0,3423,0.0064,287.0,461
2025-06-06,3219,12,3207,221899,0.0061,254.485,439,872,260,612,2038,0.0059,246.06,217,3425,3425,0,3425,0.0061,263.75,456
2025-06-09,3233,14,3219,233491,0.0065,270.17,428,1182,353,829,2754,0.0067,261.88,246,3427,3427,0,3427,0.0065,280.84,444
2025-06-10,3233,13,3220,226534,0.0067,288.3646,425,1038,309,729,2454,0.0067,277.76,241,3429,3429,0,3429,0.0068,288.3646,443
2025-06-11,3216,20,3196,230163,0.007,310.67,427,999,292,707,2311,0.0067,281.24,232,3430,3430,0,3430,0.0083,310.67,446
2025-06-12,3215,16,3199,215141,0.017,300.4106,426,1112,302,810,2532,0.0165,295.66,241,3434,3434,0,3434,0.0282,300.4106,446
2025-06-13,3206,19,3187,228155,0.0185,310.0,414,1267,387,880,3063,0.02,286.0,234,3439,3439,0,3439,0.0185,313.58,439
2025-06-16,3264,17,3247,230072,0.0194,334.71,421,1233,344,889,2844,0.0183,316.5,242,3442,3442,0,3442,0.0234,334.71,440
2025-06-17,3239,15,3224,222607,0.022,326.0,418,1057,294,763,2431,0.024,325.71,229,3444,3444,0,3444,0.021,320.59,436
2025-06-18,3237,11,3226,215293,0.0236,313.5499,416,978,276,702,2252,0.0238,313.0,225,3448,3448,0,3448,0.0244,313.76,440
2025-06-20,3247,19,3228,228051,0.0246,322.45,431,1144,339,805,2697,0.0243,316.11,243,3451,3451,0,3451,0.0265,322.45,446
2025-06-23,3274,22,3252,233290,0.03,321.47,423,1272,365,907,2952,0.0286,310.48,254,3455,3455,0,3455,0.028,321.47,440
2025-06-24,3258,10,3248,226944,0.0305,321.6,429,1120,326,794,2610,0.031,318.72,226,3459,3459,0,3459,0.0305,328.26,450
2025-06-25,3231,22,3209,224218,0.03,346.5244,428,1047,297,750,2408,0.0315,326.5,243,3462,3462,0,3462,0.03,346.5244,443
2025-06-26,3242,14,3228,221473,0.0125,348.4713,418,978,281,697,2274,0.028,333.85,215,3466,3466,0,3466,0.024,348.4713,434
2025-06-27,3261,20,3241,227718,0.0225,340.2,421,1026,299,727,2375,0.0244,337.8,219,3468,3468,0,3468,0.0225,333.0,440
2025-06-30,3286,16,3270,238534,0.0231,300.8,433,1219,333,886,2792,0.023,296.79,264,3471,3471,0,3471,0.0233,302.0,447
2025-07-01,3273,19,3254,235915,0.025,293.2533,439,1070,295,775,2433,0.0256,293.25,244,3476,3476,0,3476,0.025,289.99,458
2025-07-02,3263,16,3247,231640,0.025,277.765,437,990,273,717,2205,0.0246,273.41,227,3484,3484,0,3484,0.0242,278.135,456
2025-07-03,3266,18,3248,237147,0.0242,287.0,438,1036,276,760,2347,0.0247,277.6,217,3484,3484,0,3484,0.025,287.0,449
2025-07-07,3278,15,3263,233833,0.021,297.9,424,1266,345,921,2891,0.0241,280.29,232,3487,3487,0,3487,0.021,302.6,439
2025-07-08,3265,13,3252,228128,0.0213,301.53,417,1024,280,744,2316,0.022,300.31,238,3488,3488,0,3488,0.02,304.88,430
2025-07-09,3261,21,3240,228581,0.02,88.3,413,994,295,699,2296,0.0208,84.08,214,3488,3488,0,3488,0.02,88.3,433
2025-07-10,3264,25,3239,229328,0.0194,92.13,417,1069,307,762,2504,0.0194,88.14,237,3489,3489,0,3489,0.0211,95.93,437
2025-07-11,3273,24,3249,225614,0.0214,101.08,418,1165,344,821,2653,0.022,94.62,234,3493,3493,0,3493,0.0208,101.08,428
2025-07-14,3286,19,3267,235339,0.0206,100.69,407,1289,368,921,2931,0.0211,99.431,239,3496,3496,0,3496,0.0206,100.69,422
2025-07-15,3295,18,3277,240267,0.02,100.4205,416,1085,343,742,2581,0.0202,96.56,237,3503,3503,0,3503,0.0203,100.5,424
2025-07-16,3270,23,3247,243062,0.0201,106.04,409,1048,320,728,2473,0.02,96.7,228,3507,3507,0,3507,0.02,106.6105,426
2025-07-17,3277,21,3256,239057,0.02,110.68,416,1149,353,796,2719,0.0205,105.48,244,3509,3509,0,3509,0.02,110.68,433
2025-07-18,3284,26,3258,235835,0.0175,125.04,419,1112,362,750,2684,0.0194,115.34,234,3510,3510,0,3510,0.0175,125.04,430
2025-07-21,3320,30,3290,246063,0.0174,118.18,415,1341,394,947,3118,0.018,119.02,248,3513,3513,0,3513,0.0143,118.115,419
2025-07-22,3279,20,3259,236371,0.0158,109.0,408,1117,325,792,2602,0.0167,106.02,224,3515,3515,0,3515,0.017,109.0,427
2025-07-23,3290,27,3263,240962,0.022,104.32,409,1191,329,862,2740,0.0217,81.47,227,3519,3519,0,3519,0.022,101.87,423
2025-07-24,3268,21,3247,234416,0.0275,102.78,410,1152,333,819,2703,0.0274,103.52,236,3523,3523,0,3523,0.0316,102.59,421
2025-07-25,3283,13,3270,222407,0.044,108.92,407,1030,302,728,2436,0.0439,99.38,215,3525,3525,0,3525,0.0461,109.5,416
2025-07-28,3311,18,3293,234669,0.055,111.55,411,1312,377,935,3078,0.0577,172.93,252,3526,3526,0,3526,0.046,111.0,421
2025-07-29,3302,19,3283,234763,0.0452,111.1282,405,1080,309,771,2496,0.053,110.73,228,3527,3527,0,3527,0.0452,111.1282,422
2025-07-30,3283,14,3269,225608,0.0289,110.5,402,1024,285,739,2341,0.0288,104.75,225,3529,3529,0,3529,0.0295,110.77,417
2025-07-31,3302,15,3287,235574,0.0295,114.39,401,1164,321,843,2643,0.0295,107.41,234,3533,3533,0,3533,0.0302,114.39,410
2025-08-01,3313,19,3294,251037,0.0353,102.2375,391,1313,416,897,3169,0.041,95.2,237,3536,3536,0,3536,0.0353,104.95,395
2025-08-04,3307,18,3289,228711,0.039,104.0,390,1236,345,891,2856,0.0389,74.68,216,3538,3538,0,3538,0.0415,108.885,404
2025-08-05,3296,23,3273,231633,0.0411,109.88,385,1090,294,796,2468,0.0453,109.2,210,3539,3539,0,3539,0.0411,109.88,399
2025-08-06,3299,17,3282,231962,0.0391,106.2,392,1074,293,781,2442,0.0412,77.0,208,3543,3543,0,3543,0.0361,106.9088,402
2025-08-07,3328,19,3309,238796,0.0368,120.2263,397,1210,338,872,2746,0.039,109.09,222,3547,3547,0,3547,0.0325,120.2263,406
2025-08-08,3284,14,3270,233802,0.0334,129.34,389,1122,292,830,2508,0.0333,89.86,213,3550,3550,0,3550,0.0313,129.34,398
2025-08-11,3323,19,3304,240035,0.0352,130.59,390,1298,369,929,3021,0.0007,130.35,228,3553,3553,0,3553,0.0352,131.0,394
2025-08-12,3309,24,3285,241383,0.038,131.07,379,1090,302,788,2440,0.0418,121.47,191,3556,3556,0,3556,0.038,131.07,394
2025-08-13,3316,22,3294,247009,0.034,129.19,393,1175,359,816,2774,0.038,127.95,207,3557,3557,0,3557,0.0385,129.91,407
2025-08-14,3298,19,3279,241915,0.0365,131.6,380,1127,323,804,2641,0.039,130.58,197,3559,3559,0,3559,0.0365,127.5199,398
2025-08-15,3310,16,3294,228018,0.0272,124.78,372,1086,284,802,2461,0.0306,124.98,191,3563,3563,0,3563,0.0285,123.235,384
2025-08-18,3323,13,3310,233285,0.0255,122.1,373,1244,323,921,2800,0.0282,120.6,210,3564,3564,0,3564,0.0257,124.8736,388
2025-08-19,3340,8,3332,229649,0.0224,129.0,375,1065,271,794,2371,0.0246,126.0,175,3566,3566,0,3566,0.021,129.0,389
2025-08-20,3321,6,3315,228789,0.0699,108.04,369,1000,253,747,2241,0.0924,109.43,176,3567,3567,0,3567,0.0767,108.04,381
2025-08-21,3304,10,3294,216081,0.06,109.44,357,1028,256,772,2245,0.0885,105.53,184,3570,3570,0,3570,0.0664,109.44,378
2025-08-22,3307,11,3296,242581,0.0609,122.515,385,1015,255,760,2255,0.0644,107.34,181,3573,3573,0,3573,0.0609,131.7399,405
2025-08-25,3321,16,3305,229188,0.0602,124.28,383,1267,342,925,2838,0.0635,120.37,201,3573,3573,0,3573,0.0602,122.24,390
2025-08-26,3293,17,3276,218664,0.0682,115.5,367,1027,263,764,2294,0.0666,110.16,175,3573,3573,0,3573,0.0725,116.595,389
2025-08-27,3296,12,3284,217449,0.0725,119.6599,369,1033,263,770,2323,0.0801,117.59,187,3575,3575,0,3575,0.0725,119.6599,387
2025-08-28,3322,10,3312,221083,0.061,117.28,368,1035,280,755,2288,0.08,117.71,185,3576,3576,0,3576,0.06,117.0,385
2025-08-29,3296,14,3282,219624,0.044,110.6,362,997,285,712,2273,0.0113,106.2,179,3579,3579,0,3579,0.044,105.99,378
2025-09-02,3359,22,3337,245197,0.065,104.2,358,1440,374,1066,3205,0.164,107.0,212,3579,3579,0,3579,0.07,104.1,375
2025-09-03,3321,10,3311,228827,0.07,108.22,360,1091,284,807,2419,0.0911,103.4,167,3582,3582,0,3582,0.0525,108.38,374
2025-09-04,3316,12,3304,228131,0.045,105.32,357,1015,272,743,2278,0.155,105.45,164,3586,3586,0,3586,0.045,104.19,375
2025-09-05,3351,10,3341,242916,0.06,107.31,376,1018,283,735,2340,0.135,104.38,180,3588,3588,0,3588,0.0465,107.0,388
2025-09-08,3345,9,3336,244117,0.0808,123.001,377,1262,350,912,2864,0.0912,110.18,194,3589,3589,0,3589,0.044,124.52,391
2025-09-09,3343,13,3330,237329,0.04,125.0,385,1223,370,853,2922,0.07,123.7,205,3595,3595,0,3595,0.04,155.0,392
2025-09-10,3349,22,3327,246818,0.0652,137.1408,386,1272,379,893,3005,0.0733,132.12,222,3601,3601,0,3601,0.045,137.1408,396
2025-09-11,3331,17,3314,244889,0.0601,131.86,389,1152,338,814,2710,0.0681,126.19,202,3603,3603,0,3603,0.0601,133.71,404
2025-09-12,3341,13,3328,235896,0.0625,126.52,386,1225,357,868,2881,0.077,126.72,220,3609,3609,0,3609,0.0625,124.305,396
2025-09-15,3376,30,3346,250367,0.0605,122.17,388,1443,420,1023,3344,0.0725,120.45,224,3610,3610,0,3610,0.0605,122.17,399
2025-09-16,3371,16,3355,240957,0.0628,125.0,391,1199,358,841,2810,0.0679,113.63,208,3613,3613,0,3613,0.0628,125.19,401
2025-09-17,3361,15,3346,237182,0.065,132.75,390,1174,348,826,2760,0.0691,124.13,207,3614,3614,0,3614,0.062,139.54,407
2025-09-18,3353,24,3329,246770,0.0574,157.85,394,1330,416,914,3168,0.061,155.53,222,3617,3617,0,3617,0.0574,156.5,412
2025-09-19,3367,19,3348,240404,0.063,159.99,403,1161,352,809,2718,0.0751,136.54,218,3622,3622,0,3622,0.063,159.99,417
2025-09-22,3388,28,3360,251756,0.075,168.4973,395,1497,464,1033,3591,0.0809,152.12,250,3623,3623,0,3623,0.0668,168.51,406
2025-09-23,3385,26,3359,245497,0.0604,181.2242,393,1270,375,895,2939,0.06,176.59,222,3626,3626,0,3626,0.0404,181.2242,407
2025-09-24,3376,23,3353,242350,0.0503,188.5,397,1227,358,869,2886,0.107,190.8,230,3626,3626,0,3626,0.0503,197.9035,403
2025-09-25,3369,46,3323,250776,0.07,174.57,386,1323,404,919,3136,0.0883,171.65,224,3629,3629,0,3629,0.07,181.0,395
2025-09-26,3381,28,3353,235838,0.065,192.99,381,1107,326,781,2604,0.0855,171.58,207,3633,3633,0,3633,0.065,192.99,395
2025-09-29,3390,21,3369,250907,0.0433,176.2,397,1431,425,1006,3372,0.0433,171.0,232,3633,3633,0,3633,0.045,176.2,402
2025-09-30,3400,17,3383,247062,0.0711,178.97,384,1247,366,881,2900,0.0707,162.0,209,3643,3643,0,3643,0.07,181.61,393
2025-10-01,3387,19,3368,251358,0.0355,179.925,394,1187,340,847,2743,0.0725,177.2,214,3650,3650,0,3650,0.07,179.925,405
2025-10-02,3402,24,3378,253497,0.07,206.42,400,1222,358,864,2870,0.078,158.85,225,3653,3653,0,3653,0.07,206.9228,411
2025-10-03,3408,27,3381,254788,0.0717,249.31,401,1253,366,887,2890,0.076,225.1,237,3655,3655,0,3655,0.075,263.2494,411
2025-10-06,3457,37,3420,262455,0.0701,260.43,406,1491,456,1035,3536,0.0762,252.99,243,3656,3656,0,3656,0.072,294.52,407
2025-10-07,3405,43,3362,266577,0.075,335.63,393,1347,428,919,3237,0.0745,306.13,227,3660,3660,0,3660,0.0731,335.63,407
2025-10-08,3429,30,3399,250904,0.0736,364.3999,395,1344,396,948,3134,0.073,316.14,233,3664,3664,0,3664,0.0736,364.3999,407
2025-10-09,3431,33,3398,258280,0.0748,362.685,404,1309,427,882,3180,0.0763,305.61,235,3666,3666,0,3666,0.0758,362.685,407
2025-10-10,3416,36,3380,274215,0.0728,377.0,393,1333,454,879,3307,0.0839,370.51,243,3666,3666,0,3666,0.0728,377.0,406
2025-10-13,3412,41,3371,258509,0.0681,412.0,368,1593,560,1033,3948,0.0735,341.7,240,3666,3666,0,3666,0.0681,452.395,382
2025-10-14,3409,43,3366,253498,0.07,462.57,372,1516,484,1032,3643,0.071,447.17,233,3668,3668,0,3668,0.07,501.8,391
2025-10-15,3426,48,3378,265631,0.056,503.62,382,1386,459,927,3395,0.058,506.41,220,3670,3670,0,3670,0.0565,499.06,393
2025-10-16,3414,36,3378,256927,0.0543,455.0,373,1339,411,928,3165,0.0546,454.0,220,3673,3673,0,3673,0.0569,450.073,387
2025-10-17,3413,41,3372,256263,0.0376,338.9,352,1653,543,1110,4110,0.039,310.39,232,3675,3675,0,3675,0.037,331.895,367
2025-10-20,3431,28,3403,249628,0.035,341.55,362,1381,412,969,3254,0.0375,341.55,216,3677,3677,0,3677,0.035,324.06,371
2025-10-21,3428,26,3402,243292,0.056,278.0097,356,1250,354,896,2880,0.058,282.59,204,3684,3684,0,3684,0.056,267.53,367
2025-10-22,3429,22,3407,256639,0.0621,220.01,343,1348,407,941,3198,0.0621,216.9,196,3688,3688,0,3688,0.065,220.01,356
2025-10-23,3391,21,3370,237902,0.0601,244.72,339,1222,364,858,2862,0.0742,243.0,181,3691,3691,0,3691,0.0601,238.0,346
2025-10-24,3411,21,3390,245015,0.0589,255.0,362,1249,366,883,2900,0.0632,230.0,188,3693,3693,0,3693,0.0589,255.0,367
2025-10-27,3469,30,3439,253802,0.052,243.91,370,1569,456,1113,3683,0.0523,224.36,231,3704,3704,0,3704,0.052,243.91,373
2025-10-28,3442,16,3426,240903,0.049,242.6717,372,1283,338,945,2899,0.0528,222.33,205,3708,3708,0,3708,0.049,248.28,377
2025-10-29,3446,16,3430,245872,0.048,209.0,365,1243,369,874,2887,0.051,195.95,194,3711,3711,0,3711,0.0455,213.0,366
2025-10-30,3446,27,3419,249811,0.0412,224.2991,344,1205,339,866,2785,0.0475,209.96,197,3713,3713,0,3713,0.0412,243.47,351
2025-10-31,3442,17,3425,244715,0.0443,256.46,342,1200,337,863,2739,0.0443,242.61,192,3717,3717,0,3717,0.042,261.9499,348
2025-11-03,3478,37,3441,264140,0.044,262.95,343,1443,394,1049,3343,0.0449,255.29,219,3718,3718,0,3718,0.044,259.65,342
2025-11-04,3460,36,3424,255443,0.046,192.738,326,1421,433,988,3369,0.0501,185.0,205,3724,3724,0,3724,0.046,192.738,333
2025-11-05,3471,31,3440,249591,0.0455,176.6299,328,1225,327,898,2731,0.0467,167.7,180,3729,3729,0,3729,0.0455,182.61,340
2025-11-06,3445,23,3422,257430,0.045,185.34,326,1200,336,864,2721,0.0475,183.21,180,3732,3732,0,3732,0.0434,174.9,337
2025-11-07,3448,33,3415,261308,0.043,148.5,310,1291,327,964,2834,0.045,146.97,189,3734,3734,0,3734,0.0402,142.68,325
2025-11-10,3467,22,3445,254407,0.0358,155.75,326,1461,378,1083,3239,0.0399,151.99,213,3741,3741,0,3741,0.0358,155.75,330
2025-11-11,3425,18,3407,237553,0.03,148.2,307,1090,282,808,2381,0.0344,145.95,159,3743,3743,0,3743,0.0292,145.68,321
2025-11-12,3455,17,3438,247057,0.0294,143.43,314,1205,296,909,2673,0.0301,143.37,171,3745,3745,0,3745,0.0291,144.04,322
2025-11-13,3467,19,3448,255980,0.0194,136.44,304,1184,299,885,2608,0.0205,141.5,161,3751,3751,0,3751,0.0194,136.44,318
2025-11-14,3471,42,3429,262339,0.0205,126.37,296,1545,339,1206,3294,0.0205,110.0,189,3751,3751,0,3751,0.0229,127.1282,306
2025-11-17,3485,17,3468,250947,0.0256,121.7,289,1248,320,928,2749,0.025,83.09,174,3763,3763,0,3763,0.0266,116.3,303
2025-11-18,3481,11,3470,252790,0.0246,107.97,287,1217,256,961,2547,0.0273,102.5,156,3770,3770,0,3770,0.0246,107.97,299
2025-11-19,3479,13,3466,242512,0.0235,111.89,286,1081,247,834,2282,0.0246,104.21,149,3776,3776,0,3776,0.0227,111.89,300
2025-11-20,3514,19,3495,256327,0.0198,117.95,296,1104,275,829,2417,0.0215,118.8,156,3780,3780,0,3780,0.0192,117.95,316
2025-11-21,3485,22,3463,260028,0.05,92.59,284,1330,358,972,3029,0.0527,85.65,178,3785,3785,0,3785,0.05,93.58,301
2025-11-24,3560,13,3547,250940,0.0425,99.74,303,1158,260,898,2440,0.0431,94.96,153,3788,3788,0,3788,0.0425,103.63,300
2025-11-25,3571,17,3554,246414,0.0437,101.8799,305,1098,259,839,2378,0.0435,101.87,152,3793,3793,0,3793,0.0441,105.5784,309
2025-11-26,3544,13,3531,241320,0.044,122.0,310,1051,224,827,2251,0.045,78.75,151,3797,3797,0,3797,0.0426,126.84,314
2025-11-28,3567,8,3559,244622,0.0406,129.43,316,1113,248,865,2381,0.0432,128.4,150,3797,3797,0,3797,0.0406,128.27,309
2025-12-01,3547,13,3534,249214,0.041,118.9801,283,1364,281,1083,2850,0.041,114.2,158,3797,3797,0,3797,0.042,118.9801,296
2025-12-02,3523,8,3515,244008,0.0415,127.2,294,1035,232,803,2184,0.043,118.0,141,3802,3802,0,3802,0.0414,127.2,306
2025-12-03,3498,19,3479,244649,0.036,131.84,290,1043,234,809,2231,0.0416,66.59,135,3810,3810,0,3810,0.036,136.83,306
2025-12-04,3530,12,3518,242337,0.0366,141.63,291,1107,269,838,2410,0.039,75.3,143,3818,3818,0,3818,0.0366,142.8311,309
2025-12-05,3523,16,3507,245168,0.0373,142.53,294,1217,254,963,2533,0.0373,102.39,154,3821,3821,0,3821,0.04,138.7,306
2025-12-08,3543,11,3532,251103,0.0396,139.37,297,1301,297,1004,2819,0.0398,137.14,157,3823,3823,0,3823,0.0425,143.3,313
2025-12-09,3553,8,3545,244364,0.0311,54.15,300,1082,238,844,2298,0.0515,53.4,135,3826,3826,0,3826,0.0311,54.3,305
2025-12-10,3551,7,3544,238145,0.0419,63.98,298,1111,253,858,2383,0.0434,53.3,140,3828,3828,0,3828,0.0419,63.98,321
2025-12-11,3541,13,3528,252082,0.04,54.2731,295,1154,273,881,2508,0.0415,53.9,146,3838,3838,0,3838,0.04,54.2731,310
2025-12-12,3518,12,3506,254803,0.0402,54.02,300,1121,273,848,2438,0.0408,52.03,151,3841,3841,0,3841,0.0402,54.02,312
2025-12-15,3593,12,3581,258754,0.0375,49.3156,296,1311,283,1028,2816,0.0401,49.5,141,3900,3900,0,3900,0.0375,48.74,320
2025-12-16,3559,9,3550,245795,0.0373,47.43,285,1103,255,848,2367,0.0373,45.5,145,3907,3907,0,3907,0.0373,48.29,315
2025-12-17,3547,15,3532,247661,0.04,53.0,291,1113,257,856,2388,0.0414,49.3,146,3910,3910,0,3910,0.04,53.0,327
2025-12-18,3548,19,3529,252153,0.0393,57.5,289,1073,248,825,2302,0.0399,50.5,133,3918,3918,0,3918,0.0392,57.5,319
2025-12-19,3559,6,3553,241663,0.0265,54.75,285,1031,249,782,2220,0.0276,53.59,126,3919,3919,0,3919,0.03,54.75,318
2025-12-22,3573,14,3559,257690,0.0305,55.2474,295,1293,298,995,2812,0.0312,53.16,153,3920,3920,0,3920,0.0312,55.2474,322
2025-12-23,3598,12,3586,242173,0.0461,53.6876,285,1090,229,861,2267,0.0481,51.88,131,3922,3922,0,3922,0.0461,53.6876,316
2025-12-24,3542,6,3536,228941,0.0276,49.7,273,953,198,755,1964,0.014,49.15,128,3922,3922,0,3922,0.0276,49.7,304
2025-12-26,3506,5,3501,222881,0.028,49.15,278,1042,221,821,2154,0.0288,49.15,123,3922,3922,0,3922,0.0266,56.0,314
2025-12-29,3587,12,3575,245482,0.0513,51.15,283,1276,274,1002,2713,0.0513,48.28,137,3922,3922,0,3922,0.0522,52.875,309
2025-12-30,3564,10,3554,240107,0.052,53.4847,274,1052,225,827,2193,0.052,53.06,129,3924,3924,0,3924,0.053,53.0,304
2025-12-31,3545,6,3539,233202,0.0618,51.5,271,987,193,794,2010,0.0632,50.88,125,3925,3925,0,3925,0.063,51.72,304
2026-01-02,3548,10,3538,247535,0.0558,53.0872,273,1204,272,932,2548,0.0561,52.05,141,3925,3925,0,3925,0.055,55.65,303
2026-01-05,3598,18,3580,265712,0.0534,58.97,274,1412,353,1059,3137,0.0534,57.71,150,3925,3925,0,3925,0.034,58.9363,299
2026-01-06,3563,18,3545,256681,0.0554,59.7088,257,1166,288,878,2542,0.056,58.0,124,3930,3930,0,3930,0.0215,61.1392,290
2026-01-07,3567,15,3552,249150,0.0511,62.775,264,1193,286,907,2597,0.0546,60.14,129,3931,3931,0,3931,0.0176,64.0,297
2026-01-08,3566,14,3552,244619,0.0394,61.85,268,1181,286,895,2573,0.0529,61.58,128,3934,3934,0,3934,0.0187,63.44,296
2026-01-09,3564,20,3544,251269,0.044,72.9999,271,1189,293,896,2617,0.046,62.07,134,3938,3938,0,3938,0.019,108.68,295
2026-01-12,3593,13,3580,260326,0.0674,133.9713,271,1458,349,1109,3197,0.0714,140.0,145,3939,3939,0,3939,0.0165,98.0,293
2026-01-13,3585,17,3568,252959,0.0445,87.3362,266,1168,296,872,2598,0.06,95.0,131,3947,3947,0,3947,0.0109,87.3362,299
2026-01-14,3594,23,3571,255082,0.0255,144.58,264,1190,316,874,2701,0.0325,62.77,122,3950,3950,0,3950,0.0103,154.5,295
2026-01-15,3609,18,3591,254762,0.031,180.6394,270,1212,312,900,2724,0.0373,159.99,122,3954,3954,0,3954,0.0091,180.6394,304
2026-01-16,3581,17,3564,252874,0.0286,153.97,273,1227,298,929,2655,0.0286,49.0,128,3956,3956,0,3956,0.0289,153.97,298
2026-01-20,3637,26,3611,273144,0.0292,98.6438,243,1826,490,1336,4201,0.0302,45.98,157,3958,3958,0,3958,0.0292,97.21,269
2026-01-21,3609,18,3591,259357,0.0292,82.25,243,1285,331,954,2849,0.0293,46.25,116,3962,3962,0,3962,0.028,83.48,284
2026-01-22,3645,20,3625,261082,0.019,130.0,248,1282,342,940,2885,0.0218,42.84,125,3965,3965,0,3965,0.019,130.0,286
2026-01-23,3629,20,3609,251265,0.0164,58.9291,236,1203,312,891,2723,0.0181,53.41,118,3971,3971,0,3971,0.0164,58.14,273
2026-01-26,3634,21,3613,261756,0.0772,81.6,229,1417,409,1008,3297,0.0771,82.0,123,3977,3977,0,3977,0.0772,72.0,259
2026-01-27,3623,18,3605,247712,0.0832,67.63,228,1233,322,911,2725,0.0862,64.6,112,3983,3983,0,3983,0.0832,92.74,266
2026-01-28,3615,14,3601,252640,0.0742,86.28,232,1287,349,938,2907,0.09,71.9,122,3989,3989,0,3989,0.0651,86.28,261
2026-01-29,3623,16,3607,267491,0.056,70.99,224,1205,333,872,2733,0.069,70.1,122,3996,3996,0,3996,0.048,71.0,246
2026-01-30,3637,15,3622,256122,0.035,80.001,188,1344,392,952,3110,0.0477,44.33,90,4004,4004,0,4004,0.0267,133.12,216
2026-02-02,3679,20,3659,264003,0.034,81.0,176,1554,390,1164,3510,0.0299,80.9,90,4007,4007,0,4007,0.0385,81.0,209
2026-02-03,3672,15,3657,265105,0.0727,79.52,197,1255,331,924,2833,0.0726,78.05,83,4009,4009,0,4009,0.073,79.52,202
2026-02-04,3659,12,3647,270104,0.0774,75.92,183,1207,303,904,2681,0.0774,75.83,74,4013,4013,0,4013,0.0798,81.99,185
2026-02-05,3710,28,3682,277048,0.0558,125.0,160,1345,332,1013,2928,0.0741,100.17,76,4016,4016,0,4016,0.0523,125.0,161
2026-02-06,3689,22,3667,265560,0.0453,76.52,152,1338,385,953,3077,0.05,77.69,63,4022,4022,0,4022,0.0453,83.0,153
2026-02-09,3705,15,3690,254078,0.0486,81.49,141,1496,334,1162,3223,0.0487,79.77,67,4027,4027,0,4027,0.0473,81.49,146
2026-02-10,3689,10,3679,246562,0.212,77.16,133,1221,264,957,2572,0.2933,77.15,60,4032,4032,0,4032,0.212,79.49,138
2026-02-11,3717,10,3707,258224,0.21,76.98,131,1181,301,880,2624,0.27,76.8,49,4037,4037,0,4037,0.14,75.12,135
2026-02-12,3739,6,3733,257358,0.1532,81.0,129,1142,248,894,2427,0.2168,23.5,41,4043,4043,0,4043,0.1532,81.0,131
2026-02-13,3685,15,3670,248302,0.1685,67.68,103,1150,264,886,2469,0.1699,28.2,33,4045,4045,0,4045,0.1685,65.325,114
2026-02-17,3734,11,3723,253940,0.4073,43.03,95,1384,280,1104,2906,0.4288,66.0,22,3988,3988,0,3988,0.4036,43.03,63
2026-02-18,3677,13,3664,243903,0.2,36.72,100,1129,248,881,2390,0.42,21.0,10,3987,3987,0,3987,0.8702,24.1799,49
2026-02-19,3586,12,3574,239943,0.7226,23.3343,64,1131,265,866,2439,0.824,28.05,23,3984,3984,0,3984,0.7226,23.22,70
2026-02-20,3603,5,3598,243518,0.4313,25.65,71,1080,258,822,2394,0.43,23.22,20,3962,3962,0,3962,0.422,26.21,78
2026-02-23,0,0,0,0,,,0,0,0,0,0,,,0,0,0,0,0,,,0
