trade_date,symbol,max_run_gain_pct,run_start_time_et,run_end_time_et,run_minutes,price_929plus,day_gain_pct_929plus,rel_vol_30d_929plus,float_shares,float_lt_20m
2026-01-02,ULY,18.507462686567177,2026-01-02T09:32:00-05:00,2026-01-02T09:35:00-05:00,4,3.23,,0.16360458202293876,2190000.0,True
2026-01-02,STI,18.505747126436802,2026-01-02T10:38:00-05:00,2026-01-02T10:43:00-05:00,6,7.41,,0.3600968327617511,7470000.0,True
2026-01-02,BNAI,17.839016504379867,2026-01-02T09:38:00-05:00,2026-01-02T09:39:00-05:00,2,2.5,,0.03297256822905619,5830000.0,True
2026-01-02,IRWD,17.17311891594049,2026-01-02T09:36:00-05:00,2026-01-02T09:42:00-05:00,7,4.6,,2953.896644055694,162680000.0,False
2026-01-02,PRZO,16.191363054359222,2026-01-02T08:42:00-05:00,2026-01-02T08:43:00-05:00,2,0.9185,,11.066894661143863,21170000.0,False
2026-01-05,MNTS,33.80281690140847,2026-01-05T08:30:00-05:00,2026-01-05T08:31:00-05:00,2,9.88,72.12543554006969,2.299912261502906,1400000.0,True
2026-01-05,RDHL,26.724137931034498,2026-01-05T07:21:00-05:00,2026-01-05T07:24:00-05:00,4,1.19,15.533980582524265,3862.2983887415867,2045150000.0,False
2026-01-05,MCGAU,21.42857142857142,2026-01-05T09:52:00-05:00,2026-01-05T09:52:00-05:00,1,9.335,-9.015594541910321,0.11299435028248588,23580000.0,False
2026-01-05,VRME,18.934848963267026,2026-01-05T08:50:00-05:00,2026-01-05T08:54:00-05:00,5,1.08,60.094871034687245,14848.848257609176,12440000.0,True
2026-01-05,SBFM,18.659151587066148,2026-01-05T08:00:00-05:00,2026-01-05T08:00:00-05:00,1,1.25,-2.34375,0.6643212816626975,4910000.0,True
2026-01-06,EVTV,85.73651452282157,2026-01-06T07:00:00-05:00,2026-01-06T07:04:00-05:00,5,0.5353,38.822614107883815,8.467790525109084,4830000.0,True
2026-01-06,VSME,74.20066152149944,2026-01-06T05:03:00-05:00,2026-01-06T05:07:00-05:00,5,0.0968,10.000000000000009,4.38184903114171,2750000.0,True
2026-01-06,AVXL,35.0253807106599,2026-01-06T07:30:00-05:00,2026-01-06T07:30:00-05:00,1,4.0763,3.1974683544303772,6.596093827869137,89350000.0,False
2026-01-06,FGL,34.32664756446992,2026-01-06T08:09:00-05:00,2026-01-06T08:09:00-05:00,1,0.169,-1.5725101921956752,173.73415397535075,19420000.0,True
2026-01-06,ELAB,23.589580686149937,2026-01-06T09:06:00-05:00,2026-01-06T09:07:00-05:00,2,9.55,493.16770186335407,1.699283325971801,510000.0,True
2026-01-07,ASBP,42.190476190476176,2026-01-07T08:00:00-05:00,2026-01-07T08:02:00-05:00,3,0.1644,56.57142857142856,51.34044289984905,3460000.0,True
2026-01-07,NVVE,36.56716417910448,2026-01-07T09:37:00-05:00,2026-01-07T09:39:00-05:00,3,2.27,3.1818181818181746,0.007700200540871123,1300000.0,True
2026-01-07,CRIS,34.951456310679596,2026-01-07T08:45:00-05:00,2026-01-07T08:45:00-05:00,1,0.9081,-9.189999999999998,,12930000.0,True
2026-01-07,EMAT,27.160493827160504,2026-01-07T08:00:00-05:00,2026-01-07T08:00:00-05:00,1,16.2,-23.907937999060593,,593350000.0,False
2026-01-07,ALUB,26.582278481012665,2026-01-07T04:08:00-05:00,2026-01-07T04:10:00-05:00,3,9.94,-0.40080160320642433,,35940000.0,False
2026-01-08,FLYX,47.68392370572207,2026-01-08T08:14:00-05:00,2026-01-08T08:18:00-05:00,5,6.06,92.99363057324838,125697.46581196581,91110000.0,False
2026-01-08,MLTX,33.92382639503986,2026-01-08T08:00:00-05:00,2026-01-08T08:01:00-05:00,2,16.15,43.04694419840567,,71370000.0,False
2026-01-08,SXTC,30.814346333684696,2026-01-08T10:31:00-05:00,2026-01-08T10:34:00-05:00,4,2.2,10.000000000000009,,960000.0,True
2026-01-08,IPSC,23.357142857142854,2026-01-08T08:19:00-05:00,2026-01-08T08:22:00-05:00,4,1.59,22.307692307692317,613.9456544949818,87410000.0,False
2026-01-08,ICON,23.129251700680275,2026-01-08T09:00:00-05:00,2026-01-08T09:01:00-05:00,2,3.1,473.1188759474949,28.348341056808255,2510000.0,True
2026-01-09,KUST,66.96969696969697,2026-01-09T04:49:00-05:00,2026-01-09T04:52:00-05:00,4,3.24,14.084507042253524,245.53452960489076,800000.0,True
2026-01-09,GP,48.542918698265105,2026-01-09T09:00:00-05:00,2026-01-09T09:03:00-05:00,4,1.38,68.08769792935445,,4120000.0,True
2026-01-09,APVO,42.85714285714286,2026-01-09T08:05:00-05:00,2026-01-09T08:06:00-05:00,2,9.888,7.478260869565223,6.561723576153962,1000000.0,True
2026-01-09,OKLL,38.57984293193719,2026-01-09T06:00:00-05:00,2026-01-09T06:01:00-05:00,2,40.5,35.090060040026685,7.312157122570696,,
2026-01-09,FEED,37.58090144556834,2026-01-09T08:11:00-05:00,2026-01-09T08:13:00-05:00,3,2.33,-6.799999999999995,,1090000.0,True
2026-01-12,LYRA,127.27272727272725,2026-01-12T07:35:00-05:00,2026-01-12T07:38:00-05:00,4,1.97,-47.70374303159013,647.0967628841884,1770000.0,True
2026-01-12,INBS,89.29417337754619,2026-01-12T04:48:00-05:00,2026-01-12T04:49:00-05:00,2,23.41,30.636160714285698,3.501742896258836,1220000.0,True
2026-01-12,EVTV,75.7131842713955,2026-01-12T08:01:00-05:00,2026-01-12T08:01:00-05:00,1,1.1599,150.46426257827682,11.51122112689449,4830000.0,True
2026-01-12,ANPA,47.49675217439173,2026-01-12T08:08:00-05:00,2026-01-12T08:10:00-05:00,3,79.95,-7.9447322970638945,0.2279954933960299,12500000.0,True
2026-01-12,SOGP,39.885632594710515,2026-01-12T09:11:00-05:00,2026-01-12T09:14:00-05:00,4,15.55,32.905982905982924,,83200000.0,False
2026-01-13,BCTX,125.0,2026-01-13T07:37:00-05:00,2026-01-13T07:40:00-05:00,4,11.98,56.80628272251309,94.76799320810782,7250000.0,True
2026-01-13,XAIR,66.68518724302699,2026-01-13T07:30:00-05:00,2026-01-13T07:32:00-05:00,3,1.64,87.2146118721461,9913.079770347855,8530000.0,True
2026-01-13,AHMA,55.4038680318544,2026-01-13T08:17:00-05:00,2026-01-13T08:22:00-05:00,6,11.3,114.01515151515152,51266.85591397849,29500000.0,False
2026-01-13,IOTR,53.191489361702125,2026-01-13T05:06:00-05:00,2026-01-13T05:11:00-05:00,6,3.22,23.371647509578565,,2570000.0,True
2026-01-13,HUBC,44.20157862780811,2026-01-13T08:10:00-05:00,2026-01-13T08:11:00-05:00,2,0.329,-3.9976655967318364,148.29125703479008,2590000.0,True
2026-01-14,ROLR,112.1761658031088,2026-01-14T08:18:00-05:00,2026-01-14T08:20:00-05:00,3,15.61,343.46590909090907,21910.154782608697,10820000.0,True
2026-01-14,SEGG,43.198090692124104,2026-01-14T08:41:00-05:00,2026-01-14T08:43:00-05:00,3,0.8703,68.95748398369248,1745.810586862958,11660000.0,True
2026-01-14,MVO,33.62068965517242,2026-01-14T08:08:00-05:00,2026-01-14T08:08:00-05:00,1,2.25,-6.25,38.42970505860793,11500000.0,True
2026-01-14,FAMI,31.782945736434097,2026-01-14T07:00:00-05:00,2026-01-14T07:01:00-05:00,2,1.24,-4.247104247104239,,5480000.0,True
2026-01-14,RVSN,25.867090283293614,2026-01-14T07:55:00-05:00,2026-01-14T07:58:00-05:00,4,0.364,2.824858757062154,755.1645645388858,2190000.0,True
2026-01-15,CJMB,167.22689075630254,2026-01-15T08:45:00-05:00,2026-01-15T08:46:00-05:00,2,2.63,134.82142857142856,2184.5620871862616,4620000.0,True
2026-01-15,BNKK,74.28571428571429,2026-01-15T08:00:00-05:00,2026-01-15T08:03:00-05:00,4,4.15,49.280575539568375,21338.454091816366,5300000.0,True
2026-01-15,SPHL,62.396694214876035,2026-01-15T07:00:00-05:00,2026-01-15T07:02:00-05:00,3,7.7996,246.64888888888888,9183.062685302837,1650000.0,True
2026-01-15,PCLA,33.939945404913566,2026-01-15T08:10:00-05:00,2026-01-15T08:10:00-05:00,1,0.1972,-10.769230769230775,1.7877603933152437,4150000.0,True
2026-01-15,AUID,33.33333333333335,2026-01-15T08:19:00-05:00,2026-01-15T08:28:00-05:00,10,1.92,93.45088161209065,,15070000.0,True
2026-01-16,ACCL,119.34604904632154,2026-01-16T08:09:00-05:00,2026-01-16T08:10:00-05:00,2,4.36,45.81939799331103,,13950000.0,True
2026-01-16,LCFY,113.23529411764706,2026-01-16T08:00:00-05:00,2026-01-16T08:00:00-05:00,1,5.8196,85.92971246006391,,1800000.0,True
2026-01-16,JFBR,100.34592101470166,2026-01-16T07:35:00-05:00,2026-01-16T07:38:00-05:00,4,1.22,118.63799283154117,47.62165587701298,8960000.0,True
2026-01-16,BIYA,63.25301204819278,2026-01-16T05:12:00-05:00,2026-01-16T05:16:00-05:00,5,6.14,36.14190687361418,149.6419716368648,2810000.0,True
2026-01-16,PFSA,57.89473684210527,2026-01-16T07:30:00-05:00,2026-01-16T07:31:00-05:00,2,0.1278,29.746192893401012,4.475556776653571,1230000.0,True
2026-01-20,TWG,119.16666666666664,2026-01-20T06:50:00-05:00,2026-01-20T06:51:00-05:00,2,8.0,129.88505747126436,,1470000.0,True
2026-01-20,ICON,74.90494296577945,2026-01-20T08:13:00-05:00,2026-01-20T08:13:00-05:00,1,2.64,36.08247422680413,15.215886111255363,2510000.0,True
2026-01-20,IVF,51.004016064256994,2026-01-20T04:09:00-05:00,2026-01-20T04:11:00-05:00,3,3.345,311.7429837518464,25805.137145513716,2390000.0,True
2026-01-20,CRVS,42.50000000000001,2026-01-20T08:14:00-05:00,2026-01-20T08:16:00-05:00,3,13.59,68.8198757763975,1847.5040268926396,83770000.0,False
2026-01-20,DRCT,40.49079754601228,2026-01-20T08:13:00-05:00,2026-01-20T08:13:00-05:00,1,1.73,0.5813953488372103,0.37294846064412546,1440000.0,True
2026-01-21,PAVM,94.93150684931508,2026-01-21T08:16:00-05:00,2026-01-21T08:21:00-05:00,6,17.99,190.6300484652665,1630.0446142907927,1000000.0,True
2026-01-21,SLGB,70.00653871302742,2026-01-21T08:02:00-05:00,2026-01-21T08:03:00-05:00,2,3.58,191.0569105691057,91.09330646582139,,
2026-01-21,GCTK,50.0,2026-01-21T04:16:00-05:00,2026-01-21T04:18:00-05:00,3,3.22,-15.263157894736834,1060.4758382643,910000.0,True
2026-01-21,GITS,48.24519065021031,2026-01-21T10:00:00-05:00,2026-01-21T10:03:00-05:00,4,0.91,5.974146966344485,7.822783656787328,3670000.0,True
2026-01-21,MLEC,47.15596330275229,2026-01-21T06:47:00-05:00,2026-01-21T06:49:00-05:00,3,6.12,39.40774487471528,28.968737697146942,730000.0,True
2026-01-22,IOTR,54.46428571428572,2026-01-22T04:04:00-05:00,2026-01-22T04:11:00-05:00,8,6.55,123.54948805460748,6.1412691628547025,2570000.0,True
2026-01-22,GLXG,42.51544747857283,2026-01-22T08:10:00-05:00,2026-01-22T08:10:00-05:00,1,1.9501,-20.727642276422763,75.43357656400902,2160000.0,True
2026-01-22,SXTP,39.660056657223784,2026-01-22T07:59:00-05:00,2026-01-22T08:06:00-05:00,8,6.0499,202.495,769.8144573855534,1290000.0,True
2026-01-22,FEDU,34.80753701211305,2026-01-22T08:09:00-05:00,2026-01-22T08:09:00-05:00,1,8.35,8.723958333333325,501.6125654450262,22600000.0,False
2026-01-22,HCTI,31.72857142857144,2026-01-22T08:30:00-05:00,2026-01-22T08:34:00-05:00,5,0.6029,50.724999999999994,1009.2871039936138,10760000.0,True
2026-01-23,RVYL,83.00455235204858,2026-01-23T04:00:00-05:00,2026-01-23T04:04:00-05:00,5,7.31,39.50381679389312,245.8578726509761,1030000.0,True
2026-01-23,DRCT,57.184750733137825,2026-01-23T08:09:00-05:00,2026-01-23T08:11:00-05:00,3,5.44,135.49783549783552,3.741349412287661,1440000.0,True
2026-01-23,GIBO,39.444444444444436,2026-01-23T08:07:00-05:00,2026-01-23T08:08:00-05:00,2,1.79,1.1299435028248705,275.08683925499605,3630000.0,True
2026-01-23,MOVE,35.418359057676696,2026-01-23T08:09:00-05:00,2026-01-23T08:09:00-05:00,1,20.35,191.9655667144907,,830000.0,True
2026-01-23,YDDL,32.6153846153846,2026-01-23T08:08:00-05:00,2026-01-23T08:08:00-05:00,1,6.84,-2.9787234042553234,32.972329696525165,54000000.0,False
2026-01-26,BATL,117.85714285714283,2026-01-26T08:13:00-05:00,2026-01-26T08:13:00-05:00,1,6.54,410.9375,71497.12975027144,16460000.0,True
2026-01-26,NVVE,109.1269841269841,2026-01-26T09:00:00-05:00,2026-01-26T09:01:00-05:00,2,2.8502,15.861788617886186,16.81896350054764,1300000.0,True
2026-01-26,EVTV,70.95939714317849,2026-01-26T08:14:00-05:00,2026-01-26T08:20:00-05:00,7,2.8499,46.9020618556701,1.4087326291463769,4830000.0,True
2026-01-26,UONE,64.33915211970076,2026-01-26T04:05:00-05:00,2026-01-26T04:06:00-05:00,2,9.99,-8.432630614115489,31.368948247078464,4500000.0,True
2026-01-26,SPHL,45.62899786780383,2026-01-26T07:00:00-05:00,2026-01-26T07:01:00-05:00,2,5.9,-2.960526315789469,0.0756037147338668,1650000.0,True
2026-01-27,HIND,86.56716417910448,2026-01-27T08:00:00-05:00,2026-01-27T08:01:00-05:00,2,3.64,17.041800643086823,,5640000.0,True
2026-01-27,JZXN,58.72093023255813,2026-01-27T07:18:00-05:00,2026-01-27T07:18:00-05:00,1,1.63,-4.678362573099415,,1390000.0,True
2026-01-27,IVF,48.091603053435094,2026-01-27T08:34:00-05:00,2026-01-27T08:40:00-05:00,7,1.94,60.33057851239669,2.23166791962408,2390000.0,True
2026-01-27,BNRG,47.57834757834758,2026-01-27T08:14:00-05:00,2026-01-27T08:14:00-05:00,1,3.31,-7.799442896935926,0.12464969203810415,720000.0,True
2026-01-27,PHGE,45.3560371517028,2026-01-27T08:14:00-05:00,2026-01-27T08:14:00-05:00,1,5.93,44.634146341463406,16806.08,1530000.0,True
2026-01-28,GOAI,159.86525505293548,2026-01-28T04:38:00-05:00,2026-01-28T04:43:00-05:00,6,17.83,,,870000.0,True
2026-01-28,GRI,115.91397849462362,2026-01-28T08:45:00-05:00,2026-01-28T08:46:00-05:00,2,6.1997,16.535714285714278,2.324071958847263,1450000.0,True
2026-01-28,SLGB,53.79601990049751,2026-01-28T09:30:00-05:00,2026-01-28T09:40:00-05:00,11,2.07,2.9850746268656803,0.012261423658798091,,
2026-01-28,AIMD,46.875,2026-01-28T04:00:00-05:00,2026-01-28T04:00:00-05:00,1,2.04,18.60465116279071,,6980000.0,True
2026-01-28,RGNX,45.84294002209091,2026-01-28T08:12:00-05:00,2026-01-28T08:12:00-05:00,1,9.55,-28.784489187173744,37.29925823244016,50620000.0,False
2026-01-29,ZSTK,119.14285714285717,2026-01-29T04:07:00-05:00,2026-01-29T04:11:00-05:00,5,12.56,40.33519553072627,2272.8391304347824,2410000.0,True
2026-01-29,GCTK,61.00278551532035,2026-01-29T08:01:00-05:00,2026-01-29T08:05:00-05:00,5,3.44,0.8797653958944274,16.344482036098142,910000.0,True
2026-01-29,XHLD,56.98924731182795,2026-01-29T08:26:00-05:00,2026-01-29T08:30:00-05:00,5,4.29,68.23529411764709,174.97786254895198,2990000.0,True
2026-01-29,SGMT,38.21292775665399,2026-01-29T08:08:00-05:00,2026-01-29T08:10:00-05:00,3,5.71,-2.476515798462864,438.31084022638225,32520000.0,False
2026-01-29,CNEY,35.52631578947369,2026-01-29T05:30:00-05:00,2026-01-29T05:31:00-05:00,2,0.92,12.428204814860067,43.50911551705993,5620000.0,True
2026-01-30,PMN,68.94609814963798,2026-01-30T08:00:00-05:00,2026-01-30T08:00:00-05:00,1,18.67,55.518533944189926,,2150000.0,True
2026-01-30,JZXN,60.71123268934859,2026-01-30T08:07:00-05:00,2026-01-30T08:10:00-05:00,4,1.23,-14.583333333333325,0.7903923060582779,1390000.0,True
2026-01-30,LRHC,43.35378323108385,2026-01-30T07:31:00-05:00,2026-01-30T07:32:00-05:00,2,4.5,50.50167224080266,3.4173938778360915,540000.0,True
2026-01-30,PZG,42.77456647398845,2026-01-30T09:30:00-05:00,2026-01-30T09:34:00-05:00,5,1.72,-0.5780346820809301,,78340000.0,False
2026-01-30,MGLD,36.29032258064515,2026-01-30T08:10:00-05:00,2026-01-30T08:10:00-05:00,1,1.15,16.39676113360322,,42810000.0,False
