date,month,regime,num_trades,num_unique_symbols,avg_entry_price,avg_price_move_pct,avg_hold_minutes,winners,win_rate_pct,total_pnl,avg_pnl_per_trade,dominant_pattern,regime_numeric
2025-01-02,2025-01,BREAKOUT,133,5,7.551263157894737,-10.080779803507536,16.36842105263158,43,32.33082706766917,-8907.089999999998,-66.97060150375938,ABCD,1
2025-01-03,2025-01,BREAKOUT,41,2,10.79638780487805,-2.9666839833381804,39.36585365853659,14,34.146341463414636,-1426.99,-34.80463414634146,FLAT_TOP,1
2025-01-06,2025-01,BREAKOUT,37,14,4.209697297297297,-0.5846950781461978,20.783783783783782,25,67.56756756756756,70.61000000000003,1.9083783783783792,FLAT_TOP,1
2025-01-07,2025-01,BREAKOUT,28,10,3.527657142857142,1.110769764387555,19.928571428571427,16,57.14285714285714,49.630000000000024,1.7725000000000009,FLAT_TOP,1
2025-01-08,2025-01,BREAKOUT,59,13,3.4030779661016943,-4.696279001478324,27.576271186440678,18,30.508474576271187,-2647.19,-44.867627118644066,ABCD,1
2025-01-10,2025-01,BREAKOUT,192,15,3.8777468749999997,0.2077256773634819,12.458333333333334,129,67.1875,1134.6499999999996,5.9096354166666645,ABCD,1
2025-01-13,2025-01,BREAKOUT,96,10,4.927465625,4.282530578232916,15.833333333333334,75,78.125,3032.25,31.5859375,FLAT_TOP,1
2025-01-14,2025-01,BREAKOUT,54,13,6.1542407407407405,-2.0292934109523126,16.59259259259259,30,55.55555555555556,-52.910000000000025,-0.9798148148148152,FLAT_TOP,1
2025-01-15,2025-01,BREAKOUT,45,15,6.794326666666666,0.1474370653131447,23.77777777777778,29,64.44444444444444,230.97,5.132666666666666,FLAT_TOP,1
2025-01-16,2025-01,BREAKOUT,51,6,5.364874509803921,1.7758273908638413,14.568627450980392,33,64.70588235294117,438.86999999999995,8.605294117647057,FLAT_TOP,1
2025-01-17,2025-01,BREAKOUT,66,8,7.273316666666667,0.5462382353815275,13.348484848484848,49,74.24242424242425,116.25000000000004,1.761363636363637,ABCD,1
2025-01-21,2025-01,BREAKOUT,27,7,3.660366666666667,-4.23696455419533,15.666666666666666,7,25.925925925925924,-867.68,-32.136296296296294,FLAT_TOP,1
2025-01-22,2025-01,BREAKOUT,121,9,8.313140495867767,1.022502531039337,24.272727272727273,96,79.33884297520662,2194.66,18.13768595041322,ABCD,1
2025-01-23,2025-01,BREAKOUT,197,10,13.614076142131983,2.4211556809403416,13.959390862944163,151,76.6497461928934,3586.01,18.20309644670051,ABCD,1
2025-01-24,2025-01,BREAKOUT,204,13,6.89942843137255,6.634796477272538,10.215686274509803,174,85.29411764705883,8333.75,40.85171568627451,ABCD,1
2025-01-27,2025-01,BREAKOUT,55,9,12.18750909090909,0.7784304157652958,14.363636363636363,31,56.36363636363636,92.39999999999996,1.6799999999999993,FLAT_TOP,1
2025-01-28,2025-01,BREAKOUT,185,7,9.528769189189191,23.85767954368579,20.113513513513514,164,88.64864864864866,21227.510000000002,114.7432972972973,ABCD,1
2025-01-29,2025-01,BREAKOUT,121,7,5.927502479338843,24.381271659717786,23.09090909090909,106,87.60330578512396,16166.71,133.609173553719,ABCD,1
2025-01-30,2025-01,BREAKOUT,37,10,4.053113513513514,-2.9508902237239476,28.324324324324323,24,64.86486486486487,-534.95,-14.45810810810811,FLAT_TOP,1
2025-01-31,2025-01,BREAKOUT,48,9,3.759045833333333,-4.768557550677114,12.1875,18,37.5,-1622.17,-33.795208333333335,FLAT_TOP,1
2025-02-03,2025-02,BREAKOUT,56,9,5.913419642857143,-4.26096828876235,12.767857142857142,18,32.142857142857146,-1685.25,-30.09375,FLAT_TOP,1
2025-02-04,2025-02,BREAKOUT,37,4,5.222905405405406,-2.529620526405368,21.27027027027027,18,48.64864864864865,-1112.28,-30.061621621621622,FLAT_TOP,1
2025-02-05,2025-02,BREAKOUT,57,7,8.555201754385966,7.35343033870038,15.701754385964913,48,84.21052631578947,1856.3700000000001,32.567894736842106,FLAT_TOP,1
2025-02-06,2025-02,BREAKOUT,48,11,9.961691666666667,3.3101930574411504,25.25,34,70.83333333333334,1517.13,31.606875000000002,FLAT_TOP,1
2025-02-07,2025-02,BREAKOUT,36,10,11.68048611111111,-0.5896854035436954,17.61111111111111,20,55.55555555555556,-38.11999999999999,-1.0588888888888885,FLAT_TOP,1
2025-02-10,2025-02,BREAKOUT,177,12,5.695374011299434,-0.13601849515749664,29.350282485875706,130,73.44632768361582,453.40000000000015,2.5615819209039556,ABCD,1
2025-02-11,2025-02,BREAKOUT,26,8,9.80471923076923,-4.888324075327689,14.384615384615385,13,50.0,-1007.2100000000002,-38.73884615384616,FLAT_TOP,1
2025-02-12,2025-02,BREAKOUT,18,9,8.937194444444444,-1.1637256813713004,15.777777777777779,8,44.44444444444444,-112.82,-6.267777777777777,FLAT_TOP,1
2025-02-13,2025-02,BREAKOUT,29,11,6.724286206896551,2.8230173855934666,18.586206896551722,18,62.06896551724138,-78.60999999999997,-2.7106896551724127,FLAT_TOP,1
2025-02-14,2025-02,BREAKOUT,34,13,4.660241176470588,-5.227154545240744,27.323529411764707,13,38.23529411764706,-1639.9,-48.23235294117647,FLAT_TOP,1
2025-02-18,2025-02,BREAKOUT,80,9,3.62496625,9.463381759049684,22.2625,63,78.75,2689.58,33.619749999999996,ABCD,1
2025-02-19,2025-02,BREAKOUT,177,13,4.2229768361581925,1.9316274421153752,13.870056497175142,61,34.463276836158194,439.0200000000001,2.480338983050848,ABCD,1
2025-02-20,2025-02,BREAKOUT,63,7,6.768614285714286,1.1602967403462312,15.365079365079366,35,55.55555555555556,179.06000000000003,2.842222222222223,FLAT_TOP,1
2025-02-21,2025-02,BREAKOUT,31,6,4.661783870967742,-3.57649541399778,18.774193548387096,13,41.935483870967744,-530.7,-17.11935483870968,FLAT_TOP,1
2025-02-24,2025-02,BREAKOUT,37,8,2.969324324324324,10.901736920886739,26.54054054054054,21,56.75675675675676,546.1800000000001,14.761621621621623,FLAT_TOP,1
2025-02-25,2025-02,BREAKOUT,48,12,5.853327083333333,9.586239488907045,14.145833333333334,22,45.83333333333333,562.6599999999999,11.72208333333333,FLAT_TOP,1
2025-02-26,2025-02,BREAKOUT,66,9,6.008001515151517,-7.855943372697888,21.363636363636363,18,27.27272727272727,-4103.18,-62.16939393939394,FLAT_TOP,1
2025-02-27,2025-02,BREAKOUT,39,6,8.002215384615385,-2.3384015439821058,41.87179487179487,27,69.23076923076923,-463.14000000000004,-11.875384615384617,FLAT_TOP,1
2025-02-28,2025-02,BREAKOUT,94,10,4.6596414893617,-11.796140487537453,8.73404255319149,9,9.574468085106384,-9449.6,-100.52765957446809,ABCD,1
2025-03-03,2025-03,PULLBACK,48,5,5.434581250000001,8.590596797233466,10.708333333333334,21,43.75,340.0999999999999,7.0854166666666645,FLAT_TOP,0
2025-03-04,2025-03,PULLBACK,65,6,4.910381538461539,5.324464239619632,13.646153846153846,48,73.84615384615385,1969.14,30.29446153846154,FLAT_TOP,0
2025-03-05,2025-03,PULLBACK,39,6,4.027400000000001,-3.0112273608577507,18.71794871794872,16,41.02564102564102,-1147.27,-29.417179487179485,FLAT_TOP,0
2025-03-06,2025-03,PULLBACK,123,3,13.64529268292683,1.9186484807640352,10.227642276422765,112,91.05691056910568,2182.04,17.740162601626015,ABCD,0
2025-03-07,2025-03,PULLBACK,86,5,7.36723953488372,-2.163194793805979,9.023255813953488,54,62.7906976744186,-1561.37,-18.155465116279068,FLAT_TOP,0
2025-03-10,2025-03,PULLBACK,36,6,4.894086111111111,-4.970887199926622,19.77777777777778,13,36.11111111111111,-1596.0600000000004,-44.33500000000001,FLAT_TOP,0
2025-03-11,2025-03,PULLBACK,127,6,5.548788188976376,-4.014865159862569,7.433070866141732,21,16.535433070866144,-5015.7300000000005,-39.49393700787402,ABCD,0
2025-03-12,2025-03,PULLBACK,79,9,7.935056962025317,2.182169887633233,10.39240506329114,50,63.29113924050633,727.2299999999998,9.20544303797468,FLAT_TOP,0
2025-03-13,2025-03,PULLBACK,36,8,11.240247222222223,-2.167994101709513,15.25,18,50.0,-402.23999999999995,-11.173333333333332,FLAT_TOP,0
2025-03-14,2025-03,PULLBACK,28,9,8.652367857142858,0.4910411284613665,38.17857142857143,21,75.0,170.42000000000007,6.086428571428574,FLAT_TOP,0
2025-03-17,2025-03,PULLBACK,111,8,10.837480180180187,1.2645182563485067,10.513513513513514,80,72.07207207207207,1781.2599999999995,16.047387387387385,FLAT_TOP,0
2025-03-18,2025-03,PULLBACK,27,9,10.163207407407405,-6.987693174914969,22.185185185185187,12,44.44444444444444,-736.8500000000001,-27.290740740740745,FLAT_TOP,0
2025-03-19,2025-03,PULLBACK,74,9,11.38221081081081,1.2673928829335694,9.094594594594595,57,77.02702702702703,1034.85,13.984459459459458,ABCD,0
2025-03-20,2025-03,PULLBACK,19,7,10.637884210526318,-3.3385400840994595,37.8421052631579,9,47.368421052631575,-319.83,-16.833157894736843,FLAT_TOP,0
2025-03-21,2025-03,PULLBACK,35,9,8.133045714285714,-1.136841464992584,27.2,24,68.57142857142857,-327.23999999999995,-9.349714285714285,FLAT_TOP,0
2025-03-24,2025-03,PULLBACK,18,8,8.304783333333333,0.9801461597029142,29.555555555555557,14,77.77777777777779,251.76,13.986666666666666,FLAT_TOP,0
2025-03-25,2025-03,PULLBACK,58,4,4.181455172413794,2.6023741014544686,16.344827586206897,29,50.0,227.21999999999986,3.9175862068965492,FLAT_TOP,0
2025-03-26,2025-03,PULLBACK,232,10,3.9525474137931034,1.4976479570391688,15.094827586206897,205,88.36206896551724,1962.9,8.460775862068965,ABCD,0
2025-03-27,2025-03,PULLBACK,53,9,5.191703773584908,-1.236917829729003,37.679245283018865,33,62.264150943396224,-882.34,-16.64792452830189,ABCD,0
2025-03-28,2025-03,PULLBACK,36,7,9.287475,-1.1014769516693954,19.166666666666668,17,47.22222222222222,-261.93,-7.275833333333334,FLAT_TOP,0
2025-03-31,2025-03,PULLBACK,32,6,6.174793749999999,-1.1414451918704513,14.625,20,62.5,0.03999999999999204,0.0012499999999997513,FLAT_TOP,0
2025-04-01,2025-04,PULLBACK,24,5,8.476441666666668,-20.880351593243898,44.458333333333336,7,29.166666666666668,-1133.4,-47.225,FLAT_TOP,0
2025-04-02,2025-04,PULLBACK,122,8,3.560574590163934,-2.4056661973365414,18.442622950819672,42,34.42622950819672,-1071.23,-8.780573770491804,ABCD,0
2025-04-03,2025-04,PULLBACK,24,9,6.704875,3.462330461914847,33.083333333333336,15,62.5,1136.0,47.333333333333336,FLAT_TOP,0
2025-04-04,2025-04,PULLBACK,37,8,11.116981081081082,-2.157624765881303,18.45945945945946,20,54.054054054054056,-657.5699999999998,-17.772162162162157,FLAT_TOP,0
2025-04-07,2025-04,PULLBACK,224,6,12.453633928571426,1.5864086725673763,27.428571428571427,179,79.91071428571429,2143.3799999999997,9.568660714285713,ABCD,0
2025-04-08,2025-04,PULLBACK,62,9,6.757545161290324,4.420795368602561,12.161290322580646,48,77.41935483870968,2187.7699999999995,35.2866129032258,FLAT_TOP,0
2025-04-09,2025-04,PULLBACK,32,5,11.06443125,-5.1750043758911835,7.625,12,37.5,-538.2299999999999,-16.819687499999997,FLAT_TOP,0
2025-04-10,2025-04,PULLBACK,47,10,4.790857446808511,-6.718949632564806,16.95744680851064,18,38.297872340425535,-1679.8599999999994,-35.741702127659565,FLAT_TOP,0
2025-04-11,2025-04,PULLBACK,31,6,3.8451612903225807,-1.8044973450473283,24.322580645161292,20,64.51612903225806,-1.7299999999999933,-0.05580645161290301,FLAT_TOP,0
2025-04-14,2025-04,PULLBACK,23,9,6.534669565217392,-5.213990360360086,25.26086956521739,6,26.08695652173913,-806.5300000000001,-35.06652173913044,FLAT_TOP,0
2025-04-15,2025-04,PULLBACK,32,10,5.533453124999999,-2.6800733170638873,18.75,14,43.75,-759.57,-23.7365625,FLAT_TOP,0
2025-04-16,2025-04,PULLBACK,23,6,4.870030434782609,-4.180847031195918,14.217391304347826,12,52.17391304347826,-440.41999999999996,-19.14869565217391,FLAT_TOP,0
2025-04-17,2025-04,PULLBACK,17,3,2.2032882352941177,3.074097141408806,20.235294117647058,13,76.47058823529412,302.46000000000004,17.791764705882354,FLAT_TOP,0
2025-04-21,2025-04,PULLBACK,45,3,5.984913333333332,-0.26825504933334116,21.488888888888887,34,75.55555555555556,320.16,7.114666666666667,FLAT_TOP,0
2025-04-22,2025-04,PULLBACK,40,6,5.284075,1.2562319134036306,16.025,25,62.5,827.1000000000001,20.677500000000002,FLAT_TOP,0
2025-04-23,2025-04,PULLBACK,47,7,6.462776595744682,-1.589600612048918,16.93617021276596,28,59.57446808510638,-329.75,-7.01595744680851,FLAT_TOP,0
2025-04-24,2025-04,PULLBACK,41,7,3.655060975609756,-1.6430718921399543,26.414634146341463,32,78.04878048780488,16.479999999999972,0.4019512195121944,ABCD,0
2025-04-25,2025-04,PULLBACK,53,6,3.4264679245283025,3.519747065242678,13.962264150943396,37,69.81132075471697,2555.99,48.22622641509434,FLAT_TOP,0
2025-04-28,2025-04,PULLBACK,32,9,4.681521875,-4.762101332427327,18.75,12,37.5,-1126.87,-35.2146875,FLAT_TOP,0
2025-04-29,2025-04,PULLBACK,12,5,5.753324999999999,0.9106123542526743,51.166666666666664,9,75.0,65.5,5.458333333333333,FLAT_TOP,0
2025-04-30,2025-04,PULLBACK,30,6,7.531279999999999,0.2542469469476577,17.8,15,50.0,90.93999999999998,3.031333333333333,FLAT_TOP,0
2025-05-01,2025-05,PULLBACK,28,4,4.628614285714286,-3.945351908545758,13.357142857142858,10,35.714285714285715,-1013.8899999999999,-36.21035714285714,FLAT_TOP,0
2025-05-02,2025-05,PULLBACK,32,8,2.9208625,-6.814965159668423,24.5625,16,50.0,-1093.97,-34.1865625,FLAT_TOP,0
2025-05-05,2025-05,PULLBACK,20,6,3.5519000000000007,-8.853012481744663,32.4,1,5.0,-1497.28,-74.864,FLAT_TOP,0
2025-05-06,2025-05,PULLBACK,22,6,5.546240909090909,-3.2778271419615166,34.68181818181818,9,40.909090909090914,-722.0999999999998,-32.82272727272726,FLAT_TOP,0
2025-05-07,2025-05,PULLBACK,82,5,4.5570560975609755,-7.227000300242589,17.390243902439025,7,8.536585365853659,-2922.02,-35.63439024390244,ABCD,0
2025-05-08,2025-05,PULLBACK,17,8,7.686811764705883,0.41782903406026056,28.941176470588236,11,64.70588235294117,447.42,26.318823529411766,FLAT_TOP,0
2025-05-09,2025-05,PULLBACK,135,11,4.91015851851852,-5.198495484648893,19.42962962962963,37,27.40740740740741,-6587.839999999999,-48.79881481481481,ABCD,0
2025-05-12,2025-05,PULLBACK,161,11,8.942445341614905,0.3854646597114183,17.96273291925466,120,74.53416149068323,-538.1199999999999,-3.3423602484472044,ABCD,0
2025-05-13,2025-05,PULLBACK,21,8,8.405228571428571,-8.532977241420397,12.142857142857142,6,28.57142857142857,-1334.9,-63.56666666666667,FLAT_TOP,0
2025-05-14,2025-05,PULLBACK,24,7,3.515375,-6.927795995739026,13.208333333333334,7,29.166666666666668,-1105.81,-46.07541666666666,FLAT_TOP,0
2025-05-15,2025-05,PULLBACK,60,8,6.410133333333334,4.5261670482736465,16.416666666666668,54,90.0,2846.79,47.4465,ABCD,0
2025-05-16,2025-05,PULLBACK,110,13,6.2851172727272715,0.10719614870415901,13.581818181818182,61,55.45454545454545,176.93000000000004,1.6084545454545458,ABCD,0
2025-05-19,2025-05,PULLBACK,43,6,4.629137209302326,3.3986794036129293,23.3953488372093,32,74.4186046511628,1106.04,25.72186046511628,FLAT_TOP,0
2025-05-20,2025-05,PULLBACK,62,10,5.24985,-2.4162023161170794,16.370967741935484,31,50.0,-606.6699999999998,-9.784999999999998,FLAT_TOP,0
2025-05-21,2025-05,PULLBACK,166,10,5.312841566265059,7.177796965788173,17.728915662650603,145,87.34939759036145,3858.4500000000003,23.243674698795182,ABCD,0
2025-05-22,2025-05,PULLBACK,107,11,6.5163186915887845,-0.5133994575576575,15.953271028037383,78,72.89719626168224,-1185.95,-11.083644859813084,ABCD,0
2025-05-23,2025-05,PULLBACK,95,6,3.293215789473685,4.545106418412514,36.26315789473684,87,91.57894736842105,3132.7200000000003,32.976000000000006,ABCD,0
2025-05-27,2025-05,PULLBACK,53,7,4.92263396226415,-1.9034934853901238,16.20754716981132,31,58.490566037735846,-799.55,-15.085849056603772,FLAT_TOP,0
2025-05-28,2025-05,PULLBACK,53,11,3.511881132075472,3.1158305432717617,28.452830188679247,36,67.9245283018868,61.299999999999955,1.1566037735849048,FLAT_TOP,0
2025-05-29,2025-05,PULLBACK,47,12,6.810727659574468,-6.035505347632173,18.72340425531915,9,19.148936170212767,-2572.6000000000004,-54.73617021276596,FLAT_TOP,0
2025-05-30,2025-05,PULLBACK,95,8,5.337262105263157,5.050166507855793,31.568421052631578,82,86.31578947368422,5552.78,58.450315789473684,ABCD,0
2025-06-02,2025-06,BREAKOUT,29,6,2.8203448275862066,-0.34052622504709723,28.82758620689655,17,58.620689655172406,142.73000000000002,4.921724137931035,FLAT_TOP,1
2025-06-03,2025-06,BREAKOUT,113,11,5.7789274336283185,3.634926695501773,14.610619469026549,104,92.03539823008849,3619.08,32.02725663716814,ABCD,1
2025-06-04,2025-06,BREAKOUT,77,9,4.834866233766234,-7.189885921439397,16.415584415584416,26,33.76623376623377,-2965.73,-38.515974025974025,ABCD,1
2025-06-05,2025-06,BREAKOUT,43,10,5.36793953488372,1.5793961014413653,22.11627906976744,25,58.139534883720934,516.1699999999998,12.003953488372089,FLAT_TOP,1
2025-06-06,2025-06,BREAKOUT,167,13,7.7418473053892205,-0.6688929879996162,8.107784431137725,28,16.766467065868262,-581.5999999999998,-3.482634730538921,ABCD,1
2025-06-09,2025-06,BREAKOUT,136,13,14.675574264705885,0.04879984249183372,49.1764705882353,108,79.41176470588235,-104.23000000000016,-0.7663970588235306,ABCD,1
2025-06-10,2025-06,BREAKOUT,57,12,5.445812280701754,3.065189285895905,28.07017543859649,41,71.9298245614035,1278.61,22.43175438596491,FLAT_TOP,1
2025-06-11,2025-06,BREAKOUT,114,16,4.290418421052633,7.131128805154558,39.86842105263158,96,84.21052631578947,963.34,8.450350877192983,ABCD,1
2025-06-12,2025-06,BREAKOUT,93,10,4.3101032258064516,-4.887148077915611,16.258064516129032,25,26.881720430107524,-4220.040000000001,-45.3767741935484,ABCD,1
2025-06-13,2025-06,BREAKOUT,152,9,5.8462171052631575,-1.866765795118302,19.55263157894737,124,81.57894736842105,2280.8099999999995,15.005328947368417,ABCD,1
2025-06-16,2025-06,BREAKOUT,75,9,3.00462,11.105488173515694,40.82666666666667,62,82.66666666666667,1874.71,24.996133333333333,ABCD,1
2025-06-17,2025-06,BREAKOUT,37,8,5.800554054054054,4.8206864728908405,34.2972972972973,30,81.08108108108108,1609.24,43.49297297297297,FLAT_TOP,1
2025-06-18,2025-06,BREAKOUT,67,15,8.008461194029849,-0.9225921816178293,14.253731343283581,42,62.68656716417911,-1153.3300000000002,-17.213880597014928,FLAT_TOP,1
2025-06-20,2025-06,BREAKOUT,167,9,8.917197005988024,-1.0041604781498492,12.41317365269461,114,68.26347305389223,-1558.06,-9.329700598802395,ABCD,1
2025-06-23,2025-06,BREAKOUT,219,13,18.07488310502283,-0.15465186862751865,7.082191780821918,147,67.12328767123287,-209.81999999999985,-0.9580821917808212,ABCD,1
2025-06-24,2025-06,BREAKOUT,99,8,4.4896101010101,1.5926809477488617,44.01010101010101,93,93.93939393939394,1407.1,14.213131313131312,ABCD,1
2025-06-25,2025-06,BREAKOUT,44,10,8.840895454545453,-2.2080254638287404,13.840909090909092,27,61.36363636363637,-746.4599999999999,-16.965,FLAT_TOP,1
2025-06-26,2025-06,BREAKOUT,57,11,8.842129824561404,2.14289786864763,19.614035087719298,34,59.64912280701754,443.23999999999995,7.776140350877192,FLAT_TOP,1
2025-06-27,2025-06,BREAKOUT,269,12,7.222597397769516,1.9526028930869033,17.25278810408922,253,94.05204460966543,7724.22,28.71457249070632,ABCD,1
2025-06-30,2025-06,BREAKOUT,213,14,13.287474647887326,6.857187021346638,21.08450704225352,129,60.56338028169014,2622.1699999999996,12.310657276995304,ABCD,1
2025-07-01,2025-07,PULLBACK,190,11,8.863327368421054,14.256202121116784,17.96842105263158,154,81.05263157894737,15949.470000000001,83.94457894736843,ABCD,0
2025-07-02,2025-07,PULLBACK,112,11,4.343760714285713,-2.282154459728644,25.401785714285715,66,58.92857142857143,-2707.13,-24.17080357142857,ABCD,0
2025-07-03,2025-07,PULLBACK,77,14,4.122183116883118,0.49611723081019954,21.285714285714285,49,63.63636363636363,510.68000000000006,6.632207792207793,FLAT_TOP,0
2025-07-07,2025-07,PULLBACK,37,12,4.458902702702703,2.9137322897453846,23.43243243243243,28,75.67567567567568,453.12000000000006,12.246486486486488,FLAT_TOP,0
2025-07-08,2025-07,PULLBACK,129,17,3.7278759689922487,3.579790090700915,13.434108527131784,112,86.82170542635659,4346.67,33.695116279069765,ABCD,0
2025-07-09,2025-07,PULLBACK,46,12,4.709171739130435,-0.8338143530960389,18.73913043478261,27,58.69565217391305,-218.1200000000001,-4.741739130434785,FLAT_TOP,0
2025-07-10,2025-07,PULLBACK,143,16,6.318248251748251,2.1105516040518557,19.174825174825173,128,89.5104895104895,1833.3000000000002,12.820279720279721,ABCD,0
2025-07-11,2025-07,PULLBACK,58,17,6.258127586206897,0.9411788914393346,18.70689655172414,48,82.75862068965517,583.12,10.053793103448276,FLAT_TOP,0
2025-07-14,2025-07,PULLBACK,156,17,5.9716993589743605,-3.609383779168713,13.64102564102564,31,19.871794871794872,-5131.509999999999,-32.89429487179487,ABCD,0
2025-07-15,2025-07,PULLBACK,122,18,4.520055737704918,6.659308981445589,22.040983606557376,103,84.42622950819673,5338.31,43.7566393442623,ABCD,0
2025-07-16,2025-07,PULLBACK,33,8,6.4012121212121205,-7.316800819619881,19.96969696969697,11,33.33333333333333,-1685.74,-51.083030303030306,FLAT_TOP,0
2025-07-17,2025-07,PULLBACK,70,12,7.198192857142858,1.6398095952422655,14.871428571428572,59,84.28571428571429,1955.2799999999997,27.932571428571425,FLAT_TOP,0
2025-07-18,2025-07,PULLBACK,63,18,5.0922968253968275,-1.619009616676338,25.61904761904762,43,68.25396825396825,-268.5800000000001,-4.263174603174605,FLAT_TOP,0
2025-07-21,2025-07,PULLBACK,42,12,8.483221428571428,-2.6527068537123446,15.214285714285714,12,28.57142857142857,-1105.18,-26.313809523809525,FLAT_TOP,0
2025-07-22,2025-07,PULLBACK,44,13,5.586497727272728,-1.3353082993117267,16.295454545454547,20,45.45454545454545,-625.12,-14.207272727272727,FLAT_TOP,0
2025-07-23,2025-07,PULLBACK,18,10,4.0978,-2.703899004146408,27.77777777777778,10,55.55555555555556,-426.46000000000004,-23.692222222222224,FLAT_TOP,0
2025-07-24,2025-07,PULLBACK,31,11,4.943351612903226,-3.2254070993714405,19.258064516129032,18,58.06451612903226,-445.38,-14.367096774193548,FLAT_TOP,0
2025-07-25,2025-07,PULLBACK,100,12,3.9912540000000014,-3.9199207138692493,31.17,24,24.0,-3133.7,-31.337,ABCD,0
2025-07-28,2025-07,PULLBACK,58,9,7.840810344827587,0.26450127464032164,10.931034482758621,31,53.44827586206896,-283.0799999999999,-4.880689655172413,FLAT_TOP,0
2025-07-29,2025-07,PULLBACK,26,14,4.5413,1.2971250044166958,28.53846153846154,13,50.0,72.75999999999996,2.7984615384615372,FLAT_TOP,0
2025-07-30,2025-07,PULLBACK,66,11,7.229071212121212,-0.25019034433484477,15.727272727272727,34,51.515151515151516,-463.84000000000003,-7.027878787878788,FLAT_TOP,0
2025-07-31,2025-07,PULLBACK,45,10,7.723826666666667,-1.5164166668752865,17.555555555555557,28,62.22222222222222,124.60999999999993,2.7691111111111093,FLAT_TOP,0
2025-08-01,2025-08,BREAKOUT,55,9,3.7540490909090907,-1.1010748350806643,18.727272727272727,25,45.45454545454545,59.92999999999998,1.0896363636363633,ABCD,1
2025-08-04,2025-08,BREAKOUT,56,8,5.7002875,2.8294752611852543,11.125,39,69.64285714285714,841.8899999999999,15.033749999999998,FLAT_TOP,1
2025-08-05,2025-08,BREAKOUT,66,8,4.844995454545455,4.429423816714972,12.484848484848484,44,66.66666666666666,385.6700000000001,5.84348484848485,MICRO_PULLBACK,1
2025-08-06,2025-08,BREAKOUT,61,7,4.728801639344264,3.3688796928831524,14.508196721311476,39,63.934426229508205,2015.9399999999998,33.04819672131147,FLAT_TOP,1
2025-08-07,2025-08,BREAKOUT,48,15,6.571516666666668,-2.2050059476897528,15.5625,25,52.083333333333336,-425.18000000000006,-8.857916666666668,FLAT_TOP,1
2025-08-08,2025-08,BREAKOUT,103,12,2.9504805825242717,-3.6805309180701893,36.36893203883495,29,28.155339805825243,-3513.330000000001,-34.11000000000001,ABCD,1
2025-08-11,2025-08,BREAKOUT,76,11,4.002277631578948,1.6821147396545326,33.98684210526316,56,73.68421052631578,698.5,9.19078947368421,FLAT_TOP,1
2025-08-12,2025-08,BREAKOUT,64,12,5.040296874999999,1.8768477458903798,18.515625,47,73.4375,1293.4399999999998,20.209999999999997,FLAT_TOP,1
2025-08-13,2025-08,BREAKOUT,87,16,7.817725287356325,-1.8794038263908068,17.264367816091955,65,74.71264367816092,-266.7099999999999,-3.065632183908045,FLAT_TOP,1
2025-08-14,2025-08,BREAKOUT,265,13,4.502788301886793,4.179868119268385,13.015094339622642,244,92.0754716981132,10828.99,40.86411320754717,ABCD,1
2025-08-15,2025-08,BREAKOUT,17,7,4.996917647058824,-1.731460345267502,24.941176470588236,8,47.05882352941176,24.88000000000001,1.4635294117647064,FLAT_TOP,1
2025-08-18,2025-08,BREAKOUT,66,8,3.675466666666667,-3.1547765461266475,37.22727272727273,38,57.57575757575758,-1464.27,-22.185909090909092,ABCD,1
2025-08-19,2025-08,BREAKOUT,118,9,2.3004711864406775,5.462585017520028,19.550847457627118,92,77.96610169491525,5102.430000000001,43.24093220338984,ABCD,1
2025-08-20,2025-08,BREAKOUT,34,11,5.683423529411765,-0.42947877724573946,20.970588235294116,15,44.11764705882353,-427.18,-12.564117647058824,FLAT_TOP,1
2025-08-21,2025-08,BREAKOUT,40,11,4.340915000000001,-6.4871812609904795,18.45,11,27.500000000000004,-2069.4100000000003,-51.73525000000001,FLAT_TOP,1
2025-08-22,2025-08,BREAKOUT,51,13,4.0505313725490195,-2.3385368398334236,22.0,32,62.745098039215684,-440.15,-8.630392156862746,FLAT_TOP,1
2025-08-25,2025-08,BREAKOUT,46,12,6.1967217391304334,2.3313301266719884,27.782608695652176,23,50.0,471.57000000000005,10.251521739130435,FLAT_TOP,1
2025-08-26,2025-08,BREAKOUT,118,8,4.583136440677963,-0.450028617206883,25.652542372881356,97,82.20338983050848,-243.28000000000006,-2.061694915254238,ABCD,1
2025-08-27,2025-08,BREAKOUT,39,13,8.463592307692307,2.8628237928092135,13.256410256410257,22,56.41025641025641,818.2500000000001,20.980769230769234,FLAT_TOP,1
2025-08-28,2025-08,BREAKOUT,42,8,6.484207142857143,-1.823528667145668,29.976190476190474,16,38.095238095238095,-1135.95,-27.04642857142857,FLAT_TOP,1
2025-08-29,2025-08,BREAKOUT,140,11,3.6577228571428577,3.1529404842609132,19.192857142857143,110,78.57142857142857,3604.3999999999996,25.745714285714282,ABCD,1
2025-09-02,2025-09,BREAKOUT,133,8,3.7812872180451125,2.1962929213201714,23.39097744360902,126,94.73684210526315,3705.04,27.857443609022557,ABCD,1
2025-09-03,2025-09,BREAKOUT,154,12,8.469925324675325,0.8582398244393309,12.785714285714286,85,55.1948051948052,-45.95999999999981,-0.2984415584415572,MICRO_PULLBACK,1
2025-09-04,2025-09,BREAKOUT,65,12,4.932969230769231,-13.607894643190196,26.415384615384614,12,18.461538461538463,-5042.9400000000005,-77.58369230769232,FLAT_TOP,1
2025-09-05,2025-09,BREAKOUT,98,11,4.133967346938775,13.626912860116146,21.387755102040817,82,83.6734693877551,10184.279999999999,103.9212244897959,ABCD,1
2025-09-08,2025-09,BREAKOUT,140,12,5.135873571428572,11.374287235696066,16.72142857142857,101,72.14285714285714,12358.71,88.2765,ABCD,1
2025-09-09,2025-09,BREAKOUT,113,12,3.962813274336282,-4.554808966064101,9.398230088495575,15,13.274336283185843,-1530.2300000000005,-13.54185840707965,ABCD,1
2025-09-10,2025-09,BREAKOUT,110,15,6.836956363636362,-2.2483352553560776,28.963636363636365,70,63.63636363636363,-1040.1100000000001,-9.455545454545456,ABCD,1
2025-09-11,2025-09,BREAKOUT,33,9,6.109375757575757,-6.097924715012381,14.93939393939394,6,18.181818181818183,-1380.61,-41.836666666666666,FLAT_TOP,1
2025-09-12,2025-09,BREAKOUT,38,13,8.422365789473684,-2.066955127113992,20.36842105263158,17,44.73684210526316,-417.53,-10.987631578947367,FLAT_TOP,1
2025-09-15,2025-09,BREAKOUT,208,11,12.95140096153846,-0.7423300855626337,8.298076923076923,33,15.865384615384615,-696.17,-3.3469711538461535,ABCD,1
2025-09-16,2025-09,BREAKOUT,130,13,4.372870769230769,-2.211558023744767,16.20769230769231,62,47.69230769230769,-281.90000000000003,-2.1684615384615387,ABCD,1
2025-09-17,2025-09,BREAKOUT,28,8,6.577085714285715,-9.247247384780131,24.178571428571427,5,17.857142857142858,-2131.47,-76.12392857142856,FLAT_TOP,1
2025-09-18,2025-09,BREAKOUT,46,15,7.245152173913043,2.802225997048552,30.347826086956523,30,65.21739130434783,278.92,6.063478260869566,FLAT_TOP,1
2025-09-19,2025-09,BREAKOUT,57,11,7.893633333333333,4.049585645418858,17.157894736842106,35,61.40350877192983,820.0899999999998,14.387543859649119,FLAT_TOP,1
2025-09-22,2025-09,BREAKOUT,120,15,5.681854166666665,-0.6473326509058153,20.791666666666668,44,36.666666666666664,1114.5000000000002,9.287500000000001,ABCD,1
2025-09-23,2025-09,BREAKOUT,117,15,8.615294871794871,0.17119321839547516,16.444444444444443,86,73.50427350427351,886.24,7.574700854700855,ABCD,1
2025-09-24,2025-09,BREAKOUT,78,18,5.475137179487179,0.801952174088875,38.166666666666664,56,71.7948717948718,797.7600000000002,10.22769230769231,ABCD,1
2025-09-25,2025-09,BREAKOUT,71,14,6.91751971830986,-1.9316880607281335,16.929577464788732,33,46.478873239436616,-957.5700000000002,-13.486901408450706,FLAT_TOP,1
2025-09-26,2025-09,BREAKOUT,50,11,6.886908000000001,1.0499970532143195,19.5,27,54.0,355.9099999999999,7.118199999999998,FLAT_TOP,1
2025-09-29,2025-09,BREAKOUT,63,21,6.055952380952381,5.721927994080341,19.317460317460316,38,60.317460317460316,1668.3400000000001,26.481587301587304,FLAT_TOP,1
2025-09-30,2025-09,BREAKOUT,61,8,4.859049180327868,1.961026742682404,21.19672131147541,49,80.32786885245902,756.7699999999999,12.406065573770489,FLAT_TOP,1
2025-10-01,2025-10,BREAKOUT,53,13,4.604613207547169,0.435270872763778,19.69811320754717,46,86.79245283018868,625.16,11.795471698113207,FLAT_TOP,1
2025-10-02,2025-10,BREAKOUT,85,10,4.144788235294117,3.174380953114003,14.905882352941177,65,76.47058823529412,980.34,11.533411764705884,ABCD,1
2025-10-03,2025-10,BREAKOUT,48,20,9.24676875,1.8146580007178872,27.604166666666668,26,54.166666666666664,84.84000000000006,1.7675000000000012,FLAT_TOP,1
2025-10-06,2025-10,BREAKOUT,64,17,7.4469328125,0.5766263924052635,17.921875,53,82.8125,624.39,9.75609375,FLAT_TOP,1
2025-10-07,2025-10,BREAKOUT,84,19,5.988052380952381,-1.0315558374509728,37.523809523809526,47,55.952380952380956,643.0600000000003,7.655476190476194,FLAT_TOP,1
2025-10-08,2025-10,BREAKOUT,163,18,5.282833128834355,-0.19949075072240016,22.23926380368098,115,70.5521472392638,1701.8100000000002,10.440552147239265,ABCD,1
2025-10-09,2025-10,BREAKOUT,59,16,9.367174576271186,-6.0068301307049925,16.949152542372882,8,13.559322033898304,-2668.3900000000003,-45.22694915254238,ABCD,1
2025-10-10,2025-10,BREAKOUT,110,15,4.518429090909093,-2.4172999563493014,17.354545454545455,33,30.0,-1254.86,-11.40781818181818,ABCD,1
2025-10-13,2025-10,BREAKOUT,344,19,7.128038081395348,-2.7948944056263185,16.555232558139537,147,42.73255813953488,-9460.449999999999,-27.50130813953488,ABCD,1
2025-10-14,2025-10,BREAKOUT,121,20,9.2077173553719,-3.6823293619652064,17.479338842975206,43,35.53719008264463,-2731.0099999999998,-22.570330578512394,FLAT_TOP,1
2025-10-15,2025-10,BREAKOUT,122,20,10.093502459016392,-1.7399694540753716,11.62295081967213,27,22.131147540983605,-1215.8400000000001,-9.965901639344263,ABCD,1
2025-10-16,2025-10,BREAKOUT,71,16,6.878053521126759,0.7691362336132742,18.901408450704224,53,74.64788732394366,699.5599999999997,9.85295774647887,FLAT_TOP,1
2025-10-17,2025-10,BREAKOUT,93,14,4.55940860215054,2.5110842610084965,31.827956989247312,76,81.72043010752688,1126.0200000000002,12.107741935483872,ABCD,1
2025-10-20,2025-10,BREAKOUT,38,15,6.366942105263158,0.27241578486553125,27.289473684210527,23,60.526315789473685,-111.88,-2.944210526315789,FLAT_TOP,1
2025-10-21,2025-10,BREAKOUT,116,16,9.632518103448273,2.7328245012561405,21.982758620689655,101,87.06896551724138,2501.89,21.56801724137931,ABCD,1
2025-10-22,2025-10,BREAKOUT,49,11,4.91655306122449,-9.391805957722362,42.12244897959184,10,20.408163265306122,-3839.9900000000002,-78.36714285714287,ABCD,1
2025-10-23,2025-10,BREAKOUT,168,15,9.747382142857143,-1.6398095551985996,18.88095238095238,79,47.023809523809526,-772.6300000000001,-4.598988095238096,ABCD,1
2025-10-24,2025-10,BREAKOUT,128,10,5.361636718750001,-0.08776444575170561,31.796875,58,45.3125,83.32000000000002,0.6509375000000002,ABCD,1
2025-10-27,2025-10,BREAKOUT,72,16,9.28993611111111,-5.633367146231073,17.34722222222222,28,38.88888888888889,-2147.55,-29.827083333333334,FLAT_TOP,1
2025-10-28,2025-10,BREAKOUT,144,11,11.543925694444445,-0.5757387762223353,16.145833333333332,97,67.36111111111111,-338.9600000000001,-2.3538888888888896,ABCD,1
2025-10-29,2025-10,BREAKOUT,37,13,8.271772972972974,-1.0281680434261264,19.027027027027028,25,67.56756756756756,-205.43999999999997,-5.552432432432432,FLAT_TOP,1
2025-10-30,2025-10,BREAKOUT,47,16,7.768748936170214,-2.610057279779492,16.361702127659573,19,40.42553191489361,-837.6899999999999,-17.8231914893617,FLAT_TOP,1
2025-10-31,2025-10,BREAKOUT,42,10,7.923526190476191,1.0894937294157534,21.166666666666668,26,61.904761904761905,-175.72,-4.183809523809524,FLAT_TOP,1
2025-11-03,2025-11,REVERSAL,99,15,5.2326989898989895,5.438280417516531,30.161616161616163,82,82.82828282828282,3783.39,38.2160606060606,ABCD,2
2025-11-04,2025-11,REVERSAL,25,11,6.805376,-2.151630227636823,17.28,13,52.0,-344.87,-13.7948,FLAT_TOP,2
2025-11-05,2025-11,REVERSAL,80,10,7.716185000000001,0.1786612969866569,22.625,69,86.25,344.29999999999995,4.303749999999999,ABCD,2
2025-11-06,2025-11,REVERSAL,47,9,5.653717021276597,-0.18540081039621975,15.425531914893616,41,87.2340425531915,113.84000000000002,2.4221276595744685,FLAT_TOP,2
2025-11-07,2025-11,REVERSAL,149,14,4.922377852348994,-6.463169030200319,9.416107382550335,24,16.10738255033557,-9416.41,-63.19738255033557,ABCD,2
2025-11-10,2025-11,REVERSAL,154,8,12.096022077922076,14.106362371904957,16.038961038961038,132,85.71428571428571,17560.05,114.0262987012987,ABCD,2
2025-11-11,2025-11,REVERSAL,143,7,6.985823776223777,0.5926623655135836,11.454545454545455,122,85.3146853146853,1017.04,7.112167832167832,ABCD,2
2025-11-12,2025-11,REVERSAL,47,12,6.767725531914895,-1.04501827035692,25.76595744680851,21,44.680851063829785,-224.6599999999999,-4.7799999999999985,FLAT_TOP,2
2025-11-13,2025-11,REVERSAL,24,8,6.597158333333334,-2.5539821859612437,21.833333333333332,12,50.0,-526.34,-21.930833333333336,FLAT_TOP,2
2025-11-14,2025-11,REVERSAL,143,16,13.891499300699303,1.1242057489232389,13.202797202797203,120,83.91608391608392,1925.5399999999997,13.465314685314684,ABCD,2
2025-11-17,2025-11,REVERSAL,37,9,5.735332432432433,0.5882889208754246,22.864864864864863,24,64.86486486486487,150.76000000000005,4.074594594594596,FLAT_TOP,2
2025-11-18,2025-11,REVERSAL,51,11,8.477670588235293,-0.4491125791823668,19.568627450980394,34,66.66666666666666,-49.87000000000003,-0.9778431372549026,FLAT_TOP,2
2025-11-19,2025-11,REVERSAL,32,10,7.870609375000001,-1.8561222901101588,22.34375,17,53.125,-393.50000000000006,-12.296875000000002,FLAT_TOP,2
2025-11-20,2025-11,REVERSAL,34,8,8.01850588235294,-0.45822509656488536,33.529411764705884,18,52.94117647058824,-206.32999999999998,-6.068529411764706,FLAT_TOP,2
2025-11-21,2025-11,REVERSAL,162,8,4.967853086419752,-9.95636010155107,31.067901234567902,48,29.629629629629626,-9485.2,-58.55061728395062,ABCD,2
2025-11-24,2025-11,REVERSAL,27,11,6.569122222222223,0.2707021878711341,24.88888888888889,21,77.77777777777779,164.35999999999999,6.087407407407407,FLAT_TOP,2
2025-11-25,2025-11,REVERSAL,42,7,7.96737619047619,1.2698795522392907,24.333333333333332,27,64.28571428571429,96.51,2.297857142857143,FLAT_TOP,2
2025-11-26,2025-11,REVERSAL,38,13,6.365892105263158,-0.9771298738385767,18.289473684210527,21,55.26315789473685,-235.75000000000006,-6.203947368421054,FLAT_TOP,2
2025-11-28,2025-11,REVERSAL,32,6,5.9779406250000005,-1.813085070596502,34.78125,17,53.125,-683.4300000000001,-21.357187500000002,FLAT_TOP,2
2025-12-01,2025-12,BREAKOUT,79,4,7.352177215189873,6.433866043050402,17.569620253164558,48,60.75949367088608,2625.7800000000007,33.23772151898735,FLAT_TOP,1
2025-12-02,2025-12,BREAKOUT,136,3,4.676501470588235,-4.978984664536252,27.014705882352942,82,60.29411764705882,-4187.24,-30.788529411764703,ABCD,1
2025-12-03,2025-12,BREAKOUT,58,5,7.6280379310344815,-3.5772624805479416,12.03448275862069,17,29.310344827586203,-1674.3400000000001,-28.867931034482762,FLAT_TOP,1
2025-12-04,2025-12,BREAKOUT,81,3,7.170285185185185,0.7544770797634603,13.012345679012345,51,62.96296296296296,949.0300000000001,11.71641975308642,FLAT_TOP,1
2025-12-05,2025-12,BREAKOUT,77,3,6.487663636363636,-1.9414401001779773,10.272727272727273,30,38.961038961038966,-1501.0899999999997,-19.49467532467532,FLAT_TOP,1
2025-12-08,2025-12,BREAKOUT,80,6,3.4228274999999995,-3.265492176608432,45.6375,58,72.5,-1093.8200000000002,-13.672750000000002,ABCD,1
2025-12-09,2025-12,BREAKOUT,108,7,4.670530555555555,1.1092772731458191,19.76851851851852,81,75.0,1553.6299999999999,14.385462962962961,ABCD,1
2025-12-10,2025-12,BREAKOUT,41,8,6.890441463414633,2.857927544785733,26.804878048780488,31,75.60975609756098,220.77,5.3846341463414635,FLAT_TOP,1
2025-12-11,2025-12,BREAKOUT,113,11,6.991590265486726,-10.496963904736017,12.4070796460177,20,17.699115044247787,-9329.21,-82.55938053097344,ABCD,1
2025-12-12,2025-12,BREAKOUT,33,7,4.05181212121212,-1.5729002733460438,18.696969696969695,16,48.484848484848484,-364.95,-11.059090909090909,FLAT_TOP,1
2025-12-15,2025-12,BREAKOUT,83,6,8.657219277108434,5.709499091293986,15.0,69,83.13253012048193,1880.3799999999999,22.655180722891565,FLAT_TOP,1
2025-12-16,2025-12,BREAKOUT,30,5,9.113130000000002,-1.4979658372257298,21.766666666666666,18,60.0,32.53,1.0843333333333334,FLAT_TOP,1
2025-12-17,2025-12,BREAKOUT,62,5,6.716067741935486,11.294887074980998,54.564516129032256,60,96.7741935483871,3037.1400000000003,48.98612903225807,ABCD,1
2025-12-18,2025-12,BREAKOUT,18,7,6.031061111111111,-3.599186973526559,23.666666666666668,10,55.55555555555556,-506.32,-28.128888888888888,FLAT_TOP,1
2025-12-19,2025-12,BREAKOUT,26,3,3.760307692307692,-3.961785888705182,26.846153846153847,11,42.30769230769231,-587.4499999999999,-22.594230769230766,FLAT_TOP,1
2025-12-22,2025-12,BREAKOUT,62,9,6.570075806451615,2.65988168387895,15.64516129032258,44,70.96774193548387,1177.8799999999999,18.99806451612903,FLAT_TOP,1
2025-12-23,2025-12,BREAKOUT,39,3,5.388261538461538,2.8508344417674474,21.358974358974358,24,61.53846153846154,314.01999999999987,8.051794871794868,FLAT_TOP,1
2025-12-24,2025-12,BREAKOUT,81,6,7.023741975308642,4.861908571139814,13.123456790123457,62,76.5432098765432,3649.23,45.05222222222222,FLAT_TOP,1
2025-12-26,2025-12,BREAKOUT,162,4,7.108577777777778,3.344994532389567,19.555555555555557,104,64.19753086419753,3265.38,20.156666666666666,ABCD,1
2025-12-29,2025-12,BREAKOUT,29,6,3.4698862068965517,-2.080996966787698,20.413793103448278,11,37.93103448275862,-481.15,-16.591379310344827,FLAT_TOP,1
2025-12-30,2025-12,BREAKOUT,56,7,3.4613535714285715,-0.3348492490282331,20.732142857142858,38,67.85714285714286,221.52,3.955714285714286,FLAT_TOP,1
2025-12-31,2025-12,BREAKOUT,89,5,5.971806741573033,3.144430013187142,12.44943820224719,72,80.89887640449437,1894.7099999999998,21.28887640449438,FLAT_TOP,1
2026-01-02,2026-01,BREAKOUT,87,14,5.079652873563218,-2.9274802255696164,18.471264367816094,42,48.275862068965516,-1684.1200000000001,-19.35770114942529,FLAT_TOP,1
2026-01-05,2026-01,BREAKOUT,142,24,10.02692957746479,0.03420881031651144,22.35211267605634,105,73.94366197183099,-50.15999999999997,-0.3532394366197181,FLAT_TOP,1
2026-01-06,2026-01,BREAKOUT,190,28,5.37746052631579,-4.156377935875566,33.43684210526316,52,27.368421052631582,-6717.41,-35.35478947368421,ABCD,1
2026-01-07,2026-01,BREAKOUT,182,26,4.562221428571428,-0.33973706785206026,27.296703296703296,145,79.67032967032966,855.3799999999999,4.699890109890109,FLAT_TOP,1
2026-01-08,2026-01,BREAKOUT,273,21,4.970421611721611,9.39999531351438,16.05860805860806,236,86.44688644688645,21811.65,79.89615384615385,ABCD,1
2026-01-09,2026-01,BREAKOUT,159,28,6.754094968553459,-1.1698286637108934,19.729559748427672,99,62.264150943396224,278.14000000000004,1.7493081761006293,FLAT_TOP,1
2026-01-12,2026-01,BREAKOUT,335,26,9.123807164179105,2.1710906574773716,50.77014925373134,309,92.23880597014926,5737.07,17.12558208955224,ABCD,1
2026-01-13,2026-01,BREAKOUT,114,28,7.2658499999999995,0.7015991243155772,26.07017543859649,81,71.05263157894737,-2.910000000000103,-0.02552631578947459,FLAT_TOP,1
2026-01-14,2026-01,BREAKOUT,163,26,7.1909245398773,-1.1229105398176078,26.680981595092025,117,71.77914110429448,-1980.3600000000006,-12.14944785276074,FLAT_TOP,1
2026-01-15,2026-01,BREAKOUT,372,24,6.528469086021506,7.703572940745376,19.852150537634408,321,86.29032258064517,25513.939999999995,68.58586021505376,ABCD,1
2026-01-16,2026-01,BREAKOUT,121,23,5.964052066115703,-4.573915715424897,21.0,48,39.66942148760331,-4929.64,-40.74082644628099,FLAT_TOP,1
2026-01-20,2026-01,BREAKOUT,201,31,4.528028855721392,-1.0437399016314401,17.402985074626866,129,64.17910447761194,-2171.1699999999996,-10.8018407960199,FLAT_TOP,1
2026-01-21,2026-01,BREAKOUT,276,23,7.956805434782609,2.3002836125569055,14.931159420289855,217,78.62318840579711,5736.379999999999,20.783985507246374,ABCD,1
2026-01-22,2026-01,BREAKOUT,148,15,6.139919594594595,0.4307817099912826,12.182432432432432,100,67.56756756756756,192.6899999999997,1.3019594594594575,FLAT_TOP,1
2026-01-23,2026-01,BREAKOUT,140,19,7.443449285714286,-4.5056863060317385,13.392857142857142,54,38.57142857142858,-5861.77,-41.86978571428572,FLAT_TOP,1
2026-01-26,2026-01,BREAKOUT,181,21,4.4520878453038675,-2.7697442440129083,15.07182320441989,81,44.751381215469614,-3361.16,-18.569944751381215,FLAT_TOP,1
2026-01-27,2026-01,BREAKOUT,391,15,4.378339386189258,-0.26138142128236636,16.281329923273656,212,54.21994884910486,-3898.5500000000006,-9.97071611253197,ABCD,1
2026-01-28,2026-01,BREAKOUT,155,17,3.7677741935483873,-10.844443235786857,23.858064516129033,34,21.935483870967744,-10491.92,-67.68980645161291,ABCD,1
2026-01-29,2026-01,BREAKOUT,244,12,3.9239668032786876,-8.041443565982537,21.881147540983605,26,10.655737704918032,-10565.36,-43.30065573770492,ABCD,1
2026-01-30,2026-01,BREAKOUT,175,17,4.201486285714285,1.0784080272112444,13.514285714285714,98,56.00000000000001,661.3399999999997,3.7790857142857126,FLAT_TOP,1
2026-02-02,2026-02,UNKNOWN,12,2,8.2451,-3.4710165812723424,7.5,0,0.0,-135.26,-11.271666666666667,ABCD,-1
2026-02-03,2026-02,UNKNOWN,6,1,8.769999999999998,5.359179019384273,32.0,6,100.0,235.46999999999997,39.245,ABCD,-1
2026-02-04,2026-02,UNKNOWN,6,1,5.5774,-1.4773908989851867,9.0,0,0.0,-17.02,-2.8366666666666664,ABCD,-1
2026-02-06,2026-02,UNKNOWN,6,2,4.985333333333333,-12.816122473037913,42.833333333333336,1,16.666666666666664,-551.38,-91.89666666666666,ABCD,-1
2026-02-10,2026-02,UNKNOWN,7,2,4.28,-3.553012055558271,7.714285714285714,1,14.285714285714285,-54.440000000000005,-7.777142857142858,ABCD,-1
2026-02-12,2026-02,UNKNOWN,6,1,10.65,-10.117370892018783,9.5,0,0.0,-600.1700000000001,-100.02833333333335,ABCD,-1
2026-02-13,2026-02,UNKNOWN,7,3,3.3168571428571423,11.72602251378763,28.857142857142858,6,85.71428571428571,567.3,81.04285714285713,ABCD,-1
2026-02-17,2026-02,UNKNOWN,11,2,3.790745454545454,-2.776785716839646,18.0,0,0.0,-56.05,-5.095454545454545,ABCD,-1
