date,symbol
2025-01-10,ABTC
2025-01-10,ARTW
2025-01-10,DTIL
2025-01-10,MVST
2025-01-10,OPFI
2025-01-10,PRZO
2025-01-10,SENS
2025-01-13,DCTH
2025-01-13,GCTK
2025-01-13,GRNQ
2025-01-13,PHIO
2025-01-13,RRGB
2025-01-13,SLXN
2025-01-13,TRAW
2025-01-13,VVPR
2025-01-14,INGN
2025-01-14,PIII
2025-01-14,RILY
2025-01-14,TDUP
2025-01-15,BOF
2025-01-15,BRLT
2025-01-15,BTOG
2025-01-15,COMP
2025-01-15,FAMI
2025-01-15,HSDT
2025-01-15,MASS
2025-01-15,MGIH
2025-01-15,OSTX
2025-01-15,RPID
2025-01-15,TAOP
2025-01-16,ACON
2025-01-16,BMRA
2025-01-16,DOYU
2025-01-16,FSI
2025-01-16,HUYA
2025-01-16,PMAX
2025-01-16,WHLR
2025-01-17,BTCS
2025-01-17,BTCT
2025-01-17,DFNS
2025-01-17,GSIT
2025-01-17,PRZO
2025-01-17,TMC
2025-01-17,ZBAI
2025-01-21,ASST
2025-01-21,BAK
2025-01-21,BTCT
2025-01-21,DWTX
2025-01-21,EOLS
2025-01-21,HSDT
2025-01-21,IONR
2025-01-21,LEDS
2025-01-21,NAK
2025-01-21,REPL
2025-01-21,TMQ
2025-01-21,VATE
2025-01-22,AGPU
2025-01-22,ANIX
2025-01-22,ASST
2025-01-22,BLBX
2025-01-22,CDIO
2025-01-22,HYFT
2025-01-22,MDAI
2025-01-22,MGX
2025-01-22,NTRB
2025-01-22,NUAI
2025-01-22,PDYN
2025-01-22,RVSN
2025-01-22,SOGP
2025-01-23,EVLV
2025-01-23,IVA
2025-01-23,KOPN
2025-01-23,QNRX
2025-01-23,SDST
2025-01-23,SES
2025-01-23,TAL
2025-01-23,VNCE
2025-01-23,XCUR
2025-01-24,ACON
2025-01-24,ALUR
2025-01-24,DDD
2025-01-24,DWTX
2025-01-24,ELAB
2025-01-24,EVAX
2025-01-24,FPH
2025-01-24,NVNI
2025-01-24,NVOX
2025-01-24,PRFX
2025-01-24,RNAZ
2025-01-27,BLNE
2025-01-27,BNZI
2025-01-27,CLIK
2025-01-27,FMST
2025-01-27,HWH
2025-01-27,JG
2025-01-27,NVD
2025-01-27,ZKIN
2025-01-28,DXR
2025-01-28,MOB
2025-01-28,SGRY
2025-01-28,SLXN
2025-01-28,TC
2025-01-28,ZKIN
2025-01-29,BNZI
2025-01-29,BRAG
2025-01-29,CHAI
2025-01-29,EVTV
2025-01-29,HURA
2025-01-29,LGCL
2025-01-29,NWTG
2025-01-29,OKYO
2025-01-29,PACK
2025-01-29,SLXN
2025-01-29,SXTP
2025-01-29,TLF
2025-01-30,ATHE
2025-01-30,BNZI
2025-01-30,CELZ
2025-01-30,FEED
2025-01-30,KZIA
2025-01-30,NWTG
2025-01-30,ONEW
2025-01-30,PCSA
2025-01-30,XFOR
2025-01-31,CIFR
2025-01-31,CYCN
2025-01-31,HUBC
2025-01-31,LVO
2025-01-31,NCEL
2025-01-31,ORKT
2025-01-31,REBN
2025-01-31,VSA
2025-02-03,BCTX
2025-02-03,GHRS
2025-02-03,IVVD
2025-02-03,KC
2025-02-03,MX
2025-02-03,REBN
2025-02-03,SSYS
2025-02-03,USGO
2025-02-04,CPIX
2025-02-04,EMPD
2025-02-04,EVAX
2025-02-04,QNTM
2025-02-04,XGN
2025-02-05,ACB
2025-02-05,ASST
2025-02-05,BBAI
2025-02-05,CRTO
2025-02-05,CYN
2025-02-05,EDBL
2025-02-05,MAT
2025-02-05,PLCE
2025-02-05,SNES
2025-02-06,APPS
2025-02-06,HKD
2025-02-06,IVVD
2025-02-06,PTON
2025-02-06,QNTM
2025-02-06,RANI
2025-02-06,RLMD
2025-02-06,RNAZ
2025-02-06,SBET
2025-02-06,UGRO
2025-02-07,CLSK
2025-02-07,CRMLW
2025-02-07,DC
2025-02-07,DC.WS
2025-02-07,DRIO
2025-02-07,FARM
2025-02-07,PGY
2025-02-07,PINS
2025-02-07,SEGG
2025-02-07,UPC
2025-02-10,ATLX
2025-02-10,BDRX
2025-02-10,BNAI
2025-02-10,BOOM
2025-02-10,CYN
2025-02-10,DOMH
2025-02-10,FHTX
2025-02-10,MNTS
2025-02-10,MPAA
2025-02-10,NCEL
2025-02-10,PNBK
2025-02-10,SLDB
2025-02-11,CYN
2025-02-11,DOMH
2025-02-11,INAB
2025-02-11,PERF
2025-02-11,RAIN
2025-02-11,SATL
2025-02-12,DUO
2025-02-12,IPDN
2025-02-12,NEUP
2025-02-12,SMCL
2025-02-13,DNOW
2025-02-13,GNPX
2025-02-13,MBRX
2025-02-13,MKZR
2025-02-13,OPRT
2025-02-13,OPTU
2025-02-13,OTLY
2025-02-13,PGY
2025-02-13,PLRX
2025-02-13,SBC
2025-02-13,SOC
2025-02-14,CNSP
2025-02-14,DCH
2025-02-14,ELME
2025-02-14,FLYX
2025-02-14,MBRX
2025-02-14,MDCX
2025-02-14,MKZR
2025-02-14,NUS
2025-02-14,OSTX
2025-02-14,PONY
2025-02-14,RCEL
2025-02-14,SOGP
2025-02-14,TRON
2025-02-14,WRD
2025-02-14,ZH
2025-02-18,AGRO
2025-02-18,CBIO
2025-02-18,CETX
2025-02-18,DFSC
2025-02-18,EFOI
2025-02-18,ESLA
2025-02-18,GRAB
2025-02-18,HCTI
2025-02-18,IPHA
2025-02-18,LXRX
2025-02-18,OSCR
2025-02-18,PCT
2025-02-18,PGY
2025-02-18,PRFX
2025-02-18,SLDB
2025-02-18,TRON
2025-02-18,WRD
2025-02-18,ZSTK
2025-02-19,ADEA
2025-02-19,CD
2025-02-19,EDIT
2025-02-19,HIND
2025-02-19,SINT
2025-02-19,SMCL
2025-02-19,UIS
2025-02-20,AMPL
2025-02-20,ASBP
2025-02-20,CADL
2025-02-20,CVM
2025-02-20,HLF
2025-02-20,KYNB
2025-02-20,LUNG
2025-02-20,MNDR
2025-02-20,PCLA
2025-02-20,SUIG
2025-02-20,U
2025-02-20,VNET
2025-02-20,WOK
2025-02-20,XOS
2025-02-21,AMN
2025-02-21,ESLA
2025-02-21,FIVN
2025-02-21,GDEV
2025-02-21,GDYN
2025-02-21,NAAS
2025-02-21,RNTX
2025-02-21,TUYA
2025-02-21,UPC
2025-02-24,ATPC
2025-02-24,CNEY
2025-02-24,CRML
2025-02-24,GSUN
2025-02-24,MBAI
2025-02-24,MFI
2025-02-24,MKZR
2025-02-24,PEPG
2025-02-24,QVCGA
2025-02-25,ADIL
2025-02-25,AHCO
2025-02-25,CHAI
2025-02-25,DDC
2025-02-25,EVER
2025-02-25,LE
2025-02-25,LI
2025-02-25,MFI
2025-02-25,PGEN
2025-02-25,SLMT
2025-02-25,SNES
2025-02-25,SXTC
2025-02-25,VIVS
2025-02-25,WAFU
2025-02-26,CHAI
2025-02-26,CLIK
2025-02-26,ENVB
2025-02-26,GOTU
2025-02-26,GTM
2025-02-26,HCTI
2025-02-26,HUMA
2025-02-26,HYFT
2025-02-26,INGN
2025-02-26,JBI
2025-02-26,PRCH
2025-02-26,VISN
2025-02-27,ADTN
2025-02-27,AMST
2025-02-27,ESGL
2025-02-27,LGCB
2025-02-27,MQ
2025-02-27,OPRA
2025-02-27,QNRX
2025-02-27,RILY
2025-02-27,RILYL
2025-02-27,RRGB
2025-02-27,SRI
2025-02-27,ULY
2025-02-27,XNET
2025-02-28,ACH
2025-02-28,ARBB
2025-02-28,BTAI
2025-02-28,EXFY
2025-02-28,NVVE
2025-02-28,ORGO
2025-02-28,PMAX
2025-02-28,PRGO
2025-03-03,ANRO
2025-03-03,BTAI
2025-03-03,BTCT
2025-03-03,BTOG
2025-03-03,CLRO
2025-03-03,FTFT
2025-03-03,GOVX
2025-03-03,GRDX
2025-03-03,GRRR
2025-03-03,MKTW
2025-03-03,POLA
2025-03-04,BTOG
2025-03-04,CYCU
2025-03-04,FRGT
2025-03-04,JFIN
2025-03-04,MASS
2025-03-04,RDGT
2025-03-05,ARBB
2025-03-05,CTOS
2025-03-05,CYCU
2025-03-05,GV
2025-03-05,NAGE
2025-03-05,SCOR
2025-03-05,SLXN
2025-03-05,YMM
2025-03-06,AGMH
2025-03-06,BGLC
2025-03-06,ECX
2025-03-06,GV
2025-03-07,BTOG
2025-03-07,CTMX
2025-03-07,FAMI
2025-03-07,GENK
2025-03-07,GV
2025-03-07,GYRE
2025-03-07,ICON
2025-03-07,SUNE
2025-03-07,USAR
2025-03-07,WHLR
2025-03-10,BDRX
2025-03-10,BENF
2025-03-10,CMTL
2025-03-10,DWTX
2025-03-10,FBIO
2025-03-10,SNOA
2025-03-10,STSS
2025-03-10,TRVI
2025-03-11,BVS
2025-03-11,FTK
2025-03-11,HLLY
2025-03-11,LFMD
2025-03-11,ONDS
2025-03-11,SNOA
2025-03-11,WATT
2025-03-12,CURI
2025-03-12,CXM
2025-03-12,DWTX
2025-03-12,EH
2025-03-12,GRPN
2025-03-12,HCTI
2025-03-12,MX
2025-03-12,OPRX
2025-03-12,SFIX
2025-03-12,SSP
2025-03-12,STI
2025-03-12,TSLG
2025-03-13,AVAH
2025-03-13,BRLT
2025-03-13,CCLD
2025-03-13,CRVO
2025-03-13,HYFT
2025-03-13,MGTX
2025-03-13,NWTG
2025-03-13,PHAR
2025-03-13,RAIL
2025-03-13,SNES
2025-03-13,SRTA
2025-03-13,XCUR
2025-03-14,BON
2025-03-14,CNL
2025-03-14,GDOT
2025-03-14,GOGO
2025-03-14,KRRO
2025-03-14,MRM
2025-03-14,NCEW
2025-03-14,QBTS
2025-03-14,QMCO
2025-03-14,QUBT
2025-03-14,SUNE
2025-03-17,ACON
2025-03-17,ANNX
2025-03-17,ARQQ
2025-03-17,ENTX
2025-03-17,FEED
2025-03-17,HYPR
2025-03-17,INUV
2025-03-17,QUBT
2025-03-17,SES
2025-03-18,CANF
2025-03-18,FINV
2025-03-18,GNPX
2025-03-18,INDP
2025-03-18,LITM
2025-03-18,THM
2025-03-18,XTIA
2025-03-19,BDRX
2025-03-19,BDTX
2025-03-19,CNF
2025-03-19,IRIX
2025-03-19,LSE
2025-03-19,STNE
2025-03-19,XHLD
2025-03-20,ASBP
2025-03-20,DBI
2025-03-20,ELAB
2025-03-20,GCTK
2025-03-20,VSME
2025-03-20,VVPR
2025-03-21,ALUR
2025-03-21,CURV
2025-03-21,ELAB
2025-03-21,IDN
2025-03-21,JVA
2025-03-21,LITM
2025-03-21,PNBK
2025-03-21,RNAZ
2025-03-21,VVPR
2025-03-21,XHLD
2025-03-24,GDHG
2025-03-24,HUHU
2025-03-24,ICON
2025-03-24,KRKR
2025-03-24,TNXP
2025-03-24,XHLD
2025-03-25,AGPU
2025-03-25,ATNM
2025-03-25,AVTX
2025-03-25,CTOR
2025-03-25,KBSX
2025-03-25,MBLY
2025-03-25,MYSE
2025-03-25,RAY
2025-03-26,ATNM
2025-03-26,BLNE
2025-03-26,BNZI
2025-03-26,PLTK
2025-03-26,VVPR
2025-03-26,WVE
2025-03-27,ACRV
2025-03-27,ASST
2025-03-27,DRMA
2025-03-27,EDAP
2025-03-27,HOUR
2025-03-27,JFIN
2025-03-27,MIST
2025-03-27,NKTX
2025-03-27,QNTM
2025-03-27,WOOF
2025-03-27,ZGN
2025-03-28,BRZE
2025-03-28,DLPN
2025-03-28,IRIX
2025-03-28,KULR
2025-03-28,LXRX
2025-03-28,PRLD
2025-03-28,QNTM
2025-03-28,TMC
2025-03-28,TWG
2025-03-31,CTOR
2025-03-31,DOMH
2025-03-31,HERE
2025-03-31,LNZA
2025-03-31,MCHB
2025-03-31,TRSG
2025-04-01,ABVC
2025-04-01,BIAF
2025-04-01,CNTB
2025-04-01,GRI
2025-04-01,HIND
2025-04-01,MI
2025-04-01,MVST
2025-04-01,SBET
2025-04-01,SONM
2025-04-01,STSS
2025-04-01,VERU
2025-04-02,ANGO
2025-04-02,CGNT
2025-04-02,HERE
2025-04-02,IBG
2025-04-02,KUST
2025-04-02,PCSA
2025-04-02,PHGE
2025-04-02,QNRX
2025-04-02,SBFM
2025-04-02,SIDU
2025-04-02,SPWH
2025-04-02,SUGP
2025-04-02,TTEC
2025-04-03,ATPC
2025-04-03,CARD
2025-04-03,CNTX
2025-04-03,HIBS
2025-04-03,JYD
2025-04-03,OILD
2025-04-03,PMAX
2025-04-03,SCO
2025-04-04,AREC
2025-04-04,CRMLW
2025-04-04,DRIP
2025-04-04,FMST
2025-04-04,FXP
2025-04-04,GRDX
2025-04-04,OILD
2025-04-04,OMEX
2025-04-04,PAMT
2025-04-04,SCO
2025-04-04,USAR
2025-04-07,BJDX
2025-04-07,CMBM
2025-04-07,CRMLW
2025-04-07,DFDV
2025-04-07,FXP
2025-04-07,HIBS
2025-04-07,LXEO
2025-04-07,RJET
2025-04-07,SMDD
2025-04-07,SUNE
2025-04-08,BTBD
2025-04-08,BTOG
2025-04-08,CYCU
2025-04-08,FEED
2025-04-08,FGI
2025-04-08,GLXG
2025-04-08,HOOX
2025-04-08,NYXH
2025-04-08,PLAY
2025-04-08,SPIR
2025-04-08,SXTP
2025-04-08,TKNO
2025-04-09,HUBC
2025-04-09,MBOT
2025-04-09,NDRA
2025-04-09,PACB
2025-04-09,PHIO
2025-04-09,XXII
2025-04-10,ELAB
2025-04-10,HIND
2025-04-10,HYFM
2025-04-10,KROS
2025-04-10,LOVE
2025-04-10,PRFX
2025-04-10,STSS
2025-04-10,SUNE
2025-04-10,WHLR
2025-04-11,BGLC
2025-04-11,BON
2025-04-11,CERT
2025-04-11,IPDN
2025-04-11,RXRX
2025-04-11,SLP
2025-04-14,AREC
2025-04-14,ARTL
2025-04-14,BEEM
2025-04-14,BULL
2025-04-14,BULLW
2025-04-14,CANF
2025-04-14,CRML
2025-04-14,MVLL
2025-04-14,NB
2025-04-14,STSS
2025-04-14,TMC
2025-04-14,TOI
2025-04-14,TUSK
2025-04-14,USAR
2025-04-15,ARBB
2025-04-15,BULLW
2025-04-15,DTIL
2025-04-15,HUIZ
2025-04-15,IE
2025-04-15,NB
2025-04-15,SNYR
2025-04-15,TMC
2025-04-15,USAR
2025-04-16,AREN
2025-04-16,BCTX
2025-04-16,HTZ
2025-04-16,MIRA
2025-04-16,NB
2025-04-16,NIOBW
2025-04-16,OMEX
2025-04-16,RVSN
2025-04-17,AREC
2025-04-17,CMND
2025-04-17,EVO
2025-04-17,HTZ
2025-04-17,HTZWW
2025-04-17,SXTC
2025-04-17,UFI
2025-04-17,UGRO
2025-04-21,APVO
2025-04-21,DWTX
2025-04-21,GMM
2025-04-21,HIND
2025-04-21,IPM
2025-04-21,SBFM
2025-04-22,IBIO
2025-04-22,INTJ
2025-04-22,NG
2025-04-22,OBIO
2025-04-22,SLI
2025-04-22,SXTC
2025-04-22,WNW
2025-04-23,AGMH
2025-04-23,BTOG
2025-04-23,CBIO
2025-04-23,JYD
2025-04-23,MIND
2025-04-23,NDRA
2025-04-23,NVAX
2025-04-23,RLMD
2025-04-23,RZLT
2025-04-23,SLXN
2025-04-23,SNOA
2025-04-23,TIL
2025-04-23,XXI
2025-04-24,BCTX
2025-04-24,CNEY
2025-04-24,CYH
2025-04-24,DFSC
2025-04-24,EPSM
2025-04-24,LGCB
2025-04-24,LRHC
2025-04-24,NUWE
2025-04-24,PONY
2025-04-24,SNT
2025-04-24,XXI
2025-04-24,ZENA
2025-04-25,AGMH
2025-04-25,OMEX
2025-04-25,PONY
2025-04-25,SES
2025-04-25,XXI
2025-04-28,AGMH
2025-04-28,AMPY
2025-04-28,BCDA
2025-04-28,HIMZ
2025-04-28,OMEX
2025-04-28,PLUG
2025-04-28,RBOT
2025-04-29,BON
2025-04-29,EVLV
2025-04-29,HIMS
2025-04-29,HIMZ
2025-04-29,LEG
2025-04-29,LFMD
2025-04-29,SOFX
2025-04-30,ABVE
2025-04-30,FRGT
2025-04-30,GCTK
2025-04-30,JFBR
2025-04-30,NTRB
2025-04-30,ORBS
2025-04-30,PYPD
2025-04-30,ULY
2025-05-01,BTOG
2025-05-01,FMST
2025-05-01,MSFL
2025-05-01,NVNI
2025-05-01,RNAZ
2025-05-02,ADIL
2025-05-02,ADPT
2025-05-02,AIRS
2025-05-02,BOOM
2025-05-02,CNEY
2025-05-02,FRGT
2025-05-02,HIND
2025-05-02,NPKI
2025-05-02,PLRZ
2025-05-02,SPHL
2025-05-05,DFSC
2025-05-05,EPRX
2025-05-05,FMST
2025-05-05,FNGR
2025-05-05,IMMP
2025-05-05,NCNA
2025-05-05,SBET
2025-05-06,AIFU
2025-05-06,ARRY
2025-05-06,ATRA
2025-05-06,BW.PRA
2025-05-06,CAMP
2025-05-06,CCLD
2025-05-06,DHC
2025-05-06,EVGO
2025-05-06,GLDD
2025-05-06,HRTX
2025-05-06,TDUP
2025-05-06,UPWK
2025-05-06,WRD
2025-05-07,ASST
2025-05-07,CIGL
2025-05-07,CNEY
2025-05-07,CURI
2025-05-07,CVGI
2025-05-07,EHTH
2025-05-07,NCEW
2025-05-07,NRDS
2025-05-07,OSCR
2025-05-07,PRCH
2025-05-07,SNES
2025-05-08,ACTG
2025-05-08,AKBA
2025-05-08,ALVO
2025-05-08,ASST
2025-05-08,AVAH
2025-05-08,BBD
2025-05-08,BBDO
2025-05-08,DCTH
2025-05-08,EBS
2025-05-08,FSLY
2025-05-08,GRPN
2025-05-08,LZ
2025-05-08,MRAL
2025-05-08,NVAX
2025-05-08,QBTS
2025-05-08,RELY
2025-05-08,STI
2025-05-08,STKL
2025-05-08,ZKIN
2025-05-08,ZVIA
2025-05-09,ACET
2025-05-09,AMN
2025-05-09,CHAI
2025-05-09,CRVS
2025-05-09,CTMX
2025-05-09,DH
2025-05-09,FGI
2025-05-09,FOXF
2025-05-09,GDOT
2025-05-09,GOGO
2025-05-09,INUV
2025-05-09,LYFT
2025-05-09,MITK
2025-05-09,NVVE
2025-05-09,RPID
2025-05-09,TASK
2025-05-09,ZKIN
2025-05-12,ABTC
2025-05-12,BAOS
2025-05-12,BW.PRA
2025-05-12,CTMX
2025-05-12,FLNC
2025-05-12,FNGU
2025-05-12,FNKO
2025-05-12,FRGT
2025-05-12,FTRE
2025-05-12,JYD
2025-05-12,PMN
2025-05-12,RGTX
2025-05-12,SLE
2025-05-12,SOS
2025-05-12,SRTA
2025-05-12,SST
2025-05-12,TAOP
2025-05-12,TLS
2025-05-12,VOR
2025-05-13,ABTC
2025-05-13,ALZN
2025-05-13,ARRY
2025-05-13,BDTX
2025-05-13,BKKT
2025-05-13,CNSP
2025-05-13,ELSE
2025-05-13,HUMA
2025-05-13,LICN
2025-05-13,LUNR
2025-05-13,MDCX
2025-05-13,OMER
2025-05-13,OPRX
2025-05-13,OPXS
2025-05-13,TBI
2025-05-13,TONX
2025-05-13,VFF
2025-05-13,VTSI
2025-05-14,ABSI
2025-05-14,ADCT
2025-05-14,ALUR
2025-05-14,BTCS
2025-05-14,HWH
2025-05-14,IZEA
2025-05-14,LUCY
2025-05-14,LUXE
2025-05-14,NCNA
2025-05-14,RANI
2025-05-14,RDCM
2025-05-15,ATRA
2025-05-15,AYTU
2025-05-15,BNGO
2025-05-15,CETX
2025-05-15,CLIK
2025-05-15,DLO
2025-05-15,EKSO
2025-05-15,GOTU
2025-05-15,NCNA
2025-05-15,TOI
2025-05-16,AMST
2025-05-16,BON
2025-05-16,CABA
2025-05-16,EVLV
2025-05-16,LGCY
2025-05-16,LWLG
2025-05-16,QUBT
2025-05-16,SORA
2025-05-16,SPCE
2025-05-16,SUGP
2025-05-16,TSSI
2025-05-19,CHAI
2025-05-19,HCTI
2025-05-19,MOVE
2025-05-19,NVAX
2025-05-19,PLRZ
2025-05-19,SOC
2025-05-20,BIAF
2025-05-20,CHAI
2025-05-20,EDBL
2025-05-20,EFOI
2025-05-20,EQS
2025-05-20,FTEK
2025-05-20,HCTI
2025-05-20,HYPD
2025-05-20,IDN
2025-05-20,LAES
2025-05-20,NRXS
2025-05-20,OKUR
2025-05-20,QBTS
2025-05-20,QIPT
2025-05-20,TIL
2025-05-20,TNMG
2025-05-20,XTIA
2025-05-20,XYF
2025-05-21,BDSX
2025-05-21,EDBL
2025-05-21,GOOS
2025-05-21,HYLN
2025-05-21,PLRZ
2025-05-21,RILYZ
2025-05-21,WOK
2025-05-22,BDRX
2025-05-22,DGXX
2025-05-22,IMNN
2025-05-22,LUMN
2025-05-22,NVTS
2025-05-22,TIL
2025-05-22,VTYX
2025-05-23,EU
2025-05-23,IMNN
2025-05-23,LITM
2025-05-23,LTBR
2025-05-23,SAIH
2025-05-23,SEGG
2025-05-23,SMR
2025-05-23,UEC
2025-05-23,URG
2025-05-27,ARQQ
2025-05-27,EMPD
2025-05-27,GYRE
2025-05-27,LFST
2025-05-27,SBET
2025-05-27,UEC
2025-05-28,ASBP
2025-05-28,BNKK
2025-05-28,BRLS
2025-05-28,CURR
2025-05-28,JOBY
2025-05-28,JOBY.WS
2025-05-28,LVWR
2025-05-28,SCWO
2025-05-28,SPRO
2025-05-28,UHG
2025-05-28,VERU
2025-05-29,AI
2025-05-29,AIYY
2025-05-29,ALZN
2025-05-29,BOSC
2025-05-29,DDC
2025-05-29,FEED
2025-05-29,HCTI
2025-05-29,KSS
2025-05-29,ORIC
2025-05-29,PDYN
2025-05-29,SSII
2025-05-29,TALK
2025-05-29,TSHA
2025-05-29,XELB
2025-05-30,BLRX
2025-05-30,GITS
2025-05-30,GWH
2025-05-30,LVWR
2025-05-30,OXBR
2025-05-30,PATH
2025-05-30,PBM
2025-05-30,RRGB
2025-05-30,VVPR
2025-06-02,ANIX
2025-06-02,BNAI
2025-06-02,CLF
2025-06-02,FGI
2025-06-02,IRD
2025-06-02,LYRA
2025-06-02,MFI
2025-06-02,NTRB
2025-06-02,ONDS
2025-06-02,RVYL
2025-06-02,VYGR
2025-06-02,WYY
2025-06-03,AGEN
2025-06-03,AP
2025-06-03,ESLA
2025-06-03,HYPD
2025-06-03,KPRX
2025-06-03,MLTX
2025-06-03,ONDS
2025-06-03,REVB
2025-06-03,SRFM
2025-06-03,TRAW
2025-06-04,BAOS
2025-06-04,CLRB
2025-06-04,JFIN
2025-06-04,LOOP
2025-06-04,NCEW
2025-06-04,SGMT
2025-06-04,STSS
2025-06-04,YEXT
2025-06-05,BW
2025-06-05,CD
2025-06-05,MKDW
2025-06-05,PHIO
2025-06-05,PL.WS
2025-06-05,RVYL
2025-06-05,TGE
2025-06-05,ZENA
2025-06-05,ZJK
2025-06-06,BJDX
2025-06-06,CLYM
2025-06-06,EVAX
2025-06-06,HSDT
2025-06-06,HYPD
2025-06-06,NBP
2025-06-06,RENT
2025-06-06,TGE
2025-06-06,WBUY
2025-06-09,ALAR
2025-06-09,ANIX
2025-06-09,CNTX
2025-06-09,CTOR
2025-06-09,DPRO
2025-06-09,ELAB
2025-06-09,EVEX
2025-06-09,EVTL
2025-06-09,JOBY.WS
2025-06-09,MB
2025-06-09,MNY
2025-06-09,NCEL
2025-06-09,NMRA
2025-06-09,PYPD
2025-06-09,SOGP
2025-06-09,SRTA
2025-06-09,TAOX
2025-06-09,TPST
2025-06-09,UMAC
2025-06-09,WRAP
2025-06-10,ARAI
2025-06-10,DPRO
2025-06-10,LICN
2025-06-10,MGNX
2025-06-10,MYSE
2025-06-10,NCNA
2025-06-10,NUWE
2025-06-10,QTRX
2025-06-10,RFL
2025-06-10,SKIL
2025-06-11,ABCL
2025-06-11,BMR
2025-06-11,CD
2025-06-11,FEED
2025-06-11,HCTI
2025-06-11,HSDT
2025-06-11,KBSX
2025-06-11,KZIA
2025-06-11,OKYO
2025-06-11,OUST
2025-06-11,PLAY
2025-06-11,QUBT
2025-06-11,RGTX
2025-06-11,SAIL
2025-06-11,SLDP
2025-06-11,VTAK
2025-06-12,AGIG
2025-06-12,CGTL
2025-06-12,HCTI
2025-06-12,HIND
2025-06-12,HPP
2025-06-12,HPP.PRC
2025-06-12,HYFT
2025-06-12,INDO
2025-06-12,NUAI
2025-06-12,NUAIW
2025-06-12,ORCX
2025-06-12,RADX
2025-06-13,AGIG
2025-06-13,CGTL
2025-06-13,DFNS
2025-06-13,ICON
2025-06-13,IMPP
2025-06-13,INDO
2025-06-13,MARPS
2025-06-13,MXC
2025-06-13,PRZO
2025-06-13,RBNE
2025-06-13,REI
2025-06-13,SDOT
2025-06-13,SNES
2025-06-13,TORO
2025-06-13,USEA
2025-06-13,USEG
2025-06-13,WTI
2025-06-16,BATL
2025-06-16,BDMD
2025-06-16,BEAT
2025-06-16,BNZI
2025-06-16,CODA
2025-06-16,CREG
2025-06-16,CRML
2025-06-16,CRMLW
2025-06-16,DWSN
2025-06-16,GOVX
2025-06-16,IMRX
2025-06-16,LSE
2025-06-16,MARPS
2025-06-16,NEON
2025-06-16,SBET
2025-06-16,SONM
2025-06-16,TRON
2025-06-17,ACXP
2025-06-17,AGIG
2025-06-17,APPS
2025-06-17,BGSF
2025-06-17,FIEE
2025-06-17,GEOS
2025-06-17,PCSA
2025-06-17,PCT
2025-06-17,XTIA
2025-06-18,APVO
2025-06-18,BDRX
2025-06-18,DFSC
2025-06-18,GOVX
2025-06-18,HSDT
2025-06-18,HTCO
2025-06-18,IMRX
2025-06-18,LGHL
2025-06-18,LSE
2025-06-18,MAIA
2025-06-18,MTR
2025-06-18,TMC
2025-06-20,BBGI
2025-06-20,BIYA
2025-06-20,CMCM
2025-06-20,DFLI
2025-06-20,GALT
2025-06-20,GRRR
2025-06-20,LGCL
2025-06-20,LUCY
2025-06-20,OKYO
2025-06-20,OSCR
2025-06-20,TRON
2025-06-20,WHLR
2025-06-20,ZETA
2025-06-23,AGIG
2025-06-23,CPIX
2025-06-23,CRMD
2025-06-23,EFOI
2025-06-23,GEOS
2025-06-23,GNPX
2025-06-23,INDO
2025-06-23,INDP
2025-06-23,LAB
2025-06-23,SQNS
2025-06-23,ZETA
2025-06-24,BLNE
2025-06-24,IBIO
2025-06-24,NA
2025-06-24,RZLV
2025-06-24,SRFM
2025-06-24,SY
2025-06-24,VOR
2025-06-24,XBIO
2025-06-25,ADIL
2025-06-25,BB
2025-06-25,BLNE
2025-06-25,BMBL
2025-06-25,DTIL
2025-06-25,ETHZ
2025-06-25,GCTK
2025-06-25,HBNB
2025-06-25,INDI
2025-06-25,NAAS
2025-06-25,QS
2025-06-25,SONM
2025-06-25,SRFM
2025-06-25,TIGR
2025-06-25,ULY
2025-06-25,XBIO
2025-06-26,ADIL
2025-06-26,ASTI
2025-06-26,BEEM
2025-06-26,BIAF
2025-06-26,CYN
2025-06-26,LIVE
2025-06-26,LPSN
2025-06-26,MRT
2025-06-26,SRFM
2025-06-26,SY
2025-06-26,TLS
2025-06-26,VOR
2025-06-26,VVOS
2025-06-26,YAAS
2025-06-27,AOUT
2025-06-27,BBLG
2025-06-27,CNVS
2025-06-27,CYN
2025-06-27,FEED
2025-06-27,GVH
2025-06-27,INMB
2025-06-27,LCFY
2025-06-27,RILYL
2025-06-30,ARTL
2025-06-30,BDMD
2025-06-30,CVKD
2025-06-30,EPRX
2025-06-30,GDHG
2025-06-30,IPDN
2025-06-30,LIDR
2025-06-30,MNTS
2025-06-30,ORCX
2025-06-30,WBUY
2025-06-30,XCUR
2025-07-01,ADAG
2025-07-01,ARBK
2025-07-01,ATAI
2025-07-01,BGLC
2025-07-01,CLRO
2025-07-01,FLUX
2025-07-01,LIXT
2025-07-01,METC
2025-07-01,PL.WS
2025-07-01,SNGX
2025-07-01,VVOS
2025-07-01,WOLF
2025-07-02,ABTC
2025-07-02,BON
2025-07-02,GVH
2025-07-02,JWEL
2025-07-02,LIXT
2025-07-02,NAMM
2025-07-02,NTRB
2025-07-02,ORIO
2025-07-02,PDC
2025-07-03,BTOG
2025-07-03,CMND
2025-07-03,FIEE
2025-07-03,GITS
2025-07-03,LIXT
2025-07-03,LRHC
2025-07-03,MIRA
2025-07-03,XPOF
2025-07-07,ABVE
2025-07-07,ARTL
2025-07-07,BGMS
2025-07-07,BTBT
2025-07-07,BTOG
2025-07-07,CGTX
2025-07-07,KALV
2025-07-07,NAK
2025-07-07,PRME
2025-07-07,PRZO
2025-07-07,SY
2025-07-07,VIOT
2025-07-07,WOLF
2025-07-08,AMST
2025-07-08,BTBT
2025-07-08,HERZ
2025-07-08,HUMA
2025-07-08,LTRN
2025-07-08,MBRX
2025-07-08,NDRA
2025-07-08,OCC
2025-07-08,PROK
2025-07-08,RERE
2025-07-08,RLYB
2025-07-08,SOS
2025-07-08,SOUX
2025-07-08,SQNS
2025-07-08,STEX
2025-07-08,UCFI
2025-07-08,VIOT
2025-07-08,WOLF
2025-07-09,AES
2025-07-09,AMPX.WS
2025-07-09,AQMS
2025-07-09,BTCT
2025-07-09,GROV
2025-07-09,KZIA
2025-07-09,MBRX
2025-07-09,MDCX
2025-07-09,MGX
2025-07-09,PROK
2025-07-09,SCAG
2025-07-09,STG
2025-07-09,SUGP
2025-07-09,VRCA
2025-07-09,WKHS
2025-07-10,ABVE
2025-07-10,AIRI
2025-07-10,AMPX.WS
2025-07-10,BSET
2025-07-10,CGTX
2025-07-10,GIBO
2025-07-10,METC
2025-07-10,NB
2025-07-10,NRIX
2025-07-10,NTHI
2025-07-10,POET
2025-07-10,RMNI
2025-07-10,STKH
2025-07-10,TORO
2025-07-10,VBIX
2025-07-11,ABVE
2025-07-11,ATHE
2025-07-11,BTCT
2025-07-11,BTOG
2025-07-11,CVM
2025-07-11,EVAX
2025-07-11,FTFT
2025-07-11,INKT
2025-07-11,KYIVW
2025-07-11,RCAT
2025-07-11,UMAC
2025-07-11,XRPT
2025-07-11,ZBAI
2025-07-14,ACHV
2025-07-14,CLIK
2025-07-14,DARE
2025-07-14,HUBC
2025-07-14,METCB
2025-07-14,PHGE
2025-07-14,PMN
2025-07-14,RANI
2025-07-14,SDST
2025-07-14,SQFT
2025-07-14,STG
2025-07-15,ANGO
2025-07-15,BGMS
2025-07-15,CLLS
2025-07-15,GRO
2025-07-15,IBG
2025-07-15,KC
2025-07-15,MOVE
2025-07-15,MSW
2025-07-15,PLRZ
2025-07-15,SER
2025-07-15,VNET
2025-07-16,AIXC
2025-07-16,BNRG
2025-07-16,BTCS
2025-07-16,DPRO
2025-07-16,DTST
2025-07-16,JOBY.WS
2025-07-16,LWLG
2025-07-16,METC
2025-07-16,MNY
2025-07-16,PEW
2025-07-17,ACTU
2025-07-17,BTCS
2025-07-17,BTCT
2025-07-17,BTOG
2025-07-17,DGXX
2025-07-17,DPRO
2025-07-17,EMPD
2025-07-17,IH
2025-07-17,LCDL
2025-07-17,LCID
2025-07-17,MRKR
2025-07-17,OPEN
2025-07-17,PGY
2025-07-17,RCKT
2025-07-17,SRPT
2025-07-17,VERI
2025-07-17,VVPR
2025-07-17,XRPT
2025-07-17,XXII
2025-07-18,BTOG
2025-07-18,BZAI
2025-07-18,EOSE
2025-07-18,IH
2025-07-18,KSCP
2025-07-18,LDI
2025-07-18,LITS
2025-07-18,MESO
2025-07-18,OPEN
2025-07-18,TELO
2025-07-18,VVPR
2025-07-18,XRPT
2025-07-21,ABAT
2025-07-21,BZAI
2025-07-21,CD
2025-07-21,CTNM
2025-07-21,ETHM
2025-07-21,ETHZ
2025-07-21,FGNX
2025-07-21,OPEN
2025-07-21,OPTX
2025-07-21,PFSA
2025-07-21,PMN
2025-07-21,QCLS
2025-07-21,SABS
2025-07-21,SOLT
2025-07-21,VERI
2025-07-21,WATT
2025-07-21,XYZG
2025-07-22,CD
2025-07-22,DFLI
2025-07-22,FARM
2025-07-22,HIT
2025-07-22,HTOO
2025-07-22,ICU
2025-07-22,KSS
2025-07-22,MTEN
2025-07-22,NXDR
2025-07-22,OPEN
2025-07-22,PLCE
2025-07-22,PLRZ
2025-07-23,CLLS
2025-07-23,DNUT
2025-07-23,FLWS
2025-07-23,IOVA
2025-07-23,KOSS
2025-07-23,MKZR
2025-07-23,NEOV
2025-07-23,PLRZ
2025-07-23,RNAZ
2025-07-23,UGRO
2025-07-24,ATHR
2025-07-24,HCTI
2025-07-24,LIDR
2025-07-24,NOWL
2025-07-24,NRGV
2025-07-24,PXLW
2025-07-24,VLN
2025-07-25,ABAT
2025-07-25,CLLS
2025-07-25,COUR
2025-07-25,ETHZ
2025-07-25,HTOO
2025-07-25,LIDR
2025-07-25,NXTC
2025-07-25,ORBS
2025-07-25,PHIO
2025-07-25,SPPL
2025-07-25,SUIG
2025-07-28,AIM
2025-07-28,ANGH
2025-07-28,BNC
2025-07-28,CLLS
2025-07-28,CRVO
2025-07-28,FNGR
2025-07-28,GIBO
2025-07-28,IE
2025-07-28,IPHA
2025-07-28,LIDR
2025-07-28,LOOP
2025-07-28,NVNI
2025-07-28,SER
2025-07-28,STXS
2025-07-28,SUIG
2025-07-28,VWAV
2025-07-28,VWAVW
2025-07-28,XXII
2025-07-29,ATOS
2025-07-29,QCLS
2025-07-29,SER
2025-07-29,SOFX
2025-07-29,SRPT
2025-07-29,XPRO
2025-07-30,BGLC
2025-07-30,FUBO
2025-07-30,LC
2025-07-30,RCON
2025-07-30,REPL
2025-07-30,SUPX
2025-07-30,TYGO
2025-07-31,CVNX
2025-07-31,HDSN
2025-07-31,MDXG
2025-07-31,MSFL
2025-07-31,PBM
2025-07-31,PHAR
2025-07-31,SNDL
2025-07-31,SNGX
2025-07-31,TAL
2025-07-31,VRME
2025-08-01,ATEC
2025-08-01,BTAI
2025-08-01,FDMT
2025-08-01,NAMM
2025-08-01,NBP
2025-08-01,UPLD
2025-08-04,ATLX
2025-08-04,BCRX
2025-08-04,BTAI
2025-08-04,BTBD
2025-08-04,CLYM
2025-08-04,GYRO
2025-08-04,INMB
2025-08-04,PBM
2025-08-04,RVSN
2025-08-04,SNGX
2025-08-04,SRTA
2025-08-04,TONX
2025-08-04,VISN
2025-08-05,AIP
2025-08-05,AMWL
2025-08-05,ARDX
2025-08-05,EVGO
2025-08-05,FTLF
2025-08-05,FWRG
2025-08-05,JOBY.WS
2025-08-05,LRMR
2025-08-05,OFIX
2025-08-05,PRAA
2025-08-05,STAA
2025-08-05,STTK
2025-08-05,TDUP
2025-08-06,AIMD
2025-08-06,ANGI
2025-08-06,ARQ
2025-08-06,CRCT
2025-08-06,CURI
2025-08-06,CYRX
2025-08-06,DCTH
2025-08-06,EHTH
2025-08-06,EXTR
2025-08-06,FLYW
2025-08-06,GO
2025-08-06,IPDN
2025-08-06,KVYO
2025-08-06,LPSN
2025-08-06,MYGN
2025-08-06,OESX
2025-08-06,PAYO
2025-08-06,PHGE
2025-08-06,PRCH
2025-08-06,TBLA
2025-08-06,XELB
2025-08-06,ZETA
2025-08-07,AMPL
2025-08-07,ARHS
2025-08-07,ASLE
2025-08-07,AVAH
2025-08-07,BRLT
2025-08-07,CMCT
2025-08-07,CREG
2025-08-07,CRNC
2025-08-07,EBS
2025-08-07,FSLY
2025-08-07,GRPN
2025-08-07,IRWD
2025-08-07,JMIA
2025-08-07,MATV
2025-08-07,MAX
2025-08-07,MQ
2025-08-07,NAGE
2025-08-07,NRGV
2025-08-07,NVOX
2025-08-07,OM
2025-08-07,PALI
2025-08-07,PCSA
2025-08-07,RELY
2025-08-07,SMHI
2025-08-07,SPT
2025-08-07,UPWK
2025-08-07,XERS
2025-08-08,ALEC
2025-08-08,AMCX
2025-08-08,ARLO
2025-08-08,ASTH
2025-08-08,DCBO
2025-08-08,EMBC
2025-08-08,LZ
2025-08-08,MRM
2025-08-08,MYSE
2025-08-08,OPRX
2025-08-08,OWLT
2025-08-08,REAL
2025-08-08,SHC
2025-08-08,SOUN
2025-08-08,SOUNW
2025-08-08,SOUX
2025-08-08,SPRU
2025-08-08,XYZG
2025-08-11,AIOT
2025-08-11,AMC
2025-08-11,BJDX
2025-08-11,CGC
2025-08-11,CRON
2025-08-11,EQ
2025-08-11,FOXX
2025-08-11,GRDX
2025-08-11,ILIT
2025-08-11,IMXI
2025-08-11,KYIVW
2025-08-11,LAR
2025-08-11,LENZ
2025-08-11,MPAA
2025-08-11,MSOX
2025-08-11,NYXH
2025-08-11,RUM
2025-08-11,TLS
2025-08-11,UGRO
2025-08-11,VFF
2025-08-11,YOLO
2025-08-11,YTRA
2025-08-12,ANY
2025-08-12,BW.PRA
2025-08-12,CGC
2025-08-12,ELTX
2025-08-12,ETHZ
2025-08-12,FSI
2025-08-12,GDOT
2025-08-12,GEVO
2025-08-12,HNRG
2025-08-12,HURA
2025-08-12,KNDI
2025-08-12,KYNB
2025-08-12,MRVI
2025-08-12,MSOX
2025-08-12,RDNW
2025-08-12,SBGI
2025-08-12,TLRY
2025-08-12,XFOR
2025-08-12,ZENA
2025-08-13,ALTS
2025-08-13,BNKK
2025-08-13,ETHZ
2025-08-13,LPL
2025-08-13,MNTS
2025-08-13,SWAG
2025-08-13,WBTN
2025-08-13,XFOR
2025-08-13,YTRA
2025-08-14,AMBO
2025-08-14,AREN
2025-08-14,BMRA
2025-08-14,CDXS
2025-08-14,CINT
2025-08-14,DLO
2025-08-14,SNOA
2025-08-14,TRAW
2025-08-14,WULF
2025-08-14,XNET
2025-08-14,XOS
2025-08-15,EVLV
2025-08-15,FUFU
2025-08-15,KULR
2025-08-15,MCRP
2025-08-15,PGEN
2025-08-15,PPSI
2025-08-15,SIF
2025-08-15,SORA
2025-08-15,TE
2025-08-15,UNHG
2025-08-15,XNET
2025-08-18,ASBP
2025-08-18,ELTX
2025-08-18,EM
2025-08-18,FMST
2025-08-18,GDRX
2025-08-18,IQ
2025-08-18,REBN
2025-08-18,RVYL
2025-08-18,SNGX
2025-08-18,VTAK
2025-08-18,XNET
2025-08-19,AREC
2025-08-19,GXAI
2025-08-19,INSG
2025-08-19,PALU
2025-08-19,PANG
2025-08-19,PRFX
2025-08-19,ZH
2025-08-20,CNTN
2025-08-20,FLNT
2025-08-20,HTZ
2025-08-20,RCKT
2025-08-20,SPAI
2025-08-21,AEMD
2025-08-21,CATO
2025-08-21,CNTN
2025-08-21,GRO
2025-08-21,RENT
2025-08-21,YOUL
2025-08-22,CYCU
2025-08-22,EDUC
2025-08-22,EEIQ
2025-08-22,ELAB
2025-08-22,GNPX
2025-08-22,GWAV
2025-08-22,SBLX
2025-08-22,STRR
2025-08-25,ASST
2025-08-25,JFU
2025-08-25,QIPT
2025-08-25,STSS
2025-08-26,BATL
2025-08-26,BENF
2025-08-26,DOMO
2025-08-26,IBIO
2025-08-26,IVVD
2025-08-26,MRKR
2025-08-26,PACK
2025-08-26,PFSA
2025-08-26,SER
2025-08-26,STKH
2025-08-27,BHR
2025-08-27,BLNE
2025-08-27,FLNT
2025-08-27,GOOS
2025-08-27,IVA
2025-08-27,NCNO
2025-08-27,PSNYW
2025-08-27,PTNM
2025-08-27,SKBL
2025-08-27,STSS
2025-08-27,VIR
2025-08-28,ASTI
2025-08-28,CRWG
2025-08-28,CWD
2025-08-28,LGHL
2025-08-28,RYM
2025-08-28,SOGP
2025-08-28,STSS
2025-08-28,TELO
2025-08-28,WHLR
2025-08-29,DFNS
2025-08-29,IPDN
2025-08-29,KBAB
2025-08-29,MOVE
2025-08-29,NEO
2025-08-29,SOGP
2025-08-29,WOOF
2025-09-02,CYCU
2025-09-02,GCTK
2025-09-02,HWH
2025-09-02,LAWR
2025-09-02,MNKD
2025-09-02,UUU
2025-09-03,AIHS
2025-09-03,BTBD
2025-09-03,FEDU
2025-09-03,GEG
2025-09-03,LCFY
2025-09-03,LPTH
2025-09-03,NWGL
2025-09-03,PSNYW
2025-09-03,SINT
2025-09-03,STI
2025-09-03,UGRO
2025-09-03,URG
2025-09-04,BBLG
2025-09-04,BDSX
2025-09-04,BRIA
2025-09-04,CIGL
2025-09-04,DLTH
2025-09-04,HWH
2025-09-04,NCI
2025-09-04,SNTG
2025-09-04,WDH
2025-09-05,BRZE
2025-09-05,FBIO
2025-09-05,HOUR
2025-09-05,SCAG
2025-09-05,SEED
2025-09-08,ACRV
2025-09-08,DMAC
2025-09-08,FWDI
2025-09-08,GNPX
2025-09-08,HOUR
2025-09-08,LDI
2025-09-08,MCRB
2025-09-08,ORBS
2025-09-08,PL.WS
2025-09-08,PLCE
2025-09-08,ULY
2025-09-08,VCICW
2025-09-08,XAIR
2025-09-08,XWIN
2025-09-09,BON
2025-09-09,CWD
2025-09-09,LGHL
2025-09-09,LITB
2025-09-09,MGIH
2025-09-09,SBLX
2025-09-09,SOS
2025-09-09,WOLF
2025-09-09,YOUL
2025-09-10,ASST
2025-09-10,BIYA
2025-09-10,CAMP
2025-09-10,CGTL
2025-09-10,CJMB
2025-09-10,EDHL
2025-09-10,GVH
2025-09-10,HUBC
2025-09-10,MEI
2025-09-10,ORCX
2025-09-10,PMVP
2025-09-10,RBNE
2025-09-10,REVB
2025-09-10,SPHL
2025-09-10,TGE
2025-09-11,AMST
2025-09-11,CMCM
2025-09-11,GMM
2025-09-11,GRI
2025-09-11,HAO
2025-09-11,JFBR
2025-09-11,MOGU
2025-09-11,NTWK
2025-09-11,NUAI
2025-09-11,OCC
2025-09-11,PFSA
2025-09-11,SLXN
2025-09-11,TWG
2025-09-11,VNCE
2025-09-11,WHLR
2025-09-12,ADXN
2025-09-12,BAIG
2025-09-12,BGLC
2025-09-12,BGSF
2025-09-12,FWDI
2025-09-12,GCTK
2025-09-12,HSDT
2025-09-12,HUIZ
2025-09-12,MGIH
2025-09-12,PLRZ
2025-09-12,SIDU
2025-09-12,WAFU
2025-09-12,WOLF
2025-09-12,YAAS
2025-09-15,BIAF
2025-09-15,BITF
2025-09-15,EVTV
2025-09-15,FEED
2025-09-15,FRGT
2025-09-15,GLUE
2025-09-15,HSDT
2025-09-15,IHT
2025-09-15,LRE
2025-09-15,LVLU
2025-09-15,MBAI
2025-09-15,MFI
2025-09-15,ORCX
2025-09-15,RCEL
2025-09-15,VGZ
2025-09-16,APVO
2025-09-16,FGI
2025-09-16,MBAI
2025-09-16,NFE
2025-09-16,RMCF
2025-09-16,SNTG
2025-09-16,WBTN
2025-09-16,WLACW
2025-09-16,YSXT
2025-09-17,EDUC
2025-09-17,FGNX
2025-09-17,GRRR
2025-09-17,HIND
2025-09-17,IPM
2025-09-17,LITM
2025-09-17,LYFT
2025-09-17,NFE
2025-09-17,NUAI
2025-09-17,QNRX
2025-09-17,SQFT
2025-09-17,TNMG
2025-09-18,APVO
2025-09-18,BEEM
2025-09-18,BRFH
2025-09-18,NVNI
2025-09-18,PBM
2025-09-18,PESI
2025-09-18,RGTIW
2025-09-19,AGMH
2025-09-19,ALXO
2025-09-19,AMCI
2025-09-19,AQST
2025-09-19,BFLY
2025-09-19,CLRO
2025-09-19,CMND
2025-09-19,DCX
2025-09-19,FATN
2025-09-19,MGIH
2025-09-19,SLMT
2025-09-19,UPC
2025-09-19,VRCA
2025-09-19,WRAP
2025-09-19,XXII
2025-09-19,YAAS
2025-09-22,AIXC
2025-09-22,ALTO
2025-09-22,ARBB
2025-09-22,ARBE
2025-09-22,BKKT
2025-09-22,BOXL
2025-09-22,IPW
2025-09-22,NUAI
2025-09-22,NUAIW
2025-09-22,SES
2025-09-22,TARA
2025-09-22,YAAS
2025-09-22,ZSTK
2025-09-23,CTW
2025-09-23,DBGI
2025-09-23,FLD
2025-09-23,IBG
2025-09-23,IMSRW
2025-09-23,JXG
2025-09-23,JZXN
2025-09-23,MCRP
2025-09-23,NUAI
2025-09-23,NUAIW
2025-09-23,PLUG
2025-09-23,SAVA
2025-09-23,SES
2025-09-23,SLE
2025-09-23,UAMY
2025-09-24,AQMS
2025-09-24,BBGI
2025-09-24,CLPT
2025-09-24,CYCN
2025-09-24,EZGO
2025-09-24,IONR
2025-09-24,JZXN
2025-09-24,KBAB
2025-09-24,LAC
2025-09-24,NUAIW
2025-09-24,YAAS
2025-09-25,EVAX
2025-09-25,LAC
2025-09-25,LUXE
2025-09-25,PEPG
2025-09-25,WOK
2025-09-25,XXII
2025-09-26,AMPY
2025-09-26,AQST
2025-09-26,BIAF
2025-09-26,BIYA
2025-09-26,DFLI
2025-09-26,IONR
2025-09-26,MIGI
2025-09-26,MRM
2025-09-26,NUAI
2025-09-26,NUAIW
2025-09-29,ACB
2025-09-29,AGPU
2025-09-29,AUID
2025-09-29,AVTX
2025-09-29,BAFN
2025-09-29,BCAX
2025-09-29,BOLD
2025-09-29,CGC
2025-09-29,CRON
2025-09-29,DFLI
2025-09-29,DWTX
2025-09-29,EGG
2025-09-29,GDEV
2025-09-29,GRWG
2025-09-29,JFB
2025-09-29,MSOS
2025-09-29,MSOX
2025-09-29,PLG
2025-09-29,PRLD
2025-09-29,SCOR
2025-09-29,TLRY
2025-09-29,VFF
2025-09-29,ZURA
2025-09-30,BENF
2025-09-30,CRE
2025-09-30,DPRO
2025-09-30,DRCT
2025-09-30,EFTY
2025-09-30,GNSS
2025-09-30,IBG
2025-09-30,PATH
2025-09-30,RVSN
2025-09-30,SEED
2025-09-30,SLXN
2025-10-01,AES
2025-10-01,DCX
2025-10-01,EPSM
2025-10-01,GLXG
2025-10-01,LAC
2025-10-01,NVA
2025-10-01,PALI
2025-10-01,RVYL
2025-10-01,RZLV
2025-10-01,TWG
2025-10-01,UCFI
2025-10-02,ANGO
2025-10-02,ANGX
2025-10-02,ASBP
2025-10-02,DFLI
2025-10-02,JZXN
2025-10-02,KDK
2025-10-02,TNMG
2025-10-02,TSHA
2025-10-03,ASTC
2025-10-03,BNAI
2025-10-03,CHR
2025-10-03,DFLI
2025-10-03,KDK
2025-10-03,OVID
2025-10-03,PLUG
2025-10-03,RUM
2025-10-03,RUMBW
2025-10-03,USAR
2025-10-03,XELB
2025-10-06,AIP
2025-10-06,AMDL
2025-10-06,ARBK
2025-10-06,BNKK
2025-10-06,BTTC
2025-10-06,CRML
2025-10-06,CRMLW
2025-10-06,FEAM
2025-10-06,GRAN
2025-10-06,IONR
2025-10-06,NIOBW
2025-10-06,PALI
2025-10-06,RDGT
2025-10-06,STEX
2025-10-07,BDMD
2025-10-07,BJDX
2025-10-07,CISS
2025-10-07,ELAB
2025-10-07,INDP
2025-10-07,INFQ
2025-10-07,LAR
2025-10-07,LIDR
2025-10-07,LXEO
2025-10-07,NAK
2025-10-07,NIOBW
2025-10-07,NYXH
2025-10-07,PCSA
2025-10-07,PYPG
2025-10-07,SES
2025-10-07,SNGX
2025-10-07,TMQ
2025-10-07,ULY
2025-10-08,ACXP
2025-10-08,BGMS
2025-10-08,BLBX
2025-10-08,GLDG
2025-10-08,KYTX
2025-10-08,NERV
2025-10-08,PCSA
2025-10-08,QTTB
2025-10-08,RNAZ
2025-10-08,SCWO
2025-10-08,TMQ
2025-10-08,TNMG
2025-10-08,TRX
2025-10-08,UPC
2025-10-08,XBIO
2025-10-09,AALG
2025-10-09,AMBO
2025-10-09,ANVS
2025-10-09,BAOS
2025-10-09,BDRX
2025-10-09,BJDX
2025-10-09,BYRN
2025-10-09,CRMLW
2025-10-09,INMD
2025-10-09,MNTS
2025-10-09,MRM
2025-10-09,NEOG
2025-10-09,NMG
2025-10-09,RELL
2025-10-09,SCWO
2025-10-09,SERV
2025-10-09,SUGP
2025-10-09,TCRT
2025-10-09,TLRY
2025-10-10,AEC
2025-10-10,CABA
2025-10-10,CODI
2025-10-10,GWH
2025-10-10,HYAC.WS
2025-10-10,PAVM
2025-10-10,QNRX
2025-10-10,SCWO
2025-10-10,SLE
2025-10-10,SWKH
2025-10-10,TALK
2025-10-10,TE
2025-10-10,YHGJ
2025-10-13,ABAT
2025-10-13,ACON
2025-10-13,ASPI
2025-10-13,CHNR
2025-10-13,CODI
2025-10-13,CRML
2025-10-13,FGL
2025-10-13,GWH
2025-10-13,LGO
2025-10-13,MTEX
2025-10-13,NAMM
2025-10-13,NDRA
2025-10-13,NVA
2025-10-13,PMAX
2025-10-13,STI
2025-10-13,USAR
2025-10-13,XCH
2025-10-14,AQMS
2025-10-14,AREC
2025-10-14,CRML
2025-10-14,CRMLW
2025-10-14,CYN
2025-10-14,EDHL
2025-10-14,ELAB
2025-10-14,ERIC
2025-10-14,GWAV
2025-10-14,LSE
2025-10-14,MNTS
2025-10-14,NAK
2025-10-14,NMG
2025-10-14,NVA
2025-10-14,NVTS
2025-10-14,QRHC
2025-10-14,RCKT
2025-10-14,SBLX
2025-10-14,SSII
2025-10-14,TMQ
2025-10-14,UAMY
2025-10-14,UGRO
2025-10-15,BTDR
2025-10-15,BZAI
2025-10-15,CBUS
2025-10-15,DGXX
2025-10-15,EDBL
2025-10-15,ENVB
2025-10-15,GNPX
2025-10-15,IMSR
2025-10-15,OMER
2025-10-15,PFAI
2025-10-15,RKDA
2025-10-15,SDOT
2025-10-15,SEED
2025-10-15,TE
2025-10-15,TE.WS
2025-10-15,THM
2025-10-15,VERI
2025-10-15,ZGM
2025-10-16,AQMS
2025-10-16,ASRV
2025-10-16,CLLS
2025-10-16,CREX
2025-10-16,CRMG
2025-10-16,CYCU
2025-10-16,KMRK
2025-10-16,LGCB
2025-10-16,MIGI
2025-10-16,MIRA
2025-10-16,PSNYW
2025-10-16,RYOJ
2025-10-16,SBFM
2025-10-16,SOPH
2025-10-16,UROY
2025-10-16,WATT
2025-10-16,WHWK
2025-10-17,ACHV
2025-10-17,ARTV
2025-10-17,KMRK
2025-10-17,KZR
2025-10-17,RANI
2025-10-17,SGHT
2025-10-17,VHC
2025-10-20,ANRO
2025-10-20,CLF
2025-10-20,DGXX
2025-10-20,FGI
2025-10-20,GSIT
2025-10-20,RANI
2025-10-20,REPL
2025-10-20,RMCO
2025-10-20,SLS
2025-10-20,STKE
2025-10-20,VWAVW
2025-10-21,AMCI
2025-10-21,BOF
2025-10-21,DZZ
2025-10-21,GLGG
2025-10-21,GSIT
2025-10-21,IBIO
2025-10-21,NERV
2025-10-21,RYOJ
2025-10-21,SPWR
2025-10-22,BENF
2025-10-22,DNUT
2025-10-22,DZZ
2025-10-22,FLWS
2025-10-22,HHS
2025-10-22,HUBC
2025-10-22,KDKRW
2025-10-22,NRIX
2025-10-23,AGIG
2025-10-23,BATL
2025-10-23,CLB
2025-10-23,GTIM
2025-10-23,HLX
2025-10-23,IBIO
2025-10-23,LC
2025-10-23,RBNE
2025-10-23,SLMT
2025-10-23,VTYX
2025-10-24,AIXC
2025-10-24,CLPS
2025-10-24,CYH
2025-10-24,GRND
2025-10-24,NEUP
2025-10-24,VIOT
2025-10-24,XFOR
2025-10-27,ASST
2025-10-27,BBAR
2025-10-27,CEPU
2025-10-27,CRESY
2025-10-27,DYN
2025-10-27,DZZ
2025-10-27,EEIQ
2025-10-27,IRS
2025-10-27,JZXN
2025-10-27,KMLI
2025-10-27,LOMA
2025-10-27,RECT
2025-10-27,SOHON
2025-10-27,SOHOO
2025-10-27,SUPV
2025-10-27,TEO
2025-10-27,UMAC
2025-10-28,DZZ
2025-10-28,FGL
2025-10-28,FRGT
2025-10-28,HELP
2025-10-28,IPDN
2025-10-28,LUNG
2025-10-28,POLA
2025-10-28,PYPG
2025-10-28,SDA
2025-10-28,XHLD
2025-10-29,BBNX
2025-10-29,CMBM
2025-10-29,FGL
2025-10-29,FUBO
2025-10-29,HAYW
2025-10-29,OPFI
2025-10-29,PFSA
2025-10-29,PUMP
2025-10-29,XXII
2025-10-30,ARBB
2025-10-30,CMBM
2025-10-30,CMCO
2025-10-30,CVU
2025-10-30,EBS
2025-10-30,GPRK
2025-10-30,JZXN
2025-10-30,MAX
2025-10-30,MBRX
2025-10-30,METD
2025-10-30,QCLS
2025-10-30,VIVS
2025-10-31,AMTD
2025-10-31,ARDX
2025-10-31,ATEC
2025-10-31,DFSC
2025-10-31,DLHC
2025-10-31,HKD
2025-10-31,LX
2025-10-31,MNOV
2025-10-31,RDTL
2025-10-31,SSTK
2025-10-31,TGE
2025-10-31,WTO
2025-11-03,ACRV
2025-11-03,AREC
2025-11-03,CHAC
2025-11-03,CNTN
2025-11-03,CRBU
2025-11-03,CURR
2025-11-03,EZGO
2025-11-03,KNOP
2025-11-03,KVUE
2025-11-03,MTEX
2025-11-03,PHIO
2025-11-03,RAY
2025-11-03,TGE
2025-11-04,HTZ
2025-11-04,IHRT
2025-11-04,NFE
2025-11-04,UPWK
2025-11-05,ANIK
2025-11-05,APPS
2025-11-05,BW
2025-11-05,CHR
2025-11-05,EGHT
2025-11-05,EVC
2025-11-05,KW
2025-11-05,MTVA
2025-11-05,NPCE
2025-11-05,NVVE
2025-11-06,ALTO
2025-11-06,BIYA
2025-11-06,CCLD
2025-11-06,EOLS
2025-11-06,FATN
2025-11-06,FSLY
2025-11-06,IOVA
2025-11-06,PENN
2025-11-06,STGW
2025-11-07,DIBS
2025-11-07,EB
2025-11-07,HLLY
2025-11-07,MSGM
2025-11-07,MTVA
2025-11-07,ORGO
2025-11-07,RUBI
2025-11-07,VSME
2025-11-10,BMNG
2025-11-10,BNAI
2025-11-10,BNZI
2025-11-10,GREE
2025-11-10,IPHA
2025-11-10,IRWD
2025-11-10,MOVE
2025-11-10,MTEK
2025-11-10,PLUR
2025-11-10,PRTH
2025-11-10,SOC
2025-11-11,BODI
2025-11-11,DSP
2025-11-11,ENGN
2025-11-11,HNRG
2025-11-11,KLTR
2025-11-11,PLUR
2025-11-11,PUBM
2025-11-11,QNRX
2025-11-11,RAIN
2025-11-11,REAL
2025-11-11,ZENA
2025-11-12,CMCT
2025-11-12,CRWS
2025-11-12,FTCI
2025-11-12,IHS
2025-11-12,LUCY
2025-11-12,NEXA
2025-11-12,NXTC
2025-11-12,PAL
2025-11-12,RDCM
2025-11-12,SI
2025-11-13,BWEN
2025-11-13,CMND
2025-11-13,CURI
2025-11-13,IDN
2025-11-13,LVLU
2025-11-13,NVVE
2025-11-13,PLBY
2025-11-13,RUBI
2025-11-13,TNMG
2025-11-14,ASBP
2025-11-14,BCG
2025-11-14,CTKB
2025-11-14,FENC
2025-11-14,IVVD
2025-11-14,WTO
2025-11-17,ATGL
2025-11-17,ATNM
2025-11-17,CDZI
2025-11-17,CGTL
2025-11-17,CTKB
2025-11-17,SGML
2025-11-17,SSP
2025-11-17,WTO
2025-11-18,ARVN
2025-11-18,ASBP
2025-11-18,CANF
2025-11-18,CGTL
2025-11-18,CMND
2025-11-18,GSM
2025-11-18,RYET
2025-11-18,UONEK
2025-11-18,VRA
2025-11-19,FRGT
2025-11-19,FULC
2025-11-19,KZIA
2025-11-19,SEMR
2025-11-19,SGML
2025-11-19,VRA
2025-11-20,ALLT
2025-11-20,AUID
2025-11-20,BNKK
2025-11-20,CRNC
2025-11-20,DSGN
2025-11-20,MAGN
2025-11-20,MNDR
2025-11-20,NBIG
2025-11-20,NNOX
2025-11-21,MFI
2025-11-21,MNDR
2025-11-21,NVRI
2025-11-21,NVVE
2025-11-24,BLFY
2025-11-24,DCX
2025-11-24,ENLV
2025-11-24,EPSM
2025-11-24,GDOT
2025-11-24,JXG
2025-11-24,MFI
2025-11-24,OSCG
2025-11-24,OSCR
2025-11-24,OSCX
2025-11-24,VSA
2025-11-25,BNED
2025-11-25,ICON
2025-11-25,KSS
2025-11-25,PSNYW
2025-11-25,RUBI
2025-11-26,AMBR
2025-11-26,BQ
2025-11-26,BULX
2025-11-26,MNDR
2025-11-26,WOOF
2025-11-28,ABVE
2025-11-28,BEAT
2025-11-28,GRDX
2025-11-28,MSTP
2025-11-28,VRCA
2025-12-01,AHMA
2025-12-01,DRCT
2025-12-01,MAIA
2025-12-01,NFE
2025-12-01,QTTB
2025-12-01,WBUY
2025-12-02,BMNG
2025-12-02,BQ
2025-12-02,EB
2025-12-02,JSPR
2025-12-02,PLRZ
2025-12-02,TAOP
2025-12-03,AARD
2025-12-03,ANIX
2025-12-03,CMCT
2025-12-03,MVLL
2025-12-03,PMAX
2025-12-03,QCLS
2025-12-03,TARA
2025-12-03,TUSK
2025-12-04,CBIO
2025-12-04,FLYE
2025-12-04,PLRZ
2025-12-04,PMI
2025-12-04,QCLS
2025-12-04,WNW
2025-12-05,BMEA
2025-12-05,JFBR
2025-12-05,LGHL
2025-12-05,NAAS
2025-12-05,OKLS
2025-12-05,TORO
2025-12-05,WHLR
2025-12-08,BDRX
2025-12-08,CETX
2025-12-08,DTST
2025-12-08,FMST
2025-12-08,FULC
2025-12-08,HWH
2025-12-08,IBIO
2025-12-08,IMMP
2025-12-08,JFBR
2025-12-08,NRIX
2025-12-08,OCUL
2025-12-08,OOMA
2025-12-08,PSIG
2025-12-08,SUGP
2025-12-08,TWG
2025-12-08,ULY
2025-12-08,WKHS
2025-12-08,WVE
2025-12-09,AMCI
2025-12-09,DBI
2025-12-09,MAMA
2025-12-09,STAA
2025-12-09,TROX
2025-12-09,VNCE
2025-12-09,VOR
2025-12-09,XCUR
2025-12-10,AHT
2025-12-10,ALOT
2025-12-10,ASPC
2025-12-10,BBGI
2025-12-10,BDRX
2025-12-10,BEAT
2025-12-10,BRZE
2025-12-10,CGTL
2025-12-10,DARE
2025-12-10,DUO
2025-12-10,ENVB
2025-12-10,EQ
2025-12-10,GWAV
2025-12-10,MNTS
2025-12-10,NXDR
2025-12-10,VELO
2025-12-11,ACIU
2025-12-11,AIRJ
2025-12-11,ATOS
2025-12-11,ATPC
2025-12-11,AXIL
2025-12-11,BTTC
2025-12-11,GEMG
2025-12-11,GEMI
2025-12-11,GLXG
2025-12-11,MERC
2025-12-11,MIGI
2025-12-11,NXDR
2025-12-11,PETS
2025-12-11,PL.WS
2025-12-11,RNAZ
2025-12-11,WOK
2025-12-12,ACB
2025-12-12,CGC
2025-12-12,CRON
2025-12-12,EFOI
2025-12-12,GRWG
2025-12-12,HITI
2025-12-12,HYFM
2025-12-12,IMCC
2025-12-12,KPLT
2025-12-12,LULG
2025-12-12,MITK
2025-12-12,MSOS
2025-12-12,MSOX
2025-12-12,NCI
2025-12-12,NNBR
2025-12-12,OGI
2025-12-12,RENT
2025-12-12,RYM
2025-12-12,SNDL
2025-12-12,UGRO
2025-12-12,VELO
2025-12-12,VVPR
2025-12-12,YHGJ
2025-12-12,YOLO
2025-12-12,YSG
2025-12-12,ZDGE
2025-12-12,ZSTK
2025-12-15,AMCI
2025-12-15,ARBB
2025-12-15,ARTV
2025-12-15,KYTX
2025-12-15,MIST
2025-12-15,QIPT
2025-12-15,RADX
2025-12-15,RRGB
2025-12-15,WOK
2025-12-15,ZGM
2025-12-16,ADAG
2025-12-16,AMCI
2025-12-16,BDRX
2025-12-16,CPAC
2025-12-16,EEX
2025-12-16,RILY
2025-12-16,RILYL
2025-12-16,RILYP
2025-12-16,RILYZ
2025-12-16,RZLV
2025-12-16,WATT
2025-12-16,WKSP
2025-12-17,ATPC
2025-12-17,CGEN
2025-12-17,COUR
2025-12-17,DRCT
2025-12-17,GITS
2025-12-17,GVH
2025-12-17,UDMY
2025-12-17,UGRO
2025-12-17,ZSTK
2025-12-18,CGC
2025-12-18,CIFG
2025-12-18,DJT
2025-12-18,DJTWW
2025-12-18,EHTH
2025-12-18,FCEL
2025-12-18,LHAI
2025-12-18,LONA
2025-12-18,SOC
2025-12-18,SPAI
2025-12-18,UGRO
2025-12-19,DJTWW
2025-12-19,FOLD
2025-12-19,JLHL
2025-12-19,KPDD
2025-12-19,NRXS
2025-12-19,RDAC
2025-12-19,VMAR
2025-12-19,WYFI
2025-12-22,ADEA
2025-12-22,BNRG
2025-12-22,CMCT
2025-12-22,DJTWW
2025-12-22,EQ
2025-12-22,NFGC
2025-12-22,OPTX
2025-12-22,SIDU
2025-12-22,SRFM
2025-12-22,SWVL
2025-12-22,TE.WS
2025-12-22,VELO
2025-12-22,VMAR
2025-12-23,BOXL
2025-12-23,JFB
2025-12-23,OPTX
2025-12-23,PCLA
2025-12-23,PXLW
2025-12-23,RKLZ
2025-12-23,SOC
2025-12-24,AIRI
2025-12-24,DRMA
2025-12-24,ELOG
2025-12-24,INDP
2025-12-26,ASPC
2025-12-26,CANF
2025-12-26,CPNG
2025-12-26,PPSI
2025-12-26,SIDU
2025-12-26,SUUN
2025-12-29,ANL
2025-12-29,ASPC
2025-12-29,BNAI
2025-12-29,ORBS
2025-12-29,ROMA
2025-12-29,TII
2025-12-29,ZSL
2025-12-30,CETX
2025-12-30,DRMA
2025-12-30,EKSO
2025-12-30,FLYE
2025-12-30,FONR
2025-12-30,GRI
2025-12-30,ONTF
2025-12-30,PFSA
2025-12-30,TROO
2025-12-31,ANGH
2025-12-31,DRCT
2025-12-31,EFOI
2025-12-31,ESHA
2025-12-31,INBS
2025-12-31,KLXE
2025-12-31,SLGB
2025-12-31,ULY
2025-12-31,VNDA
2026-01-02,EGG
2026-01-02,GDOG
2026-01-02,IRD
2026-01-02,IRWD
2026-01-02,PRZO
2026-01-02,SLS
2026-01-02,TXXD
2026-01-02,ULY
2026-01-05,ALT
2026-01-05,ARBE
2026-01-05,ASTI
2026-01-05,ATLN
2026-01-05,CNTX
2026-01-05,GHRS
2026-01-05,MKDW
2026-01-05,MNTS
2026-01-05,NCEL
2026-01-05,NMRA
2026-01-05,ORBS
2026-01-05,PASG
2026-01-05,PRZO
2026-01-05,RDHL
2026-01-05,RMTI
2026-01-05,TENX
2026-01-05,TXXD
2026-01-05,UFG
2026-01-05,USEG
2026-01-05,UUU
2026-01-05,VRME
2026-01-05,WTIU
2026-01-06,AEVA
2026-01-06,ARBE
2026-01-06,CRMLW
2026-01-06,CYCN
2026-01-06,ELAB
2026-01-06,EVTV
2026-01-06,IMSR
2026-01-06,IMSRW
2026-01-06,NBP
2026-01-06,NOMA
2026-01-06,STXS
2026-01-06,TXXS
2026-01-07,ASBP
2026-01-07,CDIO
2026-01-07,GLUE
2026-01-07,LUCY
2026-01-07,MBLY
2026-01-07,NMRA
2026-01-07,PENG
2026-01-07,RIME
2026-01-07,UFG
2026-01-07,VTYX
2026-01-07,ZSL
2026-01-08,ACON
2026-01-08,AVXX
2026-01-08,CGTL
2026-01-08,FLYX
2026-01-08,IPSC
2026-01-08,MLTX
2026-01-08,NEOG
2026-01-08,NVVE
2026-01-08,OSS
2026-01-08,RNXT
2026-01-08,SER
2026-01-08,VWAV
2026-01-08,VWAVW
2026-01-09,ALLO
2026-01-09,ANPA
2026-01-09,ASPI
2026-01-09,BLNE
2026-01-09,GP
2026-01-09,ICON
2026-01-09,KALV
2026-01-09,KUST
2026-01-09,LDI
2026-01-09,LRHC
2026-01-09,OKYO
2026-01-09,OPEG
2026-01-09,RVMDW
2026-01-09,SPRY
2026-01-09,SXTC
2026-01-09,VSTL
2026-01-12,BDSX
2026-01-12,CLRB
2026-01-12,DAWN
2026-01-12,EVTV
2026-01-12,HYFT
2026-01-12,IRIX
2026-01-12,KC
2026-01-12,NCEL
2026-01-12,OM
2026-01-12,OSS
2026-01-12,RXST
2026-01-12,SOGP
2026-01-12,STKL
2026-01-12,VWAV
2026-01-12,VWAVW
2026-01-12,ZH
2026-01-13,AHMA
2026-01-13,BCTX
2026-01-13,CELZ
2026-01-13,EDBL
2026-01-13,FBIOP
2026-01-13,IOTR
2026-01-13,KELYA
2026-01-13,OSS
2026-01-13,PDYN
2026-01-13,WATT
2026-01-13,XAIR
2026-01-14,AGIG
2026-01-14,ALTS
2026-01-14,BEEM
2026-01-14,GSIT
2026-01-14,KULR
2026-01-14,RIME
2026-01-14,ROLR
2026-01-14,SEGG
2026-01-14,SXTC
2026-01-14,YYAI
2026-01-15,AGPU
2026-01-15,ATPC
2026-01-15,AUID
2026-01-15,BNKK
2026-01-15,CGTL
2026-01-15,CJMB
2026-01-15,DDC
2026-01-15,IPW
2026-01-15,OCUL
2026-01-15,RFIL
2026-01-15,RILY
2026-01-15,ROLR
2026-01-15,SPHL
2026-01-15,TII
2026-01-16,ACCL
2026-01-16,BIYA
2026-01-16,GWAV
2026-01-16,IBRX
2026-01-16,JFBR
2026-01-16,KOPN
2026-01-16,LCFY
2026-01-16,PFSA
2026-01-16,PRFX
2026-01-16,TNMG
2026-01-20,ACRS
2026-01-20,BOIL
2026-01-20,BTTC
2026-01-20,CRVS
2026-01-20,IBRX
2026-01-20,ICON
2026-01-20,IVF
2026-01-20,MASS
2026-01-20,NUAI
2026-01-20,NUAIW
2026-01-20,PDC
2026-01-20,POLA
2026-01-20,RMTI
2026-01-20,SONM
2026-01-20,TII
2026-01-20,TWG
2026-01-20,UMC
2026-01-20,UNG
2026-01-21,AQMS
2026-01-21,BNAI
2026-01-21,BOXL
2026-01-21,GORO
2026-01-21,LSTA
2026-01-21,LUCD
2026-01-21,MLEC
2026-01-21,PAVM
2026-01-21,SLGB
2026-01-21,TII
2026-01-22,APUS
2026-01-22,ARMG
2026-01-22,CABA
2026-01-22,CMCT
2026-01-22,GLDD
2026-01-22,HCTI
2026-01-22,IOTR
2026-01-22,SXTP
2026-01-22,TMC
2026-01-23,ASTI
2026-01-23,BGL
2026-01-23,CHRS
2026-01-23,DRCT
2026-01-23,KUST
2026-01-23,MAXN
2026-01-23,MOVE
2026-01-23,NAMM
2026-01-23,NIOBW
2026-01-23,REVB
2026-01-23,RVYL
2026-01-23,SLE
2026-01-26,ABOS
2026-01-26,ARAI
2026-01-26,ATCX
2026-01-26,BATL
2026-01-26,CRWG
2026-01-26,CVM
2026-01-26,GLDG
2026-01-26,GORO
2026-01-26,GXAI
2026-01-26,INMD
2026-01-26,LE
2026-01-26,MBAI
2026-01-26,MPG
2026-01-26,NAK
2026-01-26,NAMM
2026-01-26,NVVE
2026-01-26,SWAG
2026-01-26,TMQ
2026-01-26,USAR
2026-01-26,USGG
2026-01-26,USGO
2026-01-26,YYAI
2026-01-27,BNZI
2026-01-27,BZAI
2026-01-27,CYN
2026-01-27,HIND
2026-01-27,IVF
2026-01-27,KC
2026-01-27,NAMM
2026-01-27,NETG
2026-01-27,NTLA
2026-01-27,NUWE
2026-01-27,PHGE
2026-01-27,RDW
2026-01-27,RR
2026-01-27,SXTC
2026-01-27,UMC
2026-01-28,AI
2026-01-28,AIMD
2026-01-28,ARI
2026-01-28,CPSH
2026-01-28,FEED
2026-01-28,GRI
2026-01-28,LTRX
2026-01-28,PDYN
2026-01-28,PURR
2026-01-28,SBU
2026-01-28,SUPX
2026-01-28,TRX
2026-01-28,WBUY
2026-01-29,AUST
2026-01-29,DCX
2026-01-29,DUO
2026-01-29,ESLA
2026-01-29,FLWS
2026-01-29,GCTS
2026-01-29,HCTI
2026-01-29,KRRO
2026-01-29,MBAI
2026-01-29,MGIH
2026-01-29,SER
2026-01-29,SUPX
2026-01-29,TAL
2026-01-29,TRX
2026-01-29,VENU
2026-01-29,XHLD
2026-01-29,ZSTK
2026-01-30,ALXO
2026-01-30,CISS
2026-01-30,DZZ
2026-01-30,GITS
2026-01-30,GLL
2026-01-30,LRHC
2026-01-30,MGLD
2026-01-30,MRAM
2026-01-30,ORKT
2026-01-30,PMN
2026-01-30,SOFX
2026-01-30,VIVS
2026-02-02,ACCL
2026-02-02,AQST
2026-02-02,CISS
2026-02-02,CLBK
2026-02-02,FATN
2026-02-02,FUSE
2026-02-02,IPW
2026-02-02,NFBK
2026-02-02,OPRA
2026-02-02,SWVL
2026-02-02,SXTC
2026-02-02,YJ
2026-02-03,CYN
2026-02-03,FATN
2026-02-03,FIEE
2026-02-03,GXAI
2026-02-03,NPT
2026-02-03,PIII
2026-02-03,PLTA
2026-02-03,PLTG
2026-02-03,PTIR
2026-02-03,ULY
2026-02-04,APPS
2026-02-04,BOXL
2026-02-04,CIGL
2026-02-04,EGHT
2026-02-04,FEED
2026-02-04,INHD
2026-02-04,INNV
2026-02-04,ONCY
2026-02-04,SMCL
2026-02-04,SMCX
2026-02-04,SONO
2026-02-04,SUNE
2026-02-04,TLF
2026-02-05,AIM
2026-02-05,ALOT
2026-02-05,BYRN
2026-02-05,CISS
2026-02-05,DHX
2026-02-05,HIMS
2026-02-05,HIMZ
2026-02-05,KELYB
2026-02-05,NIOG
2026-02-05,RNAZ
2026-02-06,BQ
2026-02-06,CONX
2026-02-06,FLYE
2026-02-06,HOOX
2026-02-06,LBTYB
2026-02-06,LMBO
2026-02-06,MAXN
2026-02-06,MITK
2026-02-06,MSTP
2026-02-06,QNST
2026-02-06,RDIB
2026-02-06,RDTL
2026-02-06,STKL
2026-02-06,UXRP
2026-02-06,WHLR
2026-02-06,WHLRP
2026-02-06,XRP
2026-02-06,XRPT
2026-02-06,XXRP
2026-02-09,BRLS
2026-02-09,CRD.B
2026-02-09,MNTS
2026-02-09,NEXN
2026-02-09,PLBY
2026-02-09,POWW
2026-02-09,VAL.WS
2026-02-10,ACRE
2026-02-10,CCCX
2026-02-10,ESOA
2026-02-10,EWCZ
2026-02-10,GCMG
2026-02-10,INFQ
2026-02-10,JZXN
2026-02-10,LUXE
2026-02-10,MBOT
2026-02-10,OSCX
2026-02-10,PHIO
2026-02-10,SPOG
2026-02-10,STRO
2026-02-10,VELO
2026-02-10,VSTS
2026-02-10,YEXT
2026-02-11,BETA
2026-02-11,ELAB
2026-02-11,HURA
2026-02-11,KC
2026-02-11,MNTN
2026-02-11,NETG
2026-02-11,PRFX
2026-02-11,RBKB
2026-02-11,SHPU
2026-02-11,STIM
2026-02-11,SUNE
2026-02-12,FSLY
2026-02-12,ISSC
2026-02-12,JDZG
2026-02-12,LUXE
2026-02-12,MH
2026-02-12,NVCR
2026-02-12,PMI
2026-02-12,PRCH
2026-02-12,RWT
2026-02-13,ABNG
2026-02-13,ATOM
2026-02-13,CNVS
2026-02-13,CONX
2026-02-13,CRSR
2026-02-13,ELOG
2026-02-13,MITK
2026-02-13,MLEC
2026-02-13,NCI
2026-02-13,OBAI
2026-02-13,RIME
2026-02-13,RIVN
2026-02-13,VTAK
2026-02-17,CMPS
2026-02-17,ETRL
2026-02-17,FRGT
2026-02-17,GVH
2026-02-17,GXAI
2026-02-17,LFS
2026-02-17,LU
2026-02-17,MI
2026-02-17,OBAI
2026-02-17,OLB
2026-02-17,PLYX
2026-02-17,RIME
2026-02-18,AUUD
2026-02-18,BENF
2026-02-18,CZR
2026-02-18,JELD
2026-02-18,LRHC
2026-02-18,MCW
2026-02-18,MNDR
2026-02-18,PBI
2026-02-18,QMCO
2026-02-18,RSI
2026-02-18,RXT
2026-02-18,SABR
2026-02-18,SNSE
2026-02-18,VGAS
