date,day_class,pct_profitable,avg_pnl,n_configs,avg_float,avg_gap_pct,avg_late_pm_trend,avg_mcap,avg_pm_range_pct,avg_pm_volume,avg_price,day_of_week,early_pm_volume,gap_spread,late_pm_volume,max_gap_pct,max_pm_range_pct,max_pm_volume,median_float,median_gap_pct,median_mcap,median_pm_range_pct,median_pm_volume,median_price,n_10_to_20,n_5_to_10,n_faded,n_fading_late,n_float_under_10m,n_float_under_20m,n_gap_100plus,n_gap_20plus,n_gap_50plus,n_gappers,n_holding,n_mcap_under_100m,n_mcap_under_500m,n_over_20,n_total_stocks_trading_pm,n_trending_up_late,n_under_5,n_vol_100k,n_vol_1m,n_vol_500k,pct_faded,pct_low_float,pct_trending_up,pm_vol_acceleration,total_pm_volume,vol_concentration_top1,vol_concentration_top2
2025-01-02,TRAP,0.125,-101.22,88,73088396.1981,31.4722,-0.3735,426260139.2547,21.5050,1177161.1759,4.4249,3,37117492,840.4132,3786988,850.4132,152.5333,38998480,14565000.0000,15.1947,67207356.0000,14.6129,32605.0000,1.4400,11,12,67,7,41,60,5,34,9,108,41,67,91,4,1048,7,81,37,15,23,0.6204,0.3796,0.4667,0.1020,127133407,0.3068,0.4371
2025-01-03,TRAP,0.167,-59.46,24,108356727.2545,27.6142,6.8461,293407731.1273,21.1503,1527104.3091,3.2646,4,18651703,148.1788,5993137,158.2160,117.4100,19186783,39600000.0000,17.4510,67544972.0000,15.8749,67209,1.7700,4,10,25,1,21,27,2,22,7,55,30,32,47,0,912,4,41,22,11,13,0.4545,0.3818,0.8000,0.3213,83990737,0.2284,0.4263
2025-01-06,EASY,0.615,5.43,13,106765359.9760,42.4493,1.0977,292887193.8320,25.0974,3412443.5923,3.9909,0,41682648,1293.3291,99102764,1303.5088,242.3611,103637986,15490000.0000,13.9222,43388414.0000,14.2826,128611.0000,1.6550,9,11,77,40,46,68,8,39,13,130,53,83,108,3,1686,35,107,68,29,41,0.5923,0.3538,0.4023,2.3776,443617667,0.2336,0.4394
2025-01-07,SKILL,0.545,4.51,11,104432923.0615,27.9126,-1.2579,442045392.2154,24.8518,9089663.5758,3.7144,1,6140952,172.6086,108918489,182.7273,141.5254,406158290,30380000.0000,16.9645,79104762.0000,15.9611,69068.5000,2.3600,4,11,46,23,20,24,2,26,9,66,20,37,54,1,1405,21,50,28,11,14,0.6970,0.3030,0.4565,17.7364,599917796,0.6770,0.7621
2025-01-08,TRAP,0.175,-66.18,40,64259661.0000,40.4269,0.8132,255131867.7797,32.8612,2849214.9000,3.2509,2,255254,309.4915,25031027,319.4915,220.1799,39878664,37390000.0000,17.8681,95317870.0000,18.8796,62331.5000,2.0300,3,5,39,13,18,23,5,27,9,60,21,32,53,0,1375,17,52,27,15,16,0.6500,0.3000,0.5312,98.0632,170952894,0.2333,0.4137
2025-01-10,EASY,0.727,11.46,99,92956666.6437,274.8196,-1.2011,1202657207.7816,101.6855,1772583.7065,4.7739,4,4572280,23137.4924,42875333,23147.5248,7405.7426,34525681,22900000.0000,15.6906,76608451.0000,15.6938,95169.5000,1.8700,5,13,52,40,31,42,3,31,10,92,40,52,69,4,1640,22,70,44,24,29,0.5652,0.3370,0.3143,9.3772,163077701,0.2117,0.3054
2025-01-13,EASY,0.800,86.64,35,54231692.2923,59.5577,0.3334,166479080.9385,24.1955,2039374.8529,3.5735,0,278837,2015.8114,26936309,2025.8824,140.8402,45768689,9060000.0000,15.6383,17790000.0000,15.3783,30429.5000,1.6950,8,6,39,20,34,42,4,23,8,68,29,46,61,0,1465,18,54,28,16,18,0.5735,0.5000,0.4000,96.6023,138677490,0.3300,0.5806
2025-01-14,MIXED,0.385,-4.07,13,4072823999.9750,23.3273,3.0494,922955214.1000,18.2990,1065056.9036,3.4423,1,1161622,389.8936,15995696,400.0000,97.6471,13045223,41845000.0000,14.4776,81266795.0000,14.3713,48026,1.8800,2,17,43,11,25,35,1,25,3,83,40,42,60,1,1383,36,63,35,16,21,0.5181,0.3012,0.6792,13.7701,88399723,0.1476,0.2686
2025-01-15,EASY,0.684,12.16,19,183307499.9881,22.2541,2.8494,730593431.5833,20.2955,2145213.8736,4.1936,2,6604811,93.0798,36075919,103.1250,103.1250,53795781,42810000.0000,14.9826,86581622.0000,14.6096,56634,1.9800,7,12,35,19,26,36,1,30,6,87,52,45,60,2,1537,35,66,39,19,21,0.4023,0.2989,0.6140,5.4621,186633607,0.2882,0.4242
2025-01-16,EASY,0.643,31.35,14,92390652.1739,77.3174,1.5144,613876415.5000,29.7221,5402528.1667,3.7093,3,2722212,2251.5330,81432440,2261.5849,225.6857,86246239,19835000.0000,17.2971,84703744.5000,15.1209,228362.0000,1.9000,2,4,31,22,14,23,4,20,7,48,17,24,37,2,1340,11,40,29,14,21,0.6458,0.2917,0.3056,29.9141,259321352,0.3326,0.5807
2025-01-17,EASY,0.818,2.64,44,134771538.4359,20.7827,2.7033,2205288819.5385,16.3162,3379757.4762,5.4418,4,340348,73.3068,79720521,83.6162,66.5312,86775409,15650000.0000,14.3268,52610000.0000,10.9639,29863.5000,2.4550,1,5,18,6,15,21,0,15,3,42,24,27,32,4,1345,13,32,16,7,8,0.4286,0.3571,0.5909,234.2324,141949814,0.6113,0.7902
2025-01-21,TRAP,0.100,-86.77,10,536023749.9688,38.5231,4.0539,333208672.7344,22.4510,3193806.8769,3.9968,1,572803,870.6494,38994559,880.6494,109.6233,104224158,39110000.0000,16.5000,81275257.0000,14.7645,116201,2.2200,6,9,29,13,16,25,2,25,6,65,36,38,54,2,1565,29,48,33,12,14,0.4462,0.2462,0.6444,68.0767,207597447,0.5020,0.6952
2025-01-22,EASY,0.876,24.66,89,145075901.6393,24.0037,-0.7172,769154417.5902,20.0031,3341594.2239,5.0852,2,2728265,115.9737,46160281,126.0355,122.4852,66217146,15650000.0000,15.2425,46647118.0000,13.9881,72935,2.5900,4,11,35,17,25,32,2,19,5,67,32,40,50,4,1418,22,48,30,16,19,0.5224,0.3731,0.5116,16.9193,223886813,0.2958,0.4086
2025-01-23,EASY,0.732,28.24,127,61674893.5957,25.0648,3.1864,345046827.4043,23.1428,2252205.6667,2.7295,3,937869,85.5085,30639604,95.7447,69.3246,33165890,12440000.0000,18.1474,34950000.0000,18.0687,45265.0000,1.5402,5,2,26,10,22,28,0,21,4,48,22,31,38,0,1310,18,41,21,14,16,0.5417,0.4583,0.6207,32.6694,108105872,0.3068,0.5195
2025-01-24,EASY,0.895,54.47,153,145127999.9333,38.3728,2.5051,249341642.9111,33.7427,8626525.3830,3.5143,4,4401114,437.5425,95516149,447.5676,399.4595,203017668,10180000.0000,14.7886,30229340.0000,13.4937,76663,1.4900,5,7,17,14,21,27,3,12,9,47,30,31,39,0,1373,15,35,20,14,16,0.3617,0.4468,0.4545,21.7027,405446693,0.5007,0.6676
2025-01-27,EASY,0.615,7.11,13,215100769.2308,190.2017,-1.0492,258570673.2308,30.6226,1127786.1304,4.6872,0,2287757,5165.3461,7593752,5175.4733,257.6471,18345311,11180000.0000,19.4105,30637488.0000,17.0876,122885.0000,1.1250,6,3,27,9,18,24,3,21,6,46,19,30,34,2,1592,10,35,24,5,10,0.5870,0.3913,0.3846,3.3193,51878162,0.3536,0.5828
2025-01-28,EASY,0.919,132.67,160,104688749.9821,59.8895,3.3365,179933110.2143,28.3559,1309777.0526,4.1509,1,29568,1886.5421,25591638,1896.6443,360.7383,44293627,19670000.0000,15.0617,52537472.0000,15.4206,33722,2.5200,5,8,31,9,18,29,3,22,5,57,26,38,52,1,1298,17,43,21,8,12,0.5439,0.3158,0.5667,865.5181,74657292,0.5933,0.7351
2025-01-29,EASY,0.966,181.65,89,95637727.2500,86.0423,0.6831,370187148.7674,24.0216,2344582.8222,3.9500,2,11507,1439.2333,18264539,1449.2958,187.7573,38672675,9800000.0000,17.5311,29371826.0000,15.4537,57819,1.3500,4,7,19,10,22,26,2,17,6,45,26,30,38,1,1280,16,33,20,10,12,0.4222,0.4889,0.6154,1587.2546,105506227,0.3665,0.5470
2025-01-30,EASY,0.682,-24.32,22,415977297.2703,998.9868,-5.3033,195025104.4054,121.9844,1630589.6842,2.9602,3,1153559,32689.9497,6369323,32700.0000,3709.0909,16834503,20970000.0000,13.7842,75771256.0000,15.3257,27134.5000,1.7850,2,5,19,15,14,18,4,14,7,38,19,24,34,0,1273,5,31,14,9,10,0.5000,0.3684,0.2500,5.5215,61962408,0.2717,0.4534
2025-01-31,TRAP,0.263,-85.38,19,6630905999.9778,59.1150,3.5557,891796025.8444,22.1392,3721257.6170,3.5765,4,968486,890.5296,25834768,900.5336,259.6401,101906656,14560000.0000,14.2318,48181493.0000,11.6979,19438,1.8800,1,6,21,5,20,24,3,16,5,47,26,30,39,1,1304,11,39,17,9,12,0.4468,0.4255,0.6111,26.6754,174899108,0.5827,0.7669
2025-02-03,TRAP,0.263,-88.70,19,210321290.3226,227.2770,-0.3956,377910747.2903,32.3965,1900355.3514,6.3693,0,1271672,7433.0243,11273212,7443.3526,231.2139,21202038,16460000.0000,16.0000,44103585.0000,17.5461,133681,2.7200,2,4,17,12,12,17,3,15,5,37,20,19,25,4,1732,15,27,20,10,11,0.4595,0.3243,0.5357,8.8649,70313148,0.3015,0.5452
2025-02-04,TRAP,0.077,-85.56,13,13390000.0000,94.1414,-8.5243,48198320.0000,89.0075,16259595,3.5400,1,5198850,68.8546,6599913,132.7044,132.7044,41589846,7920000.0000,104.4910,21097350.0000,84.1667,8527981,3.1800,0,1,2,4,3,4,3,5,5,5,3,4,5,0,6,0,4,5,5,5,0.4000,0.6000,0.0000,1.2695,81297975,0.5116,0.7379
2025-02-05,EASY,0.846,71.40,26,81521363.5909,238.8854,-0.1856,534206775.7500,58.8763,4974176.1087,5.0658,2,137775,10093.7809,66474966,10103.8133,1821.1703,101373230,28035000.0000,14.6973,64281567.5000,14.0156,136333.5000,3.0550,3,10,20,15,17,19,1,13,3,46,26,24,34,2,1339,13,31,26,12,15,0.4348,0.3696,0.4194,482.4893,228812101,0.4430,0.6917
2025-02-06,EASY,0.636,68.96,22,189126874.9792,25.1322,2.6918,539671191.5833,23.6155,2790801.8824,4.5944,3,4257171,155.0643,31338800,165.1220,163.9024,21233813,31030000.0000,15.8211,81956358.0000,17.0732,171395,2.6500,4,14,33,7,17,21,1,20,6,51,18,27,37,1,1354,25,32,31,18,19,0.6471,0.3333,0.7576,7.3614,142330896,0.1492,0.2767
2025-02-07,SKILL,0.538,-2.93,13,76480000.0000,18.9282,-1.5393,461353094.2857,16.0464,887441.0200,4.2309,4,92195,86.5793,7932560,96.6460,94.1615,20619068,12790000.0000,15.0424,52345107.0000,12.8026,34225.5000,1.5050,5,6,22,13,20,26,0,14,1,50,28,32,40,2,1339,6,37,19,7,11,0.4400,0.4000,0.2500,86.0411,44372051,0.4647,0.6977
2025-02-10,EASY,0.736,3.75,121,272780937.4844,373.0983,0.6838,574815972.2969,82.3488,1609054.2985,5.4664,0,152532,21889.9546,20315706,21900.0000,4176.4706,47162530,24865000.0000,14.9254,143758731.5000,12.9353,47845,2.8800,11,8,30,16,18,27,4,24,7,67,37,29,50,2,1447,19,46,29,9,15,0.4478,0.2687,0.4524,133.1898,107806638,0.4375,0.5707
2025-02-11,TRAP,0.267,-67.15,15,38341388.8333,23.9523,2.8525,191256075.1389,23.1855,6958029.6944,3.1784,1,189896,167.7120,68794619,177.7120,174.0837,120549145,9150000.0000,14.6360,20984292.5000,14.9337,51150.0000,1.9050,3,5,18,9,19,24,1,10,4,36,18,24,31,0,1360,11,28,15,7,9,0.5000,0.5278,0.5000,362.2752,250489069,0.4813,0.9128
2025-02-12,MIXED,0.375,-14.10,8,729893157.8684,19.8314,-0.6552,4357700022.0789,17.4300,289059.8537,5.7347,2,0,68.9598,2207787,78.9709,78.0761,2713305,32790000.0000,15.6716,67368517.5000,11.2367,38448,3.1100,2,4,19,11,11,16,0,12,1,41,22,24,32,3,1537,9,32,12,4,5,0.4634,0.2683,0.4286,0,11851454,0.2289,0.4523
2025-02-13,SKILL,0.583,-6.55,12,63864999.9412,18.0491,4.2740,329464601.6765,14.3579,484207.4000,4.9638,3,39501,35.9537,2957246,46.1538,46.0674,7537796,21295000.0000,14.6393,55060516.5000,11.4360,17228,2.7200,3,8,13,5,10,17,0,10,0,35,22,21,28,2,1319,11,22,13,4,6,0.3714,0.2857,0.6111,74.8651,16947259,0.4448,0.5826
2025-02-14,TRAP,0.214,-117.14,14,258985294.0784,26.5319,1.7408,623029681.3529,23.4003,3805457.1321,5.1010,4,167306,125.2387,49346596,135.2514,136.0615,77131039,35210000.0000,17.2446,107363898.0000,13.1868,30508,4.0100,7,10,16,15,18,20,3,20,6,53,37,25,40,0,1400,15,36,20,9,14,0.3019,0.3396,0.4688,294.9482,201689228,0.3824,0.6640
2025-02-18,EASY,0.871,43.38,62,213892537.2985,262.4669,1.5012,824095039.6269,53.5117,2261064.9718,5.7677,1,853250,12866.1905,33899859,12876.1905,2099.5671,44025203,28240000.0000,16.1290,57583015.0000,14.4764,44978,2.0400,4,11,31,22,24,29,5,24,10,71,40,37,55,5,1581,19,51,30,17,21,0.4366,0.3380,0.4318,39.7303,160535613,0.2742,0.4939
2025-02-19,MIXED,0.305,2.85,154,63706315.7368,31.8014,-0.8092,411626880.1842,30.4979,2016548.5122,8.0118,2,369470,291.5154,6851490,301.7910,307.7612,33241452,18300000.0000,15.4930,40555304.0000,14.7208,191714,1.7400,2,3,24,17,15,21,3,14,5,41,17,25,32,3,1367,11,33,26,9,11,0.5854,0.3659,0.3438,18.5441,82678489,0.4021,0.5335
2025-02-20,MIXED,0.364,8.14,22,194882333.3333,21.3776,1.7735,737804816.5833,19.0347,1707716.9355,5.8483,3,2289403,105.7981,19097413,116.0643,113.6546,31161712,54615000.0000,14.8147,176063169.0000,16.3504,44431.5000,3.8300,9,13,25,12,19,23,1,21,4,62,37,28,44,3,1358,25,37,26,13,15,0.4032,0.3065,0.6757,8.3417,105878450,0.2943,0.5112
2025-02-21,SKILL,0.462,-40.82,13,151613611.0278,149.8479,1.3788,1119809246.2778,38.5219,2107313.2895,8.0591,4,149907,4889.8906,14573063,4900.0000,813.3333,46830001,36970000.0000,12.9501,51392142.0000,11.1852,20320.5000,3.5900,5,4,15,9,11,16,3,11,3,38,23,20,25,6,1357,13,23,16,7,10,0.3947,0.2895,0.5909,97.2140,80077905,0.5848,0.7499
2025-02-24,EASY,0.692,21.01,26,64056249.9167,74.2097,3.7316,319646148.0000,29.4110,1189427.2449,2.8034,0,56769,1571.8063,11885734,1581.9277,215.7831,16420035,12550000.0000,17.7358,31285992.5000,16.1882,59477,1.3400,2,3,23,14,22,28,5,21,8,49,26,36,42,1,1381,11,43,21,9,12,0.4694,0.4490,0.4074,209.3701,58281935,0.2817,0.5074
2025-02-25,SKILL,0.500,40.19,14,139527346.8571,61.2949,3.2168,3287777336.2449,35.6627,2755063.5294,5.2576,1,16455,885.0831,45963770,895.0831,296.7480,85674334,23670000.0000,18.2857,54994055.0000,18.9919,71546,1.5700,2,8,26,12,18,22,6,20,11,51,25,31,40,3,1308,14,38,23,10,13,0.5098,0.3529,0.5185,2793.3011,140508240,0.6097,0.7108
2025-02-26,TRAP,0.143,-97.69,42,558226470.5588,24.8405,-1.0045,5380924190.9853,19.0569,1521854.7945,6.2814,2,137602,189.0719,14503009,199.1525,160.5714,32731167,31564999.5000,14.2345,90839287.0000,11.1111,31578,2.2900,4,10,30,23,21,27,2,23,7,73,43,36,48,8,1345,15,51,30,9,19,0.4110,0.2877,0.3488,105.3982,111095400,0.2946,0.4451
2025-02-27,EASY,0.654,-17.81,26,86868947.3158,22.1698,-0.2966,502400623.0702,16.8582,1724951.0806,4.1492,3,325756,137.5488,23326316,147.6190,80.6897,25874460,32369999.0000,13.8237,77442312.0000,10.2107,23440.0000,2.3500,7,11,24,14,15,22,1,19,6,62,38,29,49,0,1288,16,44,20,9,10,0.3871,0.2419,0.4706,71.6067,106946967,0.2419,0.4621
2025-02-28,TRAP,0.013,-125.99,75,756037368.3947,25.6045,-2.6938,394161764.0789,23.3844,1394956.8421,3.3950,4,15719,98.6086,17547624,108.8202,100.0000,21488038,37245000.0000,15.9666,115055775.0000,15.6227,62525.5000,2.4850,3,5,25,12,10,14,2,12,4,38,13,18,34,0,1410,6,30,17,6,7,0.6579,0.2632,0.3158,1116.3321,53008360,0.4054,0.5804
2025-03-03,EASY,0.615,26.16,13,122129999.9600,258.4312,0.8204,633369034.3649,21.0643,1835678.2614,5.4824,0,1380033,18218.9064,43882161,18228.9817,497.3077,61813868,45670000.0000,13.3800,141938819.0000,9.7600,53862.0000,1.9550,10,9,25,21,23,29,5,26,6,88,63,35,53,7,1372,28,62,39,16,21,0.2841,0.2614,0.4667,31.7979,161539687,0.3827,0.5803
2025-03-04,EASY,0.880,78.77,25,71607435.8974,30.7857,-1.8964,203545334.7692,32.3257,1485026.7381,6.1446,1,2965,249.8684,16008410,259.8684,229.6053,26760264,10990000.0000,17.0161,45039408.0000,19.7706,116465.5000,1.5950,2,4,31,14,19,22,1,20,5,42,11,23,35,2,1574,9,34,23,5,8,0.7381,0.4524,0.3462,5399.1265,62371123,0.4290,0.6444
2025-03-05,TRAP,0.263,-60.38,19,952068750.0000,20.9363,-0.7430,1276786621615.0693,17.1178,1426320.8243,3.5393,2,931,105.3428,32671068,115.3846,75.1938,30391298,31170000.0000,14.5493,74227271.0000,11.0463,24555.0000,2.1050,5,17,29,21,20,32,1,21,4,74,45,41,57,0,1303,12,52,26,10,12,0.3919,0.2703,0.3158,35092.4468,105547741,0.2879,0.5276
2025-03-06,EASY,0.949,27.97,78,72179999.9524,20.8698,-2.2827,240323483.7857,19.0326,2146058.8571,2.8799,3,2536886,91.9550,17525894,101.9550,81.4614,53122573,21545000.0000,14.6518,52808307.0000,14.5184,15489.0000,1.7000,0,9,28,13,12,21,1,10,3,42,14,26,33,0,1331,6,33,11,5,5,0.6667,0.2857,0.2500,6.9084,90134472,0.5894,0.9245
2025-03-07,TRAP,0.229,-44.61,35,56502727.2424,28.2149,3.8466,226249696.0606,24.7224,6386193.7273,2.5695,4,57149,223.0498,45073460,233.1451,175.0423,97847730,8640000.0000,14.8837,17130965.0000,14.0612,32678,1.2000,3,2,21,7,17,20,2,10,3,33,12,25,29,0,1246,11,28,10,9,9,0.6364,0.5152,0.5789,788.7008,210744393,0.4643,0.7345
2025-03-10,TRAP,0.167,-88.67,18,964313799.4406,16.5626,-4.1275,845565020.2744,12.8279,1504130.5610,4.6844,0,3887,92.2716,247121288,102.2876,121.2418,125837425,34510000.0000,13.6354,94809355.0000,10.4099,74751.0000,2.5850,41,63,255,90,103,149,1,72,7,410,155,195,299,10,3022,29,296,179,58,82,0.6220,0.2512,0.2339,63576.3540,616693530,0.2041,0.3020
2025-03-11,TRAP,0.055,-55.12,91,2098784726.0205,18.0365,-8.0033,413819114.6164,16.3972,1273804.6218,4.3329,1,1664988,77.1250,45062711,87.1250,93.3750,67110249,23885000.0000,13.2908,55576322.0000,13.0606,53007.0000,2.2850,11,18,109,32,55,71,0,33,5,156,47,88,126,5,2957,4,122,65,17,21,0.6987,0.3526,0.1111,27.0649,198713521,0.3377,0.5605
2025-03-12,EASY,0.640,29.09,25,86046666.6512,23.7766,-4.9063,360787120.4264,17.6032,3424523.3603,5.1401,2,6028,518.9159,151118301,529.0323,156.4516,326651758,35180000.0000,13.5128,83442716.0000,13.7526,111515.5000,2.3950,8,20,97,37,39,49,2,29,2,136,39,71,107,6,2990,10,102,69,28,38,0.7132,0.2868,0.2083,25069.3930,465735177,0.7014,0.7551
2025-03-13,MIXED,0.364,-36.57,11,1241691729.8178,16.5750,-3.2981,512769127.7336,13.8890,1495372.2050,4.3971,3,252228,95.2467,110552423,105.2467,92.2659,175409337,30720000.0000,13.0386,90685752.0000,10.6983,72981.5000,2.0800,20,41,158,52,74,106,2,40,8,278,120,139,216,6,2914,25,211,124,33,51,0.5683,0.2662,0.3086,438.3035,415713473,0.4219,0.5275
2025-03-14,EASY,0.867,11.36,15,84236302.5042,20.7923,-2.3612,203207262.3697,21.4793,2773462.8033,3.3246,4,12456,77.4763,123663809,87.5000,106.9858,157166455,16350000.0000,14.5435,63982449.0000,14.7207,147916.5000,1.8257,6,16,90,32,48,63,0,35,8,122,32,70,104,2,2937,11,98,68,26,34,0.7377,0.3934,0.2340,9928.0515,338362462,0.4645,0.5414
2025-03-17,EASY,0.769,27.40,65,130772598.3937,18.0782,-5.6526,235914722.8110,18.7020,1564032.8456,4.8454,0,776045,123.4313,42932546,133.4313,122.5397,35264544,22660000.0000,13.0799,71012230.0000,13.8243,91280.0000,1.9700,8,20,92,28,48,59,1,30,3,136,44,70,115,6,2992,9,102,66,21,28,0.6765,0.3529,0.2143,55.3222,212708467,0.1658,0.3271
2025-03-18,TRAP,0.273,-66.99,11,251843850.5632,17.1308,-5.1007,1317883015.0172,15.9586,1401892.6848,5.0938,1,0,99.8409,82349157,109.8765,112.7654,59555325,35125000.0000,13.3001,116698951.0000,13.2136,136432.5000,2.8300,10,37,142,64,50,67,1,35,6,184,42,81,139,9,2962,7,128,102,37,52,0.7717,0.2717,0.0959,0,257948254,0.2309,0.3142
2025-03-19,EASY,0.810,17.84,58,96472571.4095,18.2006,-2.4034,229696504.9048,17.0874,1918385.8889,3.8405,2,184341,51.6279,60739074,61.6279,63.9252,70734784,15490000.0000,14.6578,48721822.0000,14.3868,73637.0000,1.9750,11,11,74,26,40,58,0,21,3,108,34,65,95,0,2934,9,86,49,19,22,0.6852,0.3704,0.2500,329.4930,207185676,0.3414,0.4963
2025-03-20,SKILL,0.545,-29.08,11,113190999.9929,16.3672,-2.6839,353843337.9571,14.9289,1684238.9384,5.0203,3,319,63.6111,78703629,73.6111,82.6389,58324302,24750000.0000,13.0313,70943239.0000,11.9248,104183.0000,2.5050,12,22,82,28,49,67,0,26,3,146,64,79,123,6,2935,18,106,73,23,35,0.5616,0.3356,0.3600,246719.8401,245898885,0.2372,0.4562
2025-03-21,MIXED,0.357,-23.37,14,74591981.9550,19.2124,-3.2586,2763119970.0000,17.5513,3285124.9913,3.6492,4,131430,94.6781,121276461,104.7782,106.4846,90259598,15490000.0000,14.9733,46595526.0000,12.9567,53314,1.7700,7,14,77,22,43,62,1,32,3,115,38,73,98,2,2941,8,92,46,18,23,0.6696,0.3739,0.2500,922.7457,377789374,0.2389,0.4459
2025-03-24,EASY,1.000,22.89,11,76499172.9248,16.7913,-2.4698,306616644.0902,14.7947,1399094.6549,4.0916,0,0,122.9239,63894949,132.9787,60.9355,68030093,17020000.0000,13.9243,48434479.0000,11.8786,43602.5000,1.8800,11,14,86,25,48,73,1,24,3,142,56,88,123,4,2995,9,113,51,17,26,0.6056,0.3380,0.2368,0,198671441,0.3424,0.5213
2025-03-25,SKILL,0.472,6.31,36,77302701.1264,18.8277,-2.5106,411445640.6092,17.2156,2023109.9722,3.6439,1,0,71.6832,119548678,81.6832,101.5873,82015302,25440000.0000,14.4949,78442704.5000,12.7753,87394.0000,1.8800,8,21,128,42,60,84,0,43,7,180,52,96,149,4,2980,18,147,89,29,37,0.7111,0.3333,0.2857,0,364159795,0.2252,0.4473
2025-03-26,EASY,0.882,16.49,119,114050405.3919,16.7434,-1.8142,582304352.1486,14.3512,1502918.1532,5.4203,2,84701,96.4410,158144689,106.4410,89.7753,77915557,31380000.0000,13.7648,101932981.5000,11.0283,86674.0000,2.4150,19,39,177,55,73,93,1,43,4,248,71,108,176,11,2948,20,179,116,41,53,0.7137,0.2944,0.2564,1867.0935,372723702,0.2090,0.3859
2025-03-27,EASY,0.686,-25.21,35,78182265.6172,17.0893,-4.1706,249643222.2656,16.2131,1280430.2319,4.1713,3,20765,79.3562,51421911,89.4366,86.6197,61613918,21455000.0000,14.1346,54179658.5000,13.1909,90957.5000,1.9500,10,16,90,35,47,63,0,31,1,138,48,73,111,5,2944,8,107,68,20,30,0.6522,0.3406,0.1633,2476.3742,176699372,0.3487,0.4681
2025-03-28,SKILL,0.500,-18.71,14,172003651.8703,17.9171,-6.6439,381150379.0000,14.5799,2073449.5498,3.3585,4,0,291.8913,219316898,301.8913,222.6950,184400483,22660000.0000,13.1818,52662626.0000,10.7282,61042,1.7265,17,32,217,84,104,137,3,54,7,311,94,176,249,5,2970,14,257,130,39,61,0.6977,0.3344,0.1400,0,644842810,0.2860,0.4056
2025-03-31,SKILL,0.583,0.00,12,188609466.6489,18.6525,-5.4603,240394074.5956,17.7483,1035092.6891,3.2636,0,2197420,61.1095,85266494,71.1219,85.8521,34629822,24540000.0000,14.4753,67890295.0000,14.0734,63473.0000,1.6650,13,24,169,56,74,105,0,62,11,238,69,129,198,4,3029,13,197,101,26,42,0.7101,0.3109,0.1806,38.8030,246352060,0.1406,0.2607
2025-04-01,TRAP,0.077,-87.18,13,86562441.3005,23.4879,-3.3142,344779143.0704,17.4981,761041.4398,2.9667,1,0,773.0937,45917766,783.0937,384.1584,80664956,33860000.0000,14.3315,96046295.0000,12.9412,82701.5000,1.5000,8,30,148,31,64,83,3,53,7,216,68,111,176,3,2976,8,175,93,18,33,0.6852,0.2963,0.1951,0,164384951,0.4907,0.5482
2025-04-02,TRAP,0.277,-11.40,94,77929417.4660,37.0581,-7.5421,235785502.7549,34.4534,8900774.5455,3.2060,2,0,618.8719,329710479,628.8889,614.4444,484322623,13670000.0000,15.5423,41134924.0000,14.7710,66524.0000,1.4100,1,11,65,29,47,56,7,35,14,110,45,70,90,4,2969,12,94,51,28,37,0.5909,0.4273,0.2791,0,979085200,0.4947,0.6605
2025-04-03,SKILL,0.455,103.27,11,151679634.1250,16.3550,-3.4133,733585524.8532,14.2682,814370.8435,4.1512,3,0,225.9155,110441400,235.9155,260.5634,36882638,39595000.0000,13.3560,181532328.0000,10.9415,79977,2.3500,30,55,242,70,85,115,1,53,5,345,103,141,237,7,3028,21,253,150,51,74,0.7014,0.2464,0.2165,0,280957941,0.1313,0.2443
2025-04-04,EASY,0.619,-31.31,21,247965501.3888,16.4629,-6.4263,1644891053.5269,14.4365,1070090.9275,4.7116,4,0,91.1834,215703356,101.1834,96.0511,91035238,41880000.0000,13.4375,163183099.0000,12.5683,95699,2.5000,51,86,369,113,104,149,1,85,8,469,100,188,299,8,3067,18,324,232,77,114,0.7868,0.2217,0.1353,0,501872645,0.1814,0.2673
2025-04-07,EASY,0.742,17.86,120,173033145.1492,19.3787,2.2154,608833994.8427,23.0151,2079854.3429,6.5567,0,0,1066.2000,259709579,1076.2000,703.2000,165735622,30975000.0000,12.9056,95874095.5000,17.5643,102441.0000,3.1850,34,51,206,34,68,104,2,47,6,312,106,127,194,23,3106,57,204,157,53,79,0.6603,0.2179,0.5816,0,648914555,0.2554,0.4794
2025-04-08,EASY,0.893,78.13,28,280836717.3080,17.7074,-1.0877,105370158131.4798,11.3690,1049276.0529,5.0579,1,0,1234.5172,404967966,1244.5378,1225.7703,121984087,58300000.0000,14.2701,267399433.0000,7.8803,89142.0000,3.1425,124,219,261,146,167,253,5,200,9,1058,797,316,620,22,3054,84,693,500,125,202,0.2467,0.1578,0.3243,0,1110134064,0.1099,0.2043
2025-04-09,SKILL,0.400,-53.82,10,100922976.1786,28.8548,-7.5970,242479127.5357,20.9501,2943485.6712,9.7644,2,0,417.1028,158742823,427.1028,443.9252,145315026,13795000.0000,18.1116,41630491.0000,13.9893,43648.0000,4.8250,37,14,69,48,33,47,2,67,15,146,77,56,73,22,3036,4,73,51,24,33,0.4726,0.2260,0.0702,0,429748908,0.3381,0.5873
2025-04-10,TRAP,0.200,-111.99,15,226320458.4413,17.3166,-5.3569,932925872.6218,15.2646,3960023.9868,4.4966,3,0,190.4475,444368152,200.4475,183.5525,847761528,42700000.0000,13.5357,112386009.0000,12.5962,56048,2.4200,27,65,292,80,88,126,3,67,7,379,87,168,258,12,3014,10,275,148,41,71,0.7704,0.2322,0.1099,0,1500849091,0.5649,0.7143
2025-04-11,SKILL,0.455,-0.16,11,107792622.9180,18.0375,-3.0929,339957630.1311,18.4528,5684674.1278,5.3408,4,0,138.7296,157187798,148.7500,167.5000,402600138,21540000.0000,13.1676,55495296.0000,13.5484,54687,2.3900,12,13,82,20,45,60,1,27,4,133,51,74,106,8,2989,11,100,54,18,29,0.6165,0.3383,0.3143,0,756061659,0.5325,0.8096
2025-04-14,TRAP,0.091,-73.32,11,141358980.8726,17.2932,-2.3460,8450646774.9108,15.0973,2414343.3829,4.0088,0,0,170.1859,114483237,180.2828,101.4897,274405168,25730000.0000,13.2586,74428541.0000,12.3250,63136,2.0100,7,18,109,38,53,73,1,33,4,175,66,95,137,7,3036,15,143,75,24,37,0.6229,0.3029,0.2778,0,422510092,0.6495,0.7125
2025-04-15,TRAP,0.250,-63.30,12,112535999.9938,19.4888,-2.8613,473750685.6000,16.7778,1487158.0303,3.2505,1,0,212.2222,67641385,222.2222,155.5556,70461938,18400000.0000,14.0236,61459799.5000,12.1801,40867,1.9000,6,16,106,26,58,83,2,38,5,165,59,100,132,3,2998,15,140,61,26,34,0.6424,0.3515,0.3659,0,245381075,0.2872,0.4776
2025-04-16,TRAP,0.200,-44.04,10,117702582.4121,19.6473,-1.8109,243307228.7486,16.6236,2615715.2812,3.5342,2,0,284.1031,134706866,294.1031,145.9495,246674712,17040000.0000,13.1060,48721822.0000,11.5069,54338.0000,1.6550,9,14,127,35,69,98,2,38,7,192,65,125,164,3,2956,14,166,73,19,28,0.6615,0.3594,0.2593,0,502217334,0.4912,0.6108
2025-04-17,EASY,0.750,37.81,8,110498468.4505,19.2625,-6.6959,214222060.2793,18.6727,3054437.6814,3.1311,3,0,81.4964,103915079,91.5211,121.0986,118555933,15490000.0000,13.6863,43605301.0000,13.6193,75187,1.3100,4,7,85,32,45,59,0,31,3,113,28,79,99,3,2973,6,99,48,19,25,0.7522,0.3982,0.1538,0,345151458,0.3435,0.6713
2025-04-21,EASY,0.765,18.83,17,103187777.7566,18.7878,-5.4693,426311271.2434,17.4812,1972335.2157,4.4177,0,0,127.6121,142051135,137.6121,99.1296,106884150,20330000.0000,13.6109,61670000.0000,12.3533,77349.0000,1.4500,9,23,150,55,75,93,2,43,11,204,54,114,154,9,3012,14,163,93,37,51,0.7353,0.3676,0.2029,0,402356384,0.2656,0.4604
2025-04-22,EASY,0.727,75.19,11,98489462.3548,19.7784,-2.2224,259055934.5699,19.0785,1927137.2041,3.1043,1,0,97.3529,52344376,107.3529,64.2857,55825661,16460000.0000,14.5797,45063476.0000,15.4502,74493.5000,1.7100,1,8,65,20,38,50,1,27,5,98,33,62,82,3,3021,9,86,46,18,26,0.6633,0.3878,0.3103,0,188859446,0.2956,0.5483
2025-04-23,SKILL,0.560,-13.19,25,136703733.3200,15.0721,-0.8941,766117975.3775,13.5279,3085172.4049,4.0106,2,0,55.2174,132904662,65.2174,59.8696,312577890,40510000.0000,12.8638,103725460.0000,11.7647,104049,2.1100,10,24,81,26,40,58,0,22,1,163,82,74,113,6,3054,20,123,83,26,40,0.4969,0.2454,0.4348,0,502883102,0.6216,0.7064
2025-04-24,EASY,0.875,0.51,32,105039883.6977,23.5106,-1.3226,365789518.2644,21.5817,4576492.2396,5.7958,3,0,221.6531,106450470,231.7797,134.1351,140298110,14370000.0000,14.5451,43605301.0000,14.6407,74027.5000,2.2250,9,14,75,26,33,48,4,27,7,96,21,57,76,6,3001,13,67,47,23,28,0.7812,0.3438,0.3333,0,439343255,0.3193,0.4390
2025-04-25,EASY,0.765,75.18,34,296367130.4087,20.2199,-3.4084,644098998.1379,17.9435,3787423.8810,5.4867,4,0,306.5563,109906776,316.5563,158.9404,161562711,36140000.0000,13.6225,102699557.0000,14.2382,92206.5000,2.3750,10,22,96,31,30,44,2,32,5,126,30,57,91,8,3013,15,86,60,22,37,0.7619,0.2381,0.3125,0,477215409,0.3386,0.6462
2025-04-28,TRAP,0.000,-112.69,10,146016319.4444,17.8090,-1.8324,659334818.7586,16.4308,2401794.6987,4.5164,0,0,130.6828,123256551,140.6828,110.3379,104493963,25355000.0000,13.2367,74149240.0000,13.2403,92857.0000,2.4150,13,22,100,29,41,65,2,31,4,156,56,83,123,6,3031,18,115,76,31,41,0.6410,0.2628,0.3600,0,374679973,0.2789,0.5029
2025-04-29,EASY,0.625,8.19,8,108136159.9840,18.5615,-4.4262,534318386.9360,16.2643,3552552.1818,3.5333,1,0,131.8531,186345220,141.8731,116.6992,138608025,22660000.0000,13.8853,56025666.0000,12.4170,60146.0000,1.9995,9,10,91,31,45,61,1,33,4,132,41,77,102,2,2990,13,111,51,26,29,0.6894,0.3409,0.2826,0,468936888,0.2956,0.5577
2025-04-30,EASY,0.615,7.00,13,116710918.3367,17.5836,-4.4761,356463055.9898,18.6252,2297626.3551,4.5138,2,0,53.7747,66861344,63.7831,89.0843,68320854,23790000.0000,14.6000,61284152.0000,14.4624,99578,2.4000,18,17,82,23,31,45,0,31,2,107,25,59,83,0,3034,7,72,53,21,23,0.7664,0.2897,0.2188,0,245846020,0.2779,0.4161
2025-05-01,TRAP,0.133,-67.59,15,114501439.3561,19.2280,-1.8712,519484399.4015,15.9105,2449094.8881,4.6059,3,0,90.5312,104549135,100.5312,70.6320,142781664,25885000.0000,14.7901,64911925.0000,12.5114,67675,2.3600,10,26,90,29,38,60,1,40,4,143,53,73,101,5,3008,14,102,55,25,30,0.6294,0.2657,0.3043,0,350220569,0.4077,0.6773
2025-05-02,TRAP,0.091,-99.45,11,95341826.9038,17.9142,0.3664,334559775.8571,17.0867,4637118.4673,4.8521,4,0,74.1023,136940540,84.1346,86.1188,157334816,19160000.0000,13.9750,51611818.0000,12.9344,87731,2.0400,7,16,58,23,37,53,0,21,4,107,49,70,88,4,3026,14,80,50,23,33,0.5421,0.3458,0.3590,0,496171676,0.3171,0.5181
2025-05-05,TRAP,0.000,-166.36,9,169635124.9750,18.1086,-4.1230,411351488.7358,15.6822,1869080.6848,4.2908,0,0,109.8075,93448806,119.8276,101.0101,104871455,30330000.0000,13.5000,104156796.0000,11.6379,60626,2.4300,14,26,109,35,43,63,1,35,5,165,56,77,132,4,3042,11,121,65,29,35,0.6606,0.2606,0.2200,0,308398313,0.3401,0.4928
2025-05-06,SKILL,0.429,-51.58,14,157276212.7447,17.9463,-4.6489,620910460.6229,14.2430,1010610.4025,5.4063,1,0,91.7924,68216563,101.8349,111.9174,66563880,51290000.0000,14.7671,156062905.0000,10.3953,86951,2.0500,21,40,133,47,62,81,1,52,5,241,108,98,165,9,3006,9,171,114,33,50,0.5519,0.2573,0.1552,0,243557107,0.2733,0.3465
2025-05-07,TRAP,0.045,-44.27,66,97737635.4384,25.2973,-1.6779,445110081.6324,23.1483,1949216.7177,4.6285,2,0,1318.3673,126105566,1328.3673,1320.6122,104818465,31560000.0000,14.1361,83201935.5000,13.1775,85974,2.2400,20,28,146,39,61,89,2,52,4,209,63,109,158,8,2998,20,153,99,30,44,0.6986,0.2919,0.3333,0,407386294,0.2573,0.5085
2025-05-08,EASY,0.700,44.74,10,98829172.4000,22.4520,-4.3607,471241964.4759,23.0816,2041185.5067,4.1083,3,0,217.8524,74698134,227.8689,165.6892,138800170,30760000.0000,14.6106,84328959.0000,16.0836,124505.5000,2.4950,10,29,122,38,43,61,5,35,6,150,28,75,115,2,3048,13,109,78,29,48,0.8133,0.2867,0.2407,0,306177826,0.4533,0.5234
2025-05-09,TRAP,0.186,-64.59,102,107255789.4526,18.8117,-3.7829,655679342.0895,17.1835,2761448.1300,4.7673,4,0,108.6002,181604911,118.6396,132.0680,85880561,41610000.0000,14.2734,132849752.0000,11.9902,118041.5000,2.6800,15,36,113,39,48,72,2,47,9,200,87,83,137,9,3013,15,140,109,45,62,0.5650,0.2400,0.2500,0,552289626,0.1555,0.2491
2025-05-12,EASY,0.730,-3.93,137,173786666.6561,21.1221,-2.1114,807591697.8095,19.7428,3178450.2670,4.8318,0,0,343.3898,246617348,353.3898,209.3220,138317318,29640000.0000,14.1483,86998096.0000,12.8291,110003.5000,2.5900,19,36,145,54,55,87,3,51,11,206,61,101,152,7,3121,14,144,106,41,62,0.7039,0.2670,0.2000,0,654760755,0.2112,0.3566
2025-05-13,TRAP,0.000,-133.49,10,83385026.1361,19.1926,-4.1120,368285872.7592,17.5672,2088575.2239,4.2830,1,865134,161.2919,127743353,171.2919,161.4833,63613357,20330000.0000,14.2857,72953650.0000,13.4462,120776,2.3800,17,37,138,48,58,95,2,53,5,201,63,108,161,4,3075,15,143,105,45,57,0.6866,0.2886,0.2174,147.6573,419803620,0.1515,0.2888
2025-05-14,TRAP,0.000,-92.15,12,75860305.3053,17.9511,-5.6533,365549857.4580,15.8721,2397039.6815,4.4567,2,0,244.9870,183954150,255.0000,117.5000,195056629,31734999.5000,13.6364,101276606.0000,11.3739,124274.0000,2.1550,23,36,191,62,78,100,1,55,10,270,79,129,216,8,3050,16,203,150,36,54,0.7074,0.2889,0.1975,0,647200714,0.3014,0.5457
2025-05-15,EASY,0.926,52.72,54,71024062.4813,20.0389,-5.1736,279338297.6313,19.7979,8099663.7235,4.1624,3,0,159.9834,365735145,170.0000,158.7413,500297554,17725000.0000,14.4428,52848057.0000,14.2324,108116.5000,1.9400,12,21,127,40,66,81,2,46,7,170,43,104,141,6,3025,12,131,86,35,43,0.7471,0.3882,0.2105,0,1376942833,0.3633,0.5475
2025-05-16,SKILL,0.528,1.99,89,45912884.6058,19.0936,-2.4268,172972237.5673,18.5143,6200867.7778,3.3131,4,0,92.4915,178962668,102.5316,126.6409,231255395,15695000.0000,13.9393,43269379.5000,13.6614,94617.5000,1.9850,5,9,68,19,43,57,1,28,5,108,40,66,91,2,3023,17,92,53,19,24,0.6296,0.3981,0.4474,0,669693720,0.3453,0.5227
2025-05-19,EASY,0.933,73.74,15,75136633.6436,18.7227,-1.8002,398650531.8812,19.9452,12499571.0095,4.5429,0,0,100.9453,248344669,110.9890,103.6667,842927327,10820000.0000,13.7880,52038762.0000,14.5583,126463,1.5000,6,11,78,31,47,55,1,25,3,105,27,61,84,2,3068,11,86,55,24,34,0.7429,0.4476,0.2500,0,1312454956,0.6423,0.8486
2025-05-20,MIXED,0.381,-28.89,21,96209491.5000,17.7294,-3.4448,345198376.0424,17.4356,5148498.6640,4.3122,1,0,69.5456,207574566,79.5580,108.5213,257039275,19900000.0000,13.6079,49342465.5000,12.9731,144617,2.3600,11,17,93,37,39,59,0,28,3,125,32,74,101,3,3031,8,94,66,28,40,0.7440,0.3120,0.1633,0,643562333,0.3994,0.6022
2025-05-21,EASY,0.891,30.14,128,138352259.5865,16.4193,-2.9417,596866862.8894,13.6091,5801917.5964,6.6627,2,0,79.3333,368192844,89.3333,100.3333,350996470,33294999.5000,13.1068,110509810.5000,9.9394,102547,2.6100,18,23,114,54,60,83,0,36,5,223,109,102,154,16,3026,22,166,113,48,65,0.5112,0.2691,0.2683,0,1293827624,0.2713,0.3919
2025-05-22,EASY,0.718,-16.70,71,89503425.8889,21.2958,-2.0528,282161667.5093,22.0365,4949282.5085,5.5415,3,0,78.8668,173494994,88.8668,87.9433,117781980,16599999.5000,15.7793,49587669.5000,15.5341,118877.5000,1.9000,10,16,87,37,40,58,0,37,8,118,31,68,96,10,3032,12,82,61,27,33,0.7373,0.3390,0.2449,0,584015336,0.2017,0.3418
2025-05-23,EASY,0.964,37.74,83,109720180.1351,20.0074,-0.1293,800974755.9730,19.9704,6581676.9839,6.0997,4,0,148.8017,268780892,158.8235,145.9893,244565828,28240000.0000,15.0472,64309447.0000,14.6433,123337.0000,3.0050,12,23,86,23,35,50,1,34,5,124,38,67,86,8,3053,26,81,66,34,41,0.6935,0.2823,0.4815,0,816127946,0.2997,0.4877
2025-05-27,SKILL,0.567,-26.65,30,124812060.5758,20.0071,-3.7108,486248082.7394,18.3312,1805809.8736,5.2604,1,0,171.4815,114398422,181.4815,130.5432,45481479,35820000.0000,14.2933,83442716.0000,13.2542,139428.0000,2.3350,12,26,115,46,44,65,3,43,7,174,59,89,132,10,3104,18,126,97,35,50,0.6609,0.2529,0.2647,0,314210918,0.1447,0.2518
2025-05-28,EASY,0.667,2.04,30,150813311.6753,18.2592,-2.6554,444127392.7419,16.8077,2589041.9756,5.4425,2,0,99.5238,144868172,109.5238,93.4524,68706871,29010000.0000,13.8230,79427652.0000,12.4404,122185.5000,2.7900,16,24,97,49,43,62,1,40,3,164,67,87,121,10,3092,16,114,88,37,49,0.5915,0.2622,0.2388,0,424602884,0.1618,0.3066
2025-05-29,TRAP,0.136,-116.94,22,137828202.2079,18.8651,-2.4807,7746894018.8715,16.6419,8384904.1168,6.1716,3,0,97.6923,339463814,107.6923,116.3880,1102619805,30190000.0000,14.1227,65570998.0000,12.5860,176312,2.9700,26,31,146,67,49,74,2,51,7,197,51,100,135,11,3057,21,129,113,57,69,0.7411,0.2487,0.2283,0,1651826111,0.6675,0.7111
2025-05-30,EASY,0.892,75.04,74,119103181.8106,18.6312,-2.2169,417539591.3030,19.3796,3233677.8889,4.5836,4,0,78.0000,117024540,88.0000,117.8423,164360976,21455000.0000,13.8614,62135757.5000,13.6986,158245,2.1100,6,22,100,37,45,65,0,34,6,135,35,77,114,5,3074,19,102,76,32,38,0.7407,0.3333,0.3167,0,436546515,0.3765,0.4682
2025-06-02,EASY,0.667,11.89,12,115658040.4932,21.1502,-2.9191,458270527.2752,21.6021,2222489.1538,4.6340,0,24855,444.5622,111628801,454.5977,418.1034,82929775,27910000.0000,13.5744,56747499.0000,14.3584,197152.5000,2.4525,10,21,119,48,50,65,3,36,5,156,37,82,113,7,3107,21,118,94,39,58,0.7628,0.3205,0.2917,4491.2010,346708308,0.2392,0.3767
2025-06-03,EASY,0.939,36.56,99,93244333.3000,21.8413,-3.8667,441971210.5620,20.7299,2999784.6016,6.7564,1,0,139.3407,119983718,149.3407,156.3369,44166486,17515000.0000,15.0542,52047625.0000,14.1652,150561.0000,2.4700,11,17,81,41,43,61,2,38,6,128,47,77,101,11,3059,18,89,75,36,45,0.6328,0.3359,0.2903,0,383972429,0.1150,0.2105
2025-06-04,MIXED,0.321,-52.96,56,65519666.6556,20.3879,-2.9670,374609052.7556,20.3128,6278857.1443,5.2456,2,0,51.3433,176025158,61.4754,88.5207,345309205,20760000.0000,17.2273,50421269.0000,14.6953,116460,2.7900,7,16,66,28,38,44,0,35,4,97,31,56,78,5,3060,11,69,52,24,30,0.6804,0.3918,0.2821,0,609049143,0.5670,0.6528
2025-06-05,SKILL,0.556,28.68,18,213226440.6667,19.8868,-1.9189,485204429.0506,16.6582,3387479.7044,7.0328,3,0,174.6614,229365642,184.6614,159.5509,198285242,26500000.0000,14.3710,69702992.5000,11.6366,195426,2.8400,23,35,116,70,62,84,3,50,7,203,87,104,147,14,3037,25,131,132,43,65,0.5714,0.3054,0.2525,0,687658380,0.2883,0.4112
2025-06-06,TRAP,0.094,-4.58,127,57742289.1566,20.0496,1.9100,435469384.9518,20.3246,1441796.9535,4.7218,4,0,76.4025,42266552,86.4865,88.8853,22025988,19920000.0000,14.4776,46543312.0000,14.4595,185957.0000,2.5900,4,16,52,22,33,42,0,26,5,86,34,55,69,4,3064,13,62,51,26,31,0.6047,0.3837,0.3421,0,123994538,0.1776,0.2904
2025-06-09,EASY,0.885,-1.09,96,252272602.7123,18.4372,-3.3103,635081998.0342,18.5991,1511617.8146,6.7877,0,0,119.0655,71668178,129.0870,142.1304,24362294,37610000.0000,13.6364,103316736.5000,13.2692,201488,3.0600,9,26,109,45,39,59,1,43,5,151,42,72,112,14,3099,20,102,95,35,52,0.7219,0.2583,0.2899,0,228254290,0.1067,0.2048
2025-06-10,EASY,0.893,45.66,28,291626089.7115,17.9116,0.5623,633963853.1529,17.2300,9509196.6687,6.1772,1,0,73.9286,527966492,83.9286,85.6250,1165507520,29850000.0000,13.5601,78580000.0000,13.5031,182465.0000,2.9692,16,29,107,51,46,64,0,40,5,166,59,87,125,10,3064,28,111,100,39,62,0.6446,0.2771,0.3294,0,1578526647,0.7384,0.7977
2025-06-11,EASY,0.896,12.51,77,115793710.6667,18.7847,-3.7752,337708776.0875,18.8995,8969612.2545,5.5280,2,0,108.0569,350080879,118.0875,117.7387,631207279,32409999.0000,13.8743,81386183.5000,13.6777,197990,2.8700,14,26,103,52,49,66,2,36,5,165,62,87,132,7,3053,22,118,101,38,53,0.6242,0.2970,0.2857,0,1479986022,0.4265,0.6106
2025-06-12,TRAP,0.100,-70.33,60,113646293.6993,18.5070,-1.0124,389497261.1389,18.8209,21962897.2961,4.8788,3,0,122.8327,758127850,132.9451,147.6705,2832644741,16550000.0000,14.1768,55113665.5000,13.6320,163709.0000,2.1800,14,21,98,34,52,76,1,35,4,152,54,91,121,7,3061,25,110,87,33,49,0.6447,0.3421,0.3906,0,3338360389,0.8485,0.8765
2025-06-13,EASY,0.909,20.73,110,241062616.2616,18.7483,-2.3945,436542588.4593,16.8010,3174120.5843,3.9579,4,0,274.7072,159162449,284.7160,238.1576,265434115,20610000.0000,13.5398,54320495.0000,12.0480,107009.0000,2.5200,13,25,126,45,65,86,1,40,6,178,52,109,151,3,3064,17,137,91,34,48,0.7079,0.3652,0.2656,0,564993464,0.4698,0.5425
2025-06-16,EASY,0.847,31.77,59,54393599.9733,24.2769,-5.3401,263271258.7400,24.3445,5452579.8750,3.9434,0,0,258.2759,214138599,268.2759,254.8276,461577720,16725000.0000,15.7150,39910992.0000,15.8104,137700.0000,2.3450,10,24,110,59,58,80,4,51,12,152,42,102,136,3,3117,22,115,84,38,46,0.7237,0.3816,0.2651,0,828792141,0.5569,0.6476
2025-06-17,EASY,1.000,89.40,18,107995999.9854,20.3659,-3.3508,396250256.4732,17.8331,4128752.0330,4.7202,1,0,208.3902,279517062,218.3902,219.3462,323446213,23970000.0000,13.6058,71012230.0000,11.3452,98714.5000,2.2850,22,33,130,62,61,88,4,48,8,212,82,117,171,9,3076,16,148,104,43,56,0.6132,0.2877,0.1839,0,875295431,0.3695,0.5798
2025-06-18,TRAP,0.235,-67.84,17,74678014.6838,21.1462,-1.3699,236722163.8394,20.8778,2381765.9000,4.1169,2,0,76.0927,107331329,86.1598,129.2904,59954251,19445000.0000,14.9525,57622308.0000,14.0451,148413.0000,2.2350,13,20,88,39,52,69,0,44,7,140,52,87,121,2,3057,25,105,81,42,48,0.6286,0.3714,0.3623,0,333447226,0.1798,0.2615
2025-06-20,EASY,0.667,-15.74,99,95788920.1502,19.7447,-3.8379,311482445.2160,17.2142,2148279.8711,4.9072,4,0,157.9433,170437470,167.9433,122.7341,140458135,23900000.0000,14.1802,54994055.0000,10.9804,119661,2.5600,16,38,133,63,76,100,3,57,12,225,92,134,183,10,3099,23,161,119,49,67,0.5911,0.3378,0.2584,0,483362971,0.2906,0.4175
2025-06-23,EASY,0.778,-1.79,117,213437589.2723,20.3844,-1.5446,447394605.4196,18.3042,3303201.6780,4.9335,0,0,163.4345,278639708,173.4345,152.0557,231092416,26010000.0000,14.2824,54254033.5000,13.1029,127748.0000,2.4950,27,43,143,68,73,100,2,74,12,236,93,141,193,7,3130,26,159,129,54,68,0.6059,0.3093,0.2500,0,779555596,0.2964,0.4631
2025-06-24,EASY,0.929,16.55,85,57459732.1161,20.1796,-1.2923,212967347.9292,20.4089,2271452.4068,5.1208,1,0,123.9394,82941980,133.9394,126.1279,82471650,15320000.0000,15.2592,53459017.0000,15.6530,158238.5000,2.8875,10,26,92,35,43,62,2,34,4,118,26,76,101,5,3099,18,77,68,27,36,0.7797,0.3644,0.3273,0,268031384,0.3077,0.4519
2025-06-25,SKILL,0.429,-53.32,14,159353729.7135,20.4924,-4.5603,572143065.2097,18.3088,4052919.0980,6.1711,2,0,109.2913,320218128,119.2913,121.8112,107462182,25730000.0000,14.5699,75315504.0000,12.5494,178085.0000,3.0100,25,42,152,80,59,81,3,55,10,204,52,104,153,13,3087,12,124,119,52,69,0.7451,0.2892,0.1237,0,826795496,0.1300,0.2562
2025-06-26,SKILL,0.414,15.28,29,104441880.3162,23.6286,-3.6804,243003474.7521,24.4061,5787497.7250,4.1711,3,0,231.4941,175592047,241.6807,251.0924,154616363,21450000.0000,15.1420,48548595.0000,14.8090,152792.5000,2.3650,10,23,77,41,46,58,2,40,11,120,43,74,101,3,3093,14,84,67,26,36,0.6417,0.3833,0.2500,0,694499727,0.2226,0.4266
2025-06-27,EASY,0.949,48.89,158,100089384.6000,19.9472,-3.0348,352568088.6615,16.2576,3045167.6618,6.2711,4,0,203.4026,171949794,213.4586,166.6917,222487052,31100000.0000,14.1667,82811401.0000,11.5629,127276,2.1900,19,31,111,60,53,77,4,49,9,207,96,104,165,10,3092,20,147,118,40,53,0.5362,0.2560,0.2353,0,630349706,0.3530,0.4947
2025-06-30,SKILL,0.481,19.42,135,92437639.7267,20.8366,-4.4060,230614134.9379,20.3596,2355570.0606,4.5999,0,0,115.0907,106415139,125.1420,142.2555,99211959,23010000.0000,13.7361,53215465.0000,12.6056,115904,2.6800,17,25,123,45,49,74,2,42,10,165,42,98,142,4,3152,19,119,92,29,47,0.7455,0.2970,0.2879,0,388669060,0.2553,0.3614
2025-07-01,EASY,0.830,104.24,153,124684173.2205,27.9864,-2.6335,516330634.0156,26.0926,5175859.6806,7.4237,1,0,738.6291,321017246,748.6600,362.6600,240955024,35310000.0000,14.2561,77599454.0000,14.2587,202398.0000,3.2400,18,32,110,48,36,49,3,48,13,144,34,71,101,11,3121,21,83,91,39,52,0.7639,0.2500,0.2877,0,745323794,0.3233,0.4776
2025-07-02,SKILL,0.560,-36.10,75,89136860.4535,24.4830,-3.7391,263662682.8721,28.4526,7341317.8222,4.4442,2,0,347.2448,154959951,357.3345,316.2791,174587999,15625000.0000,17.8314,31580267.0000,19.4134,157915.0000,2.6500,8,18,70,23,34,51,1,36,4,90,20,63,75,2,3095,16,62,51,25,31,0.7778,0.3778,0.3902,0,660718604,0.2642,0.5250
2025-07-03,EASY,0.605,13.44,38,65031397.8495,26.1761,-4.3060,186528154.5699,28.1521,8656876.5312,5.7498,3,0,405.0667,94901012,415.0895,393.8619,506301237,17160000.0000,15.2692,52345107.0000,17.4457,170394.0000,3.2650,14,19,78,30,34,52,2,35,6,96,18,62,83,1,3123,14,62,56,26,32,0.8125,0.3542,0.3043,0,831060147,0.6092,0.6761
2025-07-07,EASY,0.824,26.65,17,89072732.9130,21.6149,-4.3216,387241005.1677,19.6060,2954633.9713,5.9668,0,0,698.4208,156877047,708.4351,457.7857,146983957,24860000.0000,13.2698,64252852.0000,11.9183,110441.0000,3.2050,18,38,131,53,48,74,4,32,6,174,43,92,140,7,3157,8,111,89,29,36,0.7529,0.2759,0.1231,0,514106311,0.2859,0.5431
2025-07-08,EASY,0.904,46.24,94,113453589.7350,22.5805,-3.2653,231179660.2906,23.0785,5823679.8425,7.5239,1,0,181.2027,238263158,191.2027,190.7572,145616342,23670000.0000,14.9223,68136529.0000,14.2857,267052,3.1700,10,23,98,37,35,55,3,40,9,127,29,67,103,12,3107,22,82,81,33,48,0.7717,0.2756,0.3492,0,739607340,0.1969,0.3434
2025-07-09,SKILL,0.562,-13.63,16,86071785.6964,21.1867,-4.1777,236916873.6696,22.9865,5447023.8908,4.3972,2,0,66.8881,206647680,76.9411,105.0000,112285037,19695000.0000,16.0023,63056431.5000,17.7016,278493,2.6000,4,21,90,43,41,57,0,40,6,119,29,72,97,5,3110,20,89,76,40,51,0.7563,0.3445,0.3077,0,648195843,0.1732,0.3440
2025-07-10,EASY,0.923,20.15,91,331996199.9700,25.2993,-3.9205,188905981.4700,21.4877,12975650.3241,5.7951,3,0,403.2509,349484192,413.2509,129.1352,575397492,23255000.0000,15.3471,58927799.5000,15.1772,136193.5000,3.8309,7,26,73,31,30,44,2,35,10,108,35,64,91,8,3119,16,67,63,21,31,0.6759,0.2778,0.3200,0,1401370235,0.4106,0.6414
2025-07-11,EASY,0.765,34.30,17,181201687.4750,18.4199,-1.5280,325119006.4688,18.2247,3483801.3412,6.4017,4,0,96.7989,165558600,106.7989,103.6827,101197770,19045000.0000,13.0393,56374643.0000,11.5004,157739.5000,3.5750,14,35,105,55,56,81,1,43,4,170,65,104,139,13,3107,22,108,97,37,55,0.6176,0.3294,0.2500,0,592246228,0.1709,0.2886
2025-07-14,TRAP,0.117,-54.59,94,86653571.4156,30.0834,-3.8788,291633325.0581,28.4232,4761867.5062,4.9029,0,0,942.6316,223569298,952.6316,716.3158,184525781,16360000.0000,14.7090,44952074.0000,13.8125,170385.5000,3.0750,17,19,105,46,61,85,7,49,13,160,55,107,135,5,3162,20,119,95,41,54,0.6562,0.3812,0.2667,0,761898801,0.2422,0.3128
2025-07-15,EASY,0.940,63.55,84,106177333.3282,21.7137,-4.1111,1899956028.9184,18.5065,1974696.2736,4.7846,1,0,351.6367,130955594,361.7284,138.6010,71939021,26500000.0000,14.0312,64438414.5000,11.7925,161116,2.8400,18,36,130,57,67,88,2,57,6,201,71,110,170,7,3149,26,140,114,50,65,0.6468,0.3333,0.2989,0,396913951,0.1812,0.3543
2025-07-16,MIXED,0.353,-99.16,17,82789523.7810,21.8394,-4.5181,215983365.2830,23.2569,2152844.1091,4.7449,2,0,90.9541,55663957,101.0178,105.8307,40939786,19910000.0000,13.6962,52273981.5000,16.4413,251696.0000,2.7700,14,16,82,33,39,53,1,35,10,110,28,73,94,3,3124,16,77,75,28,33,0.7455,0.3545,0.3019,0,236812852,0.1729,0.3310
2025-07-17,EASY,0.939,59.25,33,164826451.6048,22.4753,-6.0290,298918873.7724,23.2128,8708600.3984,5.8504,3,0,162.9377,323106149,173.0217,186.1638,443226047,24275000.0000,14.5797,74847402.0000,15.7748,256048.5000,3.0800,14,17,95,49,39,55,3,37,9,128,33,72,105,9,3135,13,88,77,40,54,0.7422,0.3047,0.2031,0,1114700851,0.3976,0.6027
2025-07-18,EASY,0.676,-7.90,34,63258888.8783,18.9600,-3.8298,305953909.4474,16.2239,2924746.6875,6.7013,4,0,229.3948,190908126,239.4366,142.8571,192249122,20970000.0000,14.1561,60675435.5000,11.4906,167452.0000,3.2550,23,40,120,64,66,93,2,43,5,208,88,116,164,16,3135,24,129,122,46,70,0.5769,0.3173,0.2609,0,608347311,0.3160,0.3999
2025-07-21,TRAP,0.200,-73.68,15,156797533.6143,19.1183,-1.4077,588608717.6696,15.5862,4962723.8683,7.9095,0,0,173.1818,344736257,183.1818,144.4444,234492217,35510000.0000,14.1909,108428140.0000,11.3689,256003,4.0300,34,57,109,77,56,83,2,65,7,243,134,108,167,21,3175,46,131,158,71,96,0.4486,0.2305,0.3433,0,1205941900,0.1944,0.3351
2025-07-22,MIXED,0.368,-32.90,19,79229444.4444,21.8494,-4.5590,247141462.8440,25.9534,10455223.0420,6.1015,1,46526,116.6766,390866794,126.6766,160.5067,412022610,9055000.0000,15.4930,33561003.0000,19.0083,212117,2.8800,12,21,101,48,55,69,2,41,5,119,18,77,96,7,3143,11,79,75,37,46,0.8487,0.4622,0.1774,8401.0401,1244171542,0.3312,0.5678
2025-07-23,SKILL,0.455,-38.77,11,100096517.8125,20.7151,-1.2998,738925307.2613,20.5242,8371903.7120,6.4382,2,0,132.2612,261611565,142.3529,123.8873,322758667,15715000.0000,15.3558,53382500.0000,16.5399,319773,2.9500,13,20,89,44,42,59,2,42,3,125,36,69,93,10,3142,23,82,85,38,57,0.7120,0.3360,0.3151,0,1046487964,0.3084,0.4713
2025-07-24,SKILL,0.462,-34.26,13,111303448.2471,16.4087,-2.8375,542082303.7069,14.4848,10838386.4862,5.8285,3,0,70.2838,1070524219,80.3090,125.6849,1271133901,33164999.5000,13.8211,93753035.0000,11.7907,206785,3.2967,30,29,108,57,46,68,0,28,4,181,73,89,134,7,3117,24,115,115,47,70,0.5967,0.2541,0.2857,0,1961747954,0.6480,0.7648
2025-07-25,TRAP,0.058,-45.42,69,101015928.5643,16.1324,-3.2531,200958656.4000,16.3387,9561257.6690,4.2837,4,0,88.6568,294113764,98.6667,124.3633,1160648311,21485000.0000,13.4811,44777865.5000,12.5903,108473.5000,2.5850,16,23,98,42,47,67,0,26,2,142,44,90,128,2,3123,12,101,72,30,43,0.6901,0.3310,0.2069,0,1357698589,0.8549,0.8767
2025-07-28,SKILL,0.417,-11.79,24,214028622.4388,19.6871,-3.2368,436345551.7602,18.1537,6650873.3671,5.9925,0,0,377.4641,500924641,387.5000,369.4444,469689201,25320000.0000,13.5708,63985856.5000,12.4580,202655,3.0501,20,40,149,73,62,85,2,48,6,207,58,117,168,12,3185,24,135,124,47,75,0.7198,0.2995,0.2400,0,1376730787,0.3412,0.5813
2025-07-29,SKILL,0.500,6.06,12,112042885.2197,17.6646,-5.5801,957455795.4267,14.9355,3023666.7620,6.1055,1,0,202.5000,307640802,212.5000,190.6250,197787849,32369999.0000,13.8288,99960525.0000,10.7323,150625.5000,2.9550,33,60,223,92,84,120,1,68,7,332,109,154,252,24,3160,17,215,183,72,99,0.6717,0.2530,0.1518,0,1003857365,0.1970,0.3109
2025-07-30,SKILL,0.500,-23.19,20,94368520.3776,19.1027,-0.5031,275426058.9340,18.3050,3199810.0813,5.5965,2,0,120.6923,189013946,130.6923,138.3846,296941139,22675000.0000,13.7711,66732926.0000,12.4748,112748,2.7300,20,37,139,48,61,92,2,53,9,209,70,116,169,14,3127,25,138,109,31,47,0.6651,0.2919,0.3378,0,668760307,0.4440,0.5892
2025-07-31,SKILL,0.476,5.93,21,215304953.2383,16.9073,-2.4955,448218921.6869,13.4439,2508367.0664,6.4580,3,0,92.1869,173310031,102.1869,91.4062,235944625,21620000.0000,13.6364,64025777.5000,10.4891,92416,2.7250,24,32,118,53,69,103,1,44,3,241,123,128,188,19,3140,21,166,119,37,58,0.4896,0.2863,0.2442,0,604516463,0.3903,0.4886
2025-08-01,TRAP,0.294,1.76,34,103424135.7901,19.3066,-5.0810,429129335.2733,19.2365,1810145.8444,7.2200,4,0,145.6391,107887573,155.6391,164.6617,72954043,28000000.0000,13.7705,71194566.0000,14.3254,129501.5000,3.4500,13,32,126,50,49,69,2,41,11,180,54,92,132,19,3182,9,116,100,32,53,0.7000,0.2722,0.1406,0,325826252,0.2239,0.3614
2025-08-04,SKILL,0.579,44.31,19,92413025.2101,20.2568,0.0899,199723238.4083,21.1441,2091311.0325,4.5074,0,0,93.6364,79069601,103.6364,136.7273,56419814,13030000.0000,14.8410,40511549.0000,16.6178,122232,3.1200,8,32,82,29,45,68,1,33,5,123,41,82,107,2,3182,15,81,65,25,32,0.6667,0.3659,0.3061,0,257231257,0.2193,0.3817
2025-08-05,EASY,0.700,9.64,40,98107348.4621,19.2693,-2.9801,559413274.3008,19.2453,2104118.7622,7.0134,1,0,100.3110,105922080,110.3825,124.0356,45137601,24500000.0000,14.9931,83473618.0000,14.2536,170716,3.8700,14,34,101,42,43,64,2,36,6,143,42,73,104,12,3132,19,83,83,30,44,0.7063,0.3007,0.3065,0,300888983,0.1500,0.2973
2025-08-06,EASY,0.826,87.65,23,90107423.8556,18.9978,-5.7770,481791550.4611,19.1034,3184022.9839,6.1392,2,0,138.7339,156362591,148.7562,97.7587,101681727,27455000.0000,14.6157,91054484.0000,14.6751,244418.5000,3.2600,22,27,160,70,54,81,1,52,3,186,26,91,135,12,3154,17,125,121,51,71,0.8602,0.2903,0.1868,0,592228275,0.1717,0.3130
2025-08-07,SKILL,0.471,-25.01,17,93488230.4444,17.1394,-2.3784,643824868.4504,14.9135,2033104.0814,6.1702,3,0,109.6151,201527448,119.6237,104.7359,80675960,37390000.0000,13.6533,116238601.0000,11.8369,116487.0000,3.6800,41,51,154,63,51,82,2,52,4,258,104,113,186,11,3185,26,155,134,50,67,0.5969,0.1977,0.2796,0,524540853,0.1538,0.2998
2025-08-08,TRAP,0.162,-47.48,74,122096632.6378,17.1756,-3.5583,637075517.8776,15.5888,2011603.8756,6.2840,4,0,54.6667,128374491,64.6667,62.0000,61811197,41600000.0000,13.8498,121056537.0000,12.1851,176280,3.6800,25,43,133,60,41,73,0,49,3,209,76,91,151,13,3140,26,128,130,49,67,0.6364,0.1962,0.2921,0,420425210,0.1470,0.2856
2025-08-11,EASY,0.745,13.70,51,93381874.9792,17.4305,-2.8365,365012337.0104,15.8530,3394685.3251,6.0189,0,646172,193.6234,183980185,203.6364,202.1227,200932716,30135000.0000,13.3333,85784933.5000,11.2050,139090,3.3600,20,39,139,44,53,81,2,33,3,203,64,103,161,12,3185,26,132,112,37,51,0.6847,0.2611,0.3377,284.7232,689121121,0.2916,0.4896
2025-08-12,EASY,0.917,53.89,24,131739158.8785,16.6562,-4.4369,352740686.7358,16.4324,3772993.3136,5.6376,1,0,51.3225,152025161,61.4764,67.2818,144204157,31290000.0000,13.5805,100392112.5000,14.8315,153614.0000,2.5300,9,19,85,31,31,42,0,25,1,118,33,53,90,8,3145,7,82,68,28,37,0.7203,0.2627,0.1667,0,445213211,0.3239,0.4554
2025-08-13,EASY,0.765,-5.23,51,76353162.3846,18.3292,-3.1864,258666939.5385,16.6421,3401124.0963,8.2573,2,0,82.3985,120639366,92.4761,81.2081,180161234,18700000.0000,14.0962,66732926.0000,13.7095,147028,3.7000,18,29,92,36,39,60,0,28,4,135,43,75,105,11,3177,16,77,76,32,44,0.6815,0.2889,0.2909,0,459151753,0.3924,0.4926
2025-08-14,EASY,0.926,80.21,135,64895140.8239,18.6520,-1.7502,507778240.2887,18.5917,1897309.3567,7.9003,3,0,60.6880,84659753,70.6965,82.9222,74546438,17910000.0000,14.1304,52273981.5000,15.4185,145977,3.5600,10,35,118,45,47,74,0,46,4,157,39,93,125,16,3157,31,96,85,29,48,0.7516,0.2994,0.3875,0,297877569,0.2503,0.3594
2025-08-15,EASY,0.600,2.49,10,247091818.1758,23.4831,-4.4504,505734327.5482,19.2730,3252690.1966,6.9990,4,0,702.0000,154840924,712.0000,217.0000,164955710,25730000.0000,14.3278,72915671.5000,13.8161,123312.5000,3.5500,16,39,129,61,46,72,3,43,8,178,49,95,144,12,3136,15,111,96,38,57,0.7247,0.2584,0.1923,0,578978855,0.2849,0.4044
2025-08-18,EASY,0.622,-32.54,45,91678923.0615,18.0401,-3.5427,290046714.4385,17.8632,3718863.2741,4.9296,0,0,93.9457,174479299,104.0000,107.3864,287405243,26915000.0000,14.0277,54497235.5000,13.6929,120470,3.1600,9,24,90,41,40,55,1,28,4,135,45,78,119,5,3187,13,97,75,24,41,0.6667,0.2963,0.2241,0,502046542,0.5725,0.6760
2025-08-19,EASY,0.841,62.22,82,104677555.5244,15.6194,-5.0428,24876365997.9598,11.1973,2087679.2575,7.8244,1,0,75.6101,168375979,85.6287,111.7764,156703312,28840000.0000,13.4124,77025381.5000,9.5666,120591.0000,3.6000,34,43,141,76,65,90,0,46,3,268,127,126,185,24,3160,12,167,138,48,72,0.5261,0.2425,0.1333,0,559498041,0.2801,0.4838
2025-08-20,MIXED,0.333,-35.60,12,344060574.6782,15.9879,-4.8777,341502977.6136,16.8744,2566389.0543,3.0363,2,0,39.6778,61935561,49.7656,63.1453,87052475,17160000.0000,13.6551,31072188.0000,14.9361,81658.0000,2.1025,1,6,80,24,36,47,0,11,0,92,12,62,77,2,3165,6,83,43,13,20,0.8696,0.3913,0.1818,0,236107793,0.3687,0.5616
2025-08-21,TRAP,0.056,-114.97,18,124755903.6024,16.2875,-2.8452,175560435.4940,15.3703,1484209.5385,4.5753,3,0,36.5517,39036122,46.5517,47.3684,39099310,17190000.0000,12.6043,48548595.0000,11.6071,90957,2.6300,3,24,59,22,29,46,0,16,0,91,32,55,77,3,3119,12,61,44,14,20,0.6484,0.3187,0.3243,0,135063068,0.2895,0.4790
2025-08-22,SKILL,0.429,-20.96,21,133236666.6667,20.4949,-0.7669,337470233.1905,21.2568,10623621.5192,4.5886,4,0,71.2372,212343379,81.6667,79.1026,127224792,11970000.0000,13.4553,42569350.0000,15.4016,156513.5000,2.4246,4,15,40,10,18,27,0,14,4,52,12,32,38,1,3136,6,32,28,17,19,0.7692,0.3462,0.3158,0,552428319,0.2303,0.4112
2025-08-25,EASY,0.700,23.58,20,117538947.3596,16.7236,-1.5275,11507167247.6087,15.1518,3160927.8760,6.7082,0,0,57.4630,118898470,67.5676,51.5942,176861769,28625000.0000,13.8462,63989264.0000,12.4031,87960,3.4700,9,27,68,26,31,44,0,24,1,129,61,72,102,10,3193,17,83,59,24,30,0.5271,0.2403,0.3617,0,407759696,0.4337,0.5831
2025-08-26,EASY,0.820,-2.43,100,438343699.9800,18.3462,-2.7210,355769106.0800,16.5571,4285077.8667,5.5440,1,0,100.1789,134573838,110.1789,86.7534,151485746,23625000.0000,13.6767,51839566.0000,13.2492,103433,3.0500,13,15,67,28,25,42,1,19,4,105,38,71,86,5,3134,15,72,55,25,31,0.6381,0.2381,0.3261,0,449933176,0.3367,0.4882
2025-08-27,SKILL,0.400,54.55,15,82678811.8614,18.1908,2.3635,223482879.0792,15.9955,4025276.2593,6.2574,2,0,134.7419,126955147,144.7619,136.1702,86843370,23670000.0000,13.8029,65229350.0000,12.0888,109893.0000,2.7950,6,14,69,27,27,46,1,20,4,108,39,63,91,7,3139,13,81,56,27,30,0.6389,0.2500,0.3023,0,434729836,0.1998,0.3751
2025-08-28,MIXED,0.350,-56.80,20,57822692.2436,20.2756,-2.6986,292586713.0897,19.9979,2849991.3500,4.4710,3,0,62.5500,54130160,72.5500,83.9590,68345075,20845000.0000,15.0904,46376573.0000,13.3015,183042.0000,2.2950,6,13,55,25,30,37,0,23,5,80,25,50,72,2,3155,7,59,47,22,25,0.6875,0.3750,0.2000,0,227999308,0.2998,0.4338
2025-08-29,EASY,0.880,39.18,92,112277586.1609,16.1907,-5.3781,330960931.5057,16.2162,3826642.3069,6.7642,4,0,39.9773,127608603,50.1251,68.8000,139846335,25350000.0000,13.6800,53289269.0000,13.6364,166546,3.4700,16,19,83,45,29,40,0,22,1,101,18,54,70,7,3128,3,59,58,26,36,0.8218,0.2871,0.0600,0,386490873,0.3618,0.4974
2025-09-02,EASY,0.978,39.84,93,108713559.3136,18.1191,-0.4185,185152551.2119,17.0662,1624051.4609,5.4216,1,0,188.3051,55162384,198.3051,161.0169,30406526,16599999.5000,13.5562,45830628.5000,12.9981,102531.0000,3.3700,13,26,88,26,42,66,1,30,2,128,40,82,106,6,3229,18,83,65,24,34,0.6875,0.3281,0.3673,0,207878587,0.1463,0.2815
2025-09-03,SKILL,0.418,-0.69,67,258163999.9630,20.0039,-1.3369,462898319.5111,18.8675,2906432.9211,6.1881,2,0,128.4644,127785353,138.4867,171.6155,97558518,20810000.0000,13.4597,49704455.0000,11.0077,127417.0000,3.3582,13,35,83,42,45,67,3,36,5,152,69,84,115,8,3163,17,96,86,35,47,0.5461,0.2961,0.2698,0,441777804,0.2208,0.3878
2025-09-04,TRAP,0.103,-129.31,39,107017191.7534,20.1362,-4.9149,342038180.5548,19.8070,2360817.5686,4.8315,3,0,75.2550,111272416,85.2609,107.3230,100187805,15585000.0000,14.9828,33760806.5000,14.6739,125081,2.8400,16,26,110,48,60,76,0,45,8,153,43,103,128,4,3155,10,107,89,37,46,0.7190,0.3922,0.1515,0,361205088,0.2774,0.4771
2025-09-05,EASY,0.910,152.00,67,57050392.1275,19.0038,-3.4700,487847843.0294,17.7286,1971930.3945,5.3251,4,0,81.6167,90678618,91.6192,99.2195,58073049,12755000.0000,13.8095,33117987.0000,13.3333,171391,2.3800,6,17,79,39,43,62,0,30,4,109,30,76,94,7,3177,13,79,66,27,39,0.7248,0.3945,0.2500,0,214940413,0.2702,0.5372
2025-09-08,EASY,0.794,115.50,107,98791968.4882,23.0313,0.3782,53551749181.8740,23.6381,4844218.7803,5.9141,0,0,376.4498,191724488,386.4865,400.2703,142930306,30380000.0000,15.5713,68614176.0000,14.7130,151255.5000,3.3200,10,24,94,43,34,53,1,45,7,132,38,74,113,8,3205,18,90,78,25,36,0.7121,0.2576,0.2857,0,639436879,0.2235,0.4102
2025-09-09,TRAP,0.078,-17.00,90,271060319.9920,26.6555,-3.9645,497746207.9120,29.3266,3462010.5736,4.8865,1,0,505.3677,108076925,515.3677,546.5423,74181317,21870000.0000,15.1079,49106359.0000,16.7785,256071,2.7900,8,23,107,43,42,58,5,43,9,129,22,84,106,5,3193,19,93,82,36,46,0.8295,0.3256,0.2923,0,446599364,0.1661,0.3153
2025-09-10,SKILL,0.597,-14.45,72,212930338.9435,23.2040,-2.7340,373505296.2034,21.8575,1993879.3874,6.0412,2,0,252.9032,108112769,262.9032,209.5609,67184796,19920000.0000,14.8694,46595526.0000,13.9037,157688,3.3400,24,33,127,73,67,89,4,60,12,191,64,114,150,11,3192,24,123,116,41,55,0.6649,0.3508,0.2308,0,380830963,0.1764,0.3134
2025-09-11,TRAP,0.120,-55.22,25,67329385.9561,36.8367,-3.2805,192664956.2018,39.9164,3543980.5750,5.6281,3,0,488.3773,78296561,498.3773,503.6511,144420541,13410000.0000,17.1006,34751897.5000,17.9147,190298.5000,3.1050,10,26,88,38,49,69,7,49,20,120,32,86,106,5,3184,24,79,71,30,46,0.7333,0.4083,0.3810,0,425277669,0.3396,0.4688
2025-09-12,MIXED,0.333,-23.20,18,268445378.1261,18.8439,-3.0662,354387963.7731,19.0245,2489074.5414,6.6452,4,0,85.7830,99378473,95.8472,96.1794,146826817,29000000.0000,14.3302,62810000.0000,14.3640,187787,3.4800,12,29,96,44,31,50,0,35,3,133,37,76,103,9,3194,25,83,84,27,43,0.7218,0.2331,0.3472,0,331046914,0.4435,0.5910
2025-09-15,TRAP,0.091,-4.52,154,192556551.7069,22.4138,-5.8485,246840628.6149,21.5616,2970146.1576,5.9147,0,0,225.3768,165079194,235.4015,232.1168,118295573,21915000.0000,14.2559,56308181.5000,13.4046,99869.0000,3.1800,15,40,131,62,54,85,5,51,10,184,53,113,157,8,3243,15,121,92,35,45,0.7120,0.2935,0.1852,0,546506893,0.2165,0.4059
2025-09-16,SKILL,0.548,-3.36,84,82437163.0993,21.6628,-4.7255,359122743.3617,21.7185,2756732.0890,5.8165,1,0,135.5099,102155929,145.5789,180.5263,92742501,16649999.0000,13.9562,52067314.0000,14.1562,243591.0000,3.7900,17,34,106,50,53,73,3,38,12,146,40,90,116,7,3208,16,88,90,37,54,0.7260,0.3630,0.2222,0,402482885,0.2304,0.4468
2025-09-17,TRAP,0.071,-152.25,14,259998749.9917,22.3073,-5.0792,179116434.1000,22.0409,3157022.7520,4.7468,2,0,102.7882,111289083,112.8165,109.4937,56237950,13540000.0000,15.7658,39806810.5000,13.5675,189246,2.9900,6,22,95,52,51,69,1,40,11,125,30,86,110,5,3217,12,92,82,34,49,0.7600,0.4080,0.1765,0,394627844,0.1425,0.2655
2025-09-18,EASY,0.611,15.50,18,58287378.6117,19.7219,-1.8193,12776565568.8529,19.7665,2684610.6667,7.8204,3,0,155.9201,85121106,165.9574,164.9573,62736285,19560000.0000,14.4274,47152987.5000,14.1137,128911.0000,3.5600,10,28,72,31,34,52,2,26,3,108,36,66,89,6,3204,22,64,63,23,29,0.6667,0.3148,0.4000,0,289937952,0.2164,0.3999
2025-09-19,EASY,0.600,32.80,25,53276240.5639,18.1848,-2.0027,241081641.4361,16.7558,2740365.9357,5.2297,4,0,149.8795,111151852,159.8795,130.3614,112960123,22600000.0000,12.7101,69616373.0000,10.4405,109881.0000,3.2750,14,27,83,34,47,64,1,29,7,140,57,75,111,4,3214,17,95,74,29,35,0.5929,0.3357,0.3036,0,383651231,0.2944,0.5197
2025-09-22,TRAP,0.256,13.59,82,238268265.2959,22.4964,-3.7592,566740917.8454,21.9052,4650361.1887,5.6123,0,0,106.0549,117121260,116.0549,137.9455,116238506,21375000.0000,15.3394,57801198.0000,14.6189,229953.5000,3.6550,11,26,72,36,33,48,3,35,8,106,34,56,84,4,3246,19,65,65,30,39,0.6792,0.3113,0.3393,0,492938286,0.2358,0.3885
2025-09-23,EASY,0.697,9.96,89,244830532.5030,24.8868,-4.0748,404905512.0714,22.3699,4405179.7049,6.6087,1,0,555.3891,259923108,565.3962,559.0442,161258525,25350000.0000,15.1740,76373849.0000,11.9016,180913,3.4500,21,37,106,59,44,75,3,45,9,183,77,97,135,13,3219,25,112,111,44,57,0.5792,0.2404,0.2809,0,806147886,0.2000,0.3766
2025-09-24,EASY,0.750,13.30,60,129210977.4211,23.3000,-4.7222,51003698144.6418,23.1465,4686351.5034,8.1261,2,0,681.7899,181123686,691.8222,640.5333,306753867,25180000.0000,13.3787,91282121.0000,12.6582,218860,4.1400,17,30,99,47,39,58,3,30,7,147,48,70,99,13,3229,18,87,89,42,52,0.6735,0.2653,0.2727,0,688893671,0.4453,0.5055
2025-09-25,TRAP,0.226,-30.89,31,236739716.2979,17.4395,-0.8372,39185171976.6950,17.5000,3404960.2970,7.1498,3,0,105.9091,152309045,115.9091,81.4773,76780932,30280000.0000,13.2524,78059658.0000,13.1579,251868,3.4850,19,34,106,53,44,61,1,30,6,165,59,79,116,11,3221,39,101,112,51,64,0.6424,0.2667,0.3939,0,561818449,0.1367,0.2590
2025-09-26,SKILL,0.500,17.80,20,130546019.4175,19.7842,-5.1671,14103484816.6505,18.7831,3980673.8974,8.0632,4,0,119.4795,138383020,129.5918,139.7959,66875158,20880000.0000,14.0395,43840630.0000,13.5941,285846,4.0400,10,32,81,52,39,50,2,31,6,117,36,62,85,9,3209,13,66,78,35,48,0.6923,0.3333,0.2000,0,465738846,0.1436,0.2802
2025-09-29,SKILL,0.526,87.81,19,156544047.6071,21.5807,-4.5570,415175302.1190,21.1314,2751567.2873,8.4020,0,0,266.6667,134145921,276.6667,306.1167,92417151,21455000.0000,13.5678,73110996.0000,14.0575,169587,3.5900,17,37,130,67,40,80,2,46,12,181,51,91,141,15,3232,14,112,111,49,64,0.7182,0.2210,0.1538,0,498033679,0.1856,0.2633
2025-09-30,EASY,0.833,21.02,36,262348428.5571,20.0689,-4.5723,331684002.0786,16.9900,3015508.4304,8.3070,1,0,158.8272,159947929,168.9462,69.8795,64954757,18075000.0000,14.4949,36997077.0000,12.9685,138225.0000,3.7300,18,25,107,49,51,75,2,43,7,158,51,92,120,15,3252,14,100,88,36,55,0.6772,0.3228,0.2029,0,476450332,0.1363,0.2695
2025-10-01,EASY,0.933,20.84,30,171595698.8925,23.8141,-1.5199,383511166.9570,24.6425,8992714.3738,7.5906,2,0,231.8537,213263428,241.9355,318.8839,558360885,31040000.0000,15.3300,68430521.0000,13.5505,150132,4.3000,16,25,68,25,26,38,3,35,7,107,39,53,78,9,3240,24,57,60,29,38,0.6355,0.2430,0.4528,0,962220438,0.5803,0.6729
2025-10-02,EASY,0.836,16.07,61,61538409.0568,19.4798,-4.0918,284357297.6250,20.2312,7703492.1649,6.4176,3,0,110.6589,197873574,120.8097,134.3148,301216977,19980000.0000,13.7072,52975308.0000,14.8582,188112,4.0700,13,22,72,42,30,44,1,24,6,97,25,54,74,7,3243,10,55,58,29,33,0.7423,0.3093,0.1852,0,747238740,0.4031,0.5286
2025-10-03,SKILL,0.520,3.39,25,104961274.4902,16.2911,-1.6578,278299067.6569,14.5064,2693071.6754,7.6881,4,0,143.8353,80563212,153.8378,82.5946,89120207,15405000.0000,13.2741,45820397.5000,12.2879,158713.5000,4.8750,13,32,64,34,37,58,1,17,1,114,50,60,87,11,3257,20,58,66,33,41,0.5614,0.3246,0.3333,0,307010171,0.2903,0.3824
2025-10-06,EASY,0.875,19.51,32,139020086.1983,16.7605,-0.0883,355127392.1983,17.2859,5383830.4504,9.0316,0,0,38.4720,243314445,48.5572,61.5573,146417036,22730000.0000,14.1447,72252555.0000,14.5299,192613,4.4200,15,31,94,36,32,56,0,29,0,131,37,62,93,11,3274,21,74,81,39,49,0.7176,0.2443,0.3559,0,705281789,0.2076,0.3683
2025-10-07,SKILL,0.591,14.62,44,91036919.1616,17.5571,-1.7708,327092517.4596,16.0928,3703374.2739,7.6642,1,0,148.7013,287335320,158.7013,165.3179,94796430,24675000.0000,13.0498,62721982.0000,11.3541,228488.5000,4.4750,36,52,140,85,65,91,2,40,7,230,90,116,165,17,3259,39,125,151,71,92,0.6087,0.2826,0.3047,0,851776083,0.1113,0.1897
2025-10-08,EASY,0.929,17.37,98,99230102.0204,19.4354,-2.7080,589282523.0918,21.0860,4932742.4914,13.9384,2,0,106.5438,211863493,116.5541,133.9189,79894170,19310000.0000,14.3903,53333711.0000,14.5464,320923.5000,5.2750,14,30,83,42,37,50,1,35,4,116,33,58,76,16,3256,21,56,75,44,51,0.7155,0.3190,0.3182,0,572198129,0.1396,0.2432
2025-10-09,TRAP,0.029,-78.48,34,361956788.3066,23.7040,-4.2763,1709632733.1460,21.2518,3177239.0541,5.9483,3,0,410.4253,139844106,420.4348,347.3913,138478888,28710000.0000,13.8230,63076869.0000,12.0834,358119.0000,3.7050,18,26,100,61,43,60,3,34,10,148,48,77,111,8,3272,17,96,93,55,68,0.6757,0.2905,0.2099,0,470231380,0.2945,0.4044
2025-10-10,TRAP,0.182,-19.01,66,164078231.1489,16.4997,-1.7314,12375156351.5000,10.3434,1930743.8139,10.0242,4,0,222.3171,452313443,232.3171,244.3598,74910329,42700000.0000,13.7681,138590224.5000,7.8430,162321,4.8700,99,144,208,169,128,194,2,121,4,661,453,259,439,80,3244,97,338,380,143,203,0.3147,0.1936,0.3428,0,1276221661,0.0587,0.1173
2025-10-13,TRAP,0.105,-61.83,153,147217107.4132,21.5287,-2.4088,448358541.8678,22.8520,2022881.3411,6.1643,0,0,203.8710,89509945,213.9013,255.0060,36526498,18130000.0000,13.9037,52067314.0000,14.7929,147377,4.4100,15,34,102,34,48,62,2,33,9,129,27,74,105,6,3259,21,74,74,31,38,0.7907,0.3721,0.3750,0,260951693,0.1400,0.2658
2025-10-14,TRAP,0.253,-32.90,83,100666179.7416,17.0417,-1.3514,14737344054.9101,21.2855,4383504.3396,10.6086,1,0,89.2920,173256698,99.3355,113.1783,105964998,20870000.0000,13.2310,66982257.0000,15.9775,238461.0000,5.3000,20,25,80,31,29,44,0,20,2,106,26,53,70,10,3270,19,51,63,31,46,0.7547,0.2736,0.3455,0,464651460,0.2281,0.3159
2025-10-15,TRAP,0.114,-13.82,88,121692903.1989,20.9404,-3.4910,448847991.9144,19.7223,3604314.3270,10.6934,2,0,136.0884,242602190,146.1243,138.5010,78694439,30535000.0000,15.7025,89738968.0000,14.0000,484513,5.2700,32,58,140,99,53,77,3,66,10,211,71,100,142,24,3279,30,97,152,79,105,0.6635,0.2512,0.2174,0,760510323,0.1035,0.1801
2025-10-16,EASY,0.757,18.91,37,194222205.8652,20.4301,-3.6705,710657963.7873,15.2650,2583000.8775,9.4727,3,0,751.8128,423800433,761.8128,745.3195,80626983,36825000.0000,15.1861,113276362.0000,10.1408,210462,5.0100,79,114,197,175,109,151,3,125,13,457,260,194,308,36,3278,37,228,281,120,159,0.4311,0.2385,0.1644,0,1180431401,0.0683,0.1268
2025-10-17,EASY,0.883,18.77,60,154564652.3850,20.5503,-4.1279,1530391277.2660,21.1450,1566842.2322,9.8603,4,0,549.8691,112933361,559.9015,560.3941,37007343,32369999.0000,13.5266,94502292.0000,13.9706,263700,3.9800,24,43,163,80,49,75,3,36,9,211,48,99,146,19,3277,22,125,129,58,78,0.7725,0.2322,0.2000,0,330603711,0.1119,0.2048
2025-10-20,MIXED,0.357,-7.99,14,115979603.1667,19.3421,-3.6088,582634377.8268,20.1660,2881739.2297,12.9932,0,0,99.8765,126861173,109.8765,97.2840,51462533,25845000.0000,15.4649,83442716.0000,16.6593,272447.5000,4.8550,24,25,115,69,34,56,1,47,3,148,33,67,100,22,3288,13,77,98,50,61,0.7770,0.2297,0.1512,0,426497406,0.1207,0.2255
2025-10-21,EASY,0.964,29.78,84,137709246.2111,18.5067,-4.1658,804022858.7437,17.9299,3208358.4484,9.5882,1,0,84.2693,222132773,94.3838,152.9641,102278634,44710000.0000,14.6590,117568258.0000,14.0076,261891,4.3600,30,52,167,98,47,73,0,59,8,223,56,93,141,20,3268,16,121,150,74,98,0.7489,0.2108,0.1311,0,715463934,0.1430,0.2060
2025-10-22,TRAP,0.128,-98.46,39,212866818.1591,17.0791,-3.4382,530738114.8045,14.3793,1964987.5486,8.5428,2,0,94.7894,170553046,104.8319,97.4227,68061578,34325000.0000,13.3955,90328694.0000,10.5703,169106,4.2100,36,52,179,80,63,89,2,46,7,257,78,117,178,24,3275,23,145,144,61,82,0.6965,0.2451,0.1983,0,505001800,0.1348,0.2281
2025-10-23,SKILL,0.400,-6.18,125,71891964.2768,21.1393,-4.0311,251010516.5893,22.1310,3084060.6562,8.8086,3,0,100.3861,120760500,110.4803,118.7773,83797637,19515000.0000,14.5572,46291943.5000,15.6045,213301.0000,3.7550,14,28,100,41,39,59,1,37,9,128,28,70,96,9,3225,21,77,76,42,52,0.7812,0.3047,0.3182,0,394759764,0.2123,0.3457
2025-10-24,MIXED,0.365,0.98,85,128702282.5870,18.6869,-1.8178,321099683.3913,17.8424,1982874.1619,11.4508,4,0,106.1631,58081682,116.2088,127.2128,56695715,26245000.0000,13.3962,78958419.0000,13.1974,125653,5.3100,16,33,67,31,22,35,1,28,3,105,38,51,83,10,3269,16,46,59,24,31,0.6381,0.2095,0.3077,0,208201787,0.2723,0.4025
2025-10-27,TRAP,0.267,-71.59,30,82053597.8624,19.5257,-4.6444,6586024937.2169,18.9834,1841280.7171,6.3821,0,0,276.9823,104517853,287.0000,309.6667,40467974,28410000.0000,13.2022,68136529.0000,13.0930,186172,4.3700,27,56,165,79,55,80,4,40,7,205,40,107,152,9,3324,17,113,125,51,72,0.8049,0.2683,0.1717,0,377462547,0.1072,0.1962
2025-10-28,EASY,0.647,-3.99,85,220175085.6914,18.1404,-0.7291,431463758.8514,16.2137,4530098.8714,10.2165,1,0,101.2741,333341235,111.2941,134.4941,404664724,33650000.0000,13.3930,77442312.0000,11.8066,189560.0000,5.3650,28,53,128,64,51,72,2,49,7,210,82,95,142,27,3290,37,102,127,54,72,0.6095,0.2429,0.3592,0,951320763,0.4254,0.5713
2025-10-29,TRAP,0.300,-20.54,10,240437111.1000,17.2813,-4.5299,540284978.3631,15.4243,2417860.2589,6.2521,2,0,87.5321,139877761,97.5574,78.8260,79802279,29320000.0000,13.0233,79761311.0000,12.0559,148394,4.1039,30,42,143,58,51,75,0,36,8,197,54,96,144,9,3271,14,116,111,43,62,0.7259,0.2589,0.1867,0,476318471,0.1675,0.3069
2025-10-30,MIXED,0.308,-64.44,13,113314831.4494,18.1289,-2.9508,473796644.3107,15.5197,2156055.1116,8.4772,3,0,94.7645,121071394,104.8000,87.5839,101399176,28110000.0000,13.8554,86112003.0000,12.3188,137784,4.7100,46,40,140,78,52,74,1,42,7,215,75,95,143,18,3295,21,111,126,42,65,0.6512,0.2419,0.1909,0,463551849,0.2187,0.3624
2025-10-31,SKILL,0.467,-11.71,15,148716460.1504,26.9114,-1.4836,505724662.1930,22.7979,3804361.8678,6.8775,4,0,584.2262,158493244,594.2500,356.5000,141576727,24900000.0000,14.6140,74147729.5000,14.8067,231390,3.3800,18,20,82,46,33,54,2,36,8,121,39,65,92,7,3265,14,76,71,32,44,0.6777,0.2727,0.2258,0,460327786,0.3076,0.5751
2025-11-03,EASY,0.877,51.83,73,114727118.6271,194.5862,2.8385,22736709843.6610,50.1413,4609573.5079,6.1235,0,0,10072.9268,66287525,10082.9268,1036.5854,68440348,27070000.0000,16.4843,46647118.0000,17.0172,115094,3.1600,10,5,39,20,18,27,6,27,14,63,24,36,50,5,1817,21,43,33,22,24,0.6190,0.2857,0.4667,0,290403131,0.2357,0.4557
2025-11-04,MIXED,0.333,-28.74,12,114378867.9057,24.8460,-3.3152,282172033.7736,27.0817,2369151.5263,4.4845,1,0,72.8960,13842105,83.0000,118.3417,29264090,21740000.0000,16.6667,42007341.0000,18.2487,71407,3.0300,8,9,40,22,21,26,0,21,7,57,17,34,46,0,1808,17,40,26,14,18,0.7018,0.3684,0.4250,0,135041637,0.2167,0.3631
2025-11-05,EASY,0.894,5.22,66,92453943.6620,21.0057,0.4248,588637748.6761,18.8200,7081043.8875,9.2129,2,0,115.5891,129859298,125.6618,133.5294,324330906,38070000.0000,14.3743,144162045.0000,13.7495,32971.5000,4.0250,14,13,33,14,19,25,2,26,2,80,47,33,49,7,1682,33,46,28,14,17,0.4125,0.2375,0.6600,0,566483511,0.5725,0.8129
2025-11-06,EASY,0.857,4.07,28,139640405.3919,19.4692,0.1791,818118731.2568,16.3690,2953828.7816,7.4171,3,0,135.4880,42184107,145.5600,88.6553,113382844,50220000.0000,15.3846,201716119.5000,12.8834,49019,3.7700,14,15,44,26,20,25,1,21,3,87,43,34,49,5,1633,27,53,32,15,19,0.5057,0.2299,0.4576,0,256983104,0.4412,0.5942
2025-11-07,TRAP,0.044,-82.60,114,77893333.3137,51.4448,0.3589,395523097.3922,20.2621,2349301.3269,4.2502,4,0,1526.6027,18757001,1536.8286,153.4527,61619379,44320000.0000,14.5522,151434002.0000,13.1018,26490.5000,2.7450,4,12,25,10,15,21,2,15,4,52,27,22,39,1,1768,17,35,16,6,10,0.4808,0.2885,0.5667,0,122163669,0.5044,0.7066
2025-11-10,EASY,0.920,127.25,138,115114242.4141,29.2573,0.9745,632776335.4554,17.9493,929408.0500,6.1048,0,0,992.2776,22952486,1002.3080,294.1300,42561537,50180000.0000,14.4797,104164737.0000,10.9257,44452.0000,3.3275,8,26,48,27,27,40,3,29,6,120,72,50,77,9,1803,41,77,44,11,18,0.4000,0.2250,0.5541,0,111528966,0.3816,0.5093
2025-11-11,EASY,0.929,10.27,99,60969090.8864,31.1123,-1.6127,387468982.4545,28.3176,2280798.0800,5.2526,1,0,189.6000,17555654,200.0000,146.1538,62589447,13675000.0000,17.3194,58963567.0000,16.2946,64964.0000,3.9100,7,12,31,17,17,26,3,19,9,50,19,30,35,1,1578,11,30,17,11,12,0.6200,0.3400,0.3333,0,114039904,0.5488,0.6666
2025-11-12,TRAP,0.261,-9.77,23,84578888.8889,19.4467,0.6234,4661741448.8571,18.9554,589979.4265,5.2481,2,0,109.3914,8685613,119.5609,104.7904,15864333,20600000.0000,13.9304,71314991.0000,15.4319,35985.0000,3.3500,7,19,37,16,23,31,1,14,3,68,31,37,54,2,1670,18,40,23,6,12,0.5441,0.3382,0.4737,0,40118601,0.3954,0.6017
2025-11-13,TRAP,0.200,-52.63,10,129431666.6667,27.5516,2.5213,333204005.5741,24.9260,8778030.9016,4.9384,3,0,238.2714,162575493,248.2714,197.1629,204733589,14650000.0000,16.5466,45694168.5000,15.7546,59454,3.2200,5,10,31,14,23,30,2,20,6,61,30,36,46,2,1713,21,44,25,10,11,0.5082,0.3770,0.5676,0,535459885,0.3824,0.7304
2025-11-14,EASY,0.859,22.65,85,45268749.9750,26.0361,-1.5916,109347799.1750,26.6481,17995361.6889,3.6074,4,0,128.0664,129943826,138.5000,136.0000,443206483,16409999.5000,15.6577,21003336.5000,16.8317,55358,2.0100,3,5,29,17,13,23,2,17,5,45,16,31,38,1,1880,9,36,19,9,12,0.6444,0.2889,0.2903,0,809791276,0.5473,0.8837
2025-11-17,EASY,0.643,10.77,14,130252272.7121,19.7852,-1.6542,52988238089.4394,17.7121,6676048.6857,3.6606,0,0,90.8368,36123904,100.8368,93.7238,368158247,18035000.0000,16.0713,36931098.0000,14.9075,50701.0000,2.6750,7,8,43,21,26,34,1,20,3,70,27,43,56,0,1668,14,55,24,10,12,0.6143,0.3714,0.3684,0,467323408,0.7878,0.8949
2025-11-18,SKILL,0.444,-2.77,18,47289512.1951,23.1505,1.5377,108314528.9048,23.0938,7395662.7174,3.3919,1,0,82.6559,52884803,93.3702,70.7459,118727108,8460000.0000,17.8131,21667597.5000,17.7067,58682.5000,2.1050,5,3,29,9,22,25,0,16,2,46,17,32,39,0,1631,15,38,21,10,11,0.6304,0.4783,0.6000,0,340200485,0.3490,0.5736
2025-11-19,TRAP,0.267,-26.23,15,125844444.4444,22.0709,2.0481,474625905.2889,22.4340,2204879.7708,4.6468,2,0,67.0833,40269599,77.0833,74.4083,39447394,14960000.0000,16.3497,34175008.0000,18.8954,74138.0000,2.6650,1,12,35,14,15,24,0,20,4,48,13,32,35,2,1515,15,33,23,9,11,0.7292,0.3125,0.5000,0,105834229,0.3727,0.6699
2025-11-20,SKILL,0.400,-13.76,15,380974571.4286,21.6978,1.0020,345782338.9286,15.7808,2351524.0208,7.9696,3,0,248.4073,66753137,258.4337,237.9518,118547116,21615000.0000,13.5384,62157970.5000,8.5111,29362.0000,4.3250,20,18,38,23,22,34,3,16,7,96,58,40,59,6,1608,26,52,33,12,19,0.3958,0.2292,0.4561,0,225746306,0.5251,0.6863
2025-11-21,TRAP,0.067,-90.34,105,33422666.6667,541.7275,1.4486,120339258.1000,65.3185,3904967.4333,3.2638,4,0,9989.7848,12183275,10001.0101,757.5758,94881353,9090000.0000,30.5148,22668458.5000,36.1942,93583.0000,1.5550,4,3,20,9,16,20,4,19,7,30,10,23,28,0,1658,8,23,14,6,8,0.6667,0.5333,0.4211,0,117149023,0.8099,0.8722
2025-11-24,EASY,0.900,16.44,10,106305211.2535,21.7474,-0.0644,608763439.5915,20.6120,2506234.6386,4.3272,0,10355968,91.8162,25715289,101.8287,102.6762,86114731,14290000.0000,15.2244,23863012.0000,14.8418,43410,2.5400,8,14,47,20,27,44,2,25,6,83,36,49,59,1,1769,19,60,34,10,11,0.5663,0.3253,0.4318,2.4831,208017475,0.4140,0.7227
2025-11-25,EASY,0.722,5.36,18,43917843.1176,22.6941,-4.5207,405354976.0392,22.4114,7568034.0556,4.0774,1,10036309,73.9430,55096842,83.9926,82.7967,279122908,9570000.0000,15.4545,16237069.0000,17.2781,27723.5000,2.5750,6,11,33,15,26,33,0,21,4,54,21,38,44,0,1671,11,37,21,10,12,0.6111,0.4815,0.4074,5.4898,408673839,0.6830,0.7656
2025-11-26,SKILL,0.579,-12.41,19,123037000.0000,19.5382,1.1222,448954460.4667,17.8907,3407005.9730,8.4828,2,7586436,72.8431,22009220,82.9114,84.8101,37248138,28880000.0000,13.9382,83201935.5000,13.4855,114541,3.5500,6,6,15,7,9,12,0,11,2,37,22,16,25,2,1685,12,23,19,11,13,0.4054,0.2432,0.4800,2.9011,126059221,0.2955,0.5885
2025-11-28,SKILL,0.409,-31.07,22,40906603.7736,44.8414,-1.4480,176069261.7358,23.5543,1768192.9828,3.4132,4,5618749,900.1791,16456271,910.3598,207.6710,42837477,15990000.0000,13.2972,43840630.0000,12.7731,12203.5000,2.0900,2,8,34,14,22,29,3,18,7,58,24,38,48,2,1652,12,46,17,9,10,0.5862,0.3793,0.4138,2.9288,102555193,0.4177,0.6513
2025-12-01,SKILL,0.533,87.53,30,48605227.2500,102.7009,2.6401,270401412.1591,29.6750,7273308.5333,4.7785,0,33759933,2383.4538,17871459,2393.5827,179.4179,196946480,24505000.0000,17.4497,48491537.0000,18.9781,54607,2.1900,4,5,28,15,17,22,6,17,8,45,17,29,35,3,1921,11,33,21,10,12,0.6222,0.3778,0.4231,0.5294,327298884,0.6017,0.7730
2025-12-02,SKILL,0.531,-51.69,81,53030576.9231,137.3982,-1.1187,247270761.8654,40.0924,3972405.8571,4.0009,1,36715177,3100.0183,25697648,3110.1449,592.5362,92696889,10245000.0000,15.4109,25854800.0000,17.1733,53547.0000,2.2500,6,8,37,14,26,32,5,18,11,56,19,38,48,0,1669,16,42,26,11,13,0.6607,0.4643,0.5000,0.6999,222454728,0.4167,0.6187
2025-12-03,TRAP,0.074,-62.01,27,122182857.1429,38.8152,-0.7941,286943084.9388,22.6355,1933446.2830,4.6734,2,7513530,877.9419,12106703,887.9419,78.3333,17342311,13500000.0000,16.0907,62030000.0000,15.3173,143521,3.4700,6,7,35,17,22,25,1,16,5,53,18,29,40,1,1750,14,39,28,14,20,0.6604,0.4151,0.3784,1.6113,102472653,0.1692,0.3383
2025-12-04,EASY,0.694,19.37,49,111343800.0000,26.2750,-2.5305,330433829.3400,25.5555,1506472.0962,4.2080,3,12729226,191.7884,10954067,201.8336,105.0776,14969996,25230000.0000,16.9006,45421881.5000,18.8556,83867.5000,3.2700,5,9,42,14,17,22,1,19,5,52,10,34,44,0,1720,14,38,25,14,17,0.8077,0.3269,0.4828,0.8605,78336549,0.1911,0.3439
2025-12-05,TRAP,0.100,-50.04,30,31040487.8049,23.9454,-1.1666,94262584.6341,24.1569,3463908.8605,4.0341,4,16099865,135.2245,21799607,145.3704,146.6049,75749484,13030000.0000,14.2857,16411712.0000,15.9973,105418,2.8400,2,10,30,17,17,23,1,14,3,43,13,30,39,1,1833,11,30,23,8,10,0.6977,0.3953,0.3667,1.3540,148948081,0.5086,0.7246
2025-12-08,EASY,0.824,-16.09,68,60946162.7791,56.5316,-0.9991,254122904.0233,42.8037,1847579.6170,5.3205,0,9942227,2241.4253,25694144,2251.5105,1149.5136,43136738,10115000.0000,16.3595,26452399.0000,14.5108,81640.0000,3.8050,5,23,58,32,43,53,6,36,15,94,36,59,72,5,1868,24,61,44,18,24,0.6170,0.4574,0.3871,2.5843,173672484,0.2484,0.4008
2025-12-09,EASY,0.852,19.18,81,95214745.7288,39.1550,-2.0901,199309167.2542,24.0151,2346589.2698,4.9897,1,18806094,673.8435,9671204,683.8983,102.2320,87368737,13270000.0000,16.5625,20236875.0000,17.3210,21491,3.7400,6,14,46,12,28,33,4,25,7,63,17,38,50,2,1720,13,41,20,10,12,0.7302,0.4444,0.4815,0.5143,147835124,0.5910,0.7046
2025-12-10,SKILL,0.533,14.72,15,440595263.1404,38.6133,-1.5596,242696386.2982,33.0981,4064803.7931,5.2176,2,5731169,296.3370,34330457,306.4885,208.3969,107258381,11680000.0000,22.5156,45103379.0000,20.1129,125557.0000,3.8900,10,9,38,19,26,35,4,31,11,58,20,40,51,1,1723,18,38,30,13,18,0.6552,0.4483,0.4286,5.9901,235758620,0.4549,0.7108
2025-12-11,TRAP,0.037,-115.18,81,33778039.1961,232.9043,6.5824,236052595.5686,96.8962,13072684.7115,4.2980,3,78968764,6699.0490,38637208,6709.0788,2429.9065,322957390,8610000.0000,21.6358,23256283.0000,22.2015,104219.0000,2.8650,7,7,33,13,28,36,6,27,15,52,19,41,47,1,1805,16,37,26,19,21,0.6346,0.5385,0.5161,0.4893,679779605,0.4751,0.6707
2025-12-12,SKILL,0.500,-30.41,12,66187903.1935,41.7710,-0.2255,201971425.1148,23.7269,2211302.5606,3.8056,4,6892318,977.7797,17838089,988.0282,113.4991,33889764,18235000.0000,21.2132,53345593.0000,16.9817,145718.0000,2.8400,3,12,34,21,27,31,2,37,7,66,32,39,54,0,1731,22,51,37,17,24,0.5152,0.4091,0.4783,2.5881,145945969,0.2322,0.3925
2025-12-15,EASY,0.878,45.86,41,131275322.5484,196.2934,-0.4208,117742273.0323,64.5390,4577825.4531,3.4438,0,42803918,4830.7707,20843874,4840.8719,1444.6837,154967676,21325000.0000,17.5520,38858491.0000,19.1608,68176.0000,2.4700,4,7,45,16,23,30,6,25,11,64,19,46,58,0,1885,16,53,26,14,15,0.7031,0.3594,0.4571,0.4870,292980829,0.5289,0.6582
2025-12-16,SKILL,0.500,2.03,16,144471475.3934,33.4563,-2.5123,135990622.0484,32.0761,1573909.4921,2.9558,1,6827347,521.4601,14847599,531.9018,468.4049,45480283,12970000.0000,15.3005,38314247.0000,16.6772,41559,2.1100,2,6,44,18,25,33,3,20,6,63,19,41,58,0,1709,13,55,22,10,13,0.6984,0.3968,0.3824,2.1747,99156298,0.4587,0.6147
2025-12-17,EASY,0.982,54.23,56,136188363.6000,157.1897,2.3129,21900486730.5556,117.0467,5823764.7288,4.5275,2,52216693,8109.5089,22603196,8119.6339,5723.7937,185963743,10670000.0000,15.1650,26073815.0000,16.2712,59353,2.9700,5,12,33,11,27,29,2,18,3,59,26,37,45,1,1761,18,41,29,13,18,0.5593,0.4576,0.5294,0.4329,343602119,0.5412,0.8337
2025-12-18,SKILL,0.455,-46.03,11,191337222.2222,56.5833,1.7467,267534688.3091,22.3484,2176341.6282,6.7300,3,3532831,1800.1274,19555056,1810.2197,180.5433,56813509,16450000.0000,13.4729,33561003.0000,11.6446,74053.5000,3.9675,9,16,26,13,19,28,2,18,8,78,52,36,45,7,1762,33,46,37,15,19,0.3333,0.2436,0.6875,5.5352,169754647,0.3347,0.4983
2025-12-19,TRAP,0.200,-58.74,10,81684000.0000,19.3381,-0.3575,294873384.4872,17.0701,3530894.8519,5.6886,4,11630296,65.1123,22113493,75.1684,65.9638,65681311,24775000.0000,14.2434,68474121.0000,11.4645,58412.0000,3.2750,11,8,27,13,13,18,0,14,3,54,27,24,32,1,1683,11,34,25,12,18,0.5000,0.2407,0.3548,1.9014,190668322,0.3445,0.6649
2025-12-22,EASY,0.706,69.29,17,87486428.5714,145.3160,1.1649,252386363.9455,38.4093,2958607.0968,3.7947,0,6456613,5209.0366,27713739,5219.1489,950.3546,72855771,17325000.0000,16.0346,29699317.0000,16.2402,39011.5000,1.9700,6,11,30,14,19,29,2,24,4,62,32,35,46,0,1943,17,45,23,9,14,0.4839,0.3065,0.4359,4.2923,183433640,0.3972,0.7301
2025-12-23,SKILL,0.562,19.63,16,32151111.1111,293.6642,2.1923,144222566.0556,125.8646,2846919.9250,3.7083,1,8164480,7713.5231,41745978,7723.5294,3176.4706,37275555,9655000.0000,18.6595,19518588.0000,19.1270,38443.5000,2.3700,3,7,24,6,18,24,3,18,5,40,16,25,32,0,1738,10,30,17,9,11,0.6000,0.4500,0.5556,5.1131,113876797,0.3273,0.5577
2025-12-24,EASY,0.919,98.63,37,39263125.0000,37.9103,-3.2131,151879076.3750,28.5727,2451937.9062,2.6752,2,5290285,424.6370,13943143,434.7668,110.5634,20282780,19275000.0000,18.2131,21911965.0000,19.1422,122961.5000,1.5500,3,2,25,12,14,16,3,10,4,32,7,23,29,0,1597,5,27,16,8,12,0.7812,0.4375,0.2778,2.6356,78462013,0.2585,0.4474
2025-12-26,EASY,0.836,44.73,73,329849487.1538,50.6060,-1.0443,1124720961.2821,29.7709,5437581.9750,3.6239,4,6529578,1128.4124,17725423,1138.5919,295.5237,109504513,11250000.0000,15.8686,43049628.0000,18.5465,82327.5000,2.1550,1,4,23,14,18,24,1,14,4,40,17,26,35,2,1624,11,33,18,8,12,0.5750,0.4500,0.4231,2.7146,217503279,0.5035,0.7001
2025-12-29,TRAP,0.273,-43.74,11,59181500.0000,523.4190,1.8701,226460109.8500,289.2093,2402720.6304,4.3842,0,3312404,23126.3570,25048131,23136.3636,12327.2727,26572728,9925000.0000,14.5199,29278202.0000,16.9794,148447.0000,2.2750,3,6,32,16,20,24,1,16,5,46,14,25,35,2,1885,12,35,26,14,15,0.6957,0.4348,0.3871,7.5619,110525149,0.2404,0.4297
2025-12-30,EASY,0.652,9.63,23,25937894.7368,117.7010,-0.6433,83700676.1228,26.8857,5358942.3770,3.2256,1,11319027,2348.5851,40350750,2358.6777,160.1240,226043773,10030000.0000,17.5258,21018254.0000,18.3432,59327,1.8600,3,6,34,17,28,38,4,20,9,61,27,47,56,1,1669,16,51,23,10,13,0.5574,0.4590,0.4444,3.5649,326895485,0.6915,0.7805
2025-12-31,EASY,1.000,45.11,42,19183333.3095,23.3648,-0.0143,42367533.1860,21.7062,3938820.2083,3.5843,2,15099995,79.0792,13360796,89.2241,75.7997,142969545,9010000.0000,15.2483,18713733.0000,17.0235,28535.5000,1.7365,5,2,30,9,23,31,0,16,4,48,18,39,43,1,1621,10,40,14,9,9,0.6250,0.4792,0.4762,0.8848,189063370,0.7562,0.8567
2026-01-02,MIXED,0.395,-44.32,38,50324999.9828,67.2553,-0.9289,176813209.5172,15.2072,657010.2029,4.0528,4,2757105,3467.9611,7952270,3478.0382,104.8735,16036989,18485000.0000,15.0000,26545098.5000,12.1586,23984,1.9200,8,5,36,19,22,29,1,21,1,69,33,37,51,1,1803,11,55,16,8,11,0.5217,0.3188,0.3333,2.8843,45333704,0.3538,0.6329
2026-01-05,SKILL,0.574,-0.74,68,105211888.8778,49.4311,1.4124,242457771.9222,20.6031,2116309.2981,4.4899,0,16152929,2176.3200,32490571,2186.3636,386.3636,55260762,33720000.0000,14.9095,51435187.0000,11.5009,36930.5000,2.4300,17,10,48,26,28,35,2,29,8,104,56,52,78,2,2006,30,75,36,21,26,0.4615,0.2692,0.4839,2.0114,220096167,0.2511,0.3991
2026-01-06,TRAP,0.103,-49.39,136,48899322.0169,33.4270,1.3600,258345121.6780,26.0527,4315758.6562,4.8754,1,2785763,666.2588,17923812,676.3975,288.1988,85551943,22270000.0000,15.1441,71314991.0000,16.0612,78881.5000,2.4100,7,7,38,17,22,27,1,26,6,64,26,35,52,3,1818,22,47,30,18,23,0.5938,0.3438,0.5238,6.4341,276208554,0.3097,0.5943
2026-01-07,EASY,0.872,7.31,117,559902325.5581,22.3352,0.1224,18934181431.2791,20.4293,7584055.8571,4.1215,2,1929340,83.3679,81745285,93.4328,79.4286,228154330,14960000.0000,13.8363,34359900.0000,14.6353,111454,2.9600,5,8,30,15,17,23,0,14,6,49,19,28,35,0,1816,14,36,25,14,18,0.6122,0.3469,0.4667,42.3696,371618737,0.6139,0.7337
2026-01-08,EASY,0.938,136.32,160,51582954.5455,44.3390,2.5016,315834020.3864,31.8020,2901513.8542,5.3003,3,2348949,649.4999,22633676,659.8447,258.8464,27959517,19120000.0000,21.6143,41474696.5000,19.9403,136179.5000,3.0450,11,8,26,13,19,22,3,28,6,48,22,30,38,0,1802,15,29,26,14,17,0.5417,0.3958,0.4688,9.6357,139272665,0.2008,0.3781
2026-01-09,EASY,0.643,3.97,70,70135357.1429,27.3926,1.9949,366592082.9464,23.5222,1948609.8906,5.3183,4,5245238,137.2314,23050667,147.2314,126.5702,40647692,26995000.0000,16.3917,72915671.5000,16.5688,102449.5000,2.8500,9,11,29,14,21,24,2,24,7,64,35,32,46,2,1831,21,42,34,16,19,0.4531,0.3281,0.5122,4.3946,124711033,0.3259,0.4563
2026-01-12,EASY,0.976,34.77,165,110958051.9351,131.8490,1.0211,393472182.9740,37.7034,3494826.2529,6.4015,0,17485006,5435.9882,49849489,5446.0177,1099.1150,182474128,33860000.0000,14.8447,96820318.0000,12.1519,52445,3.5000,18,15,49,24,28,34,5,25,9,87,38,40,62,1,2050,24,53,35,10,19,0.5632,0.3218,0.4528,2.8510,304049884,0.6001,0.7412
2026-01-13,SKILL,0.575,-0.07,40,24464150.9245,28.8673,2.6860,119354089.3396,28.9122,5058839.0545,4.5210,1,11105597,180.0825,46733732,190.1515,194.1477,70834056,11500000.0000,17.4163,25030000.0000,16.8045,53970,2.6100,4,11,34,12,26,30,3,18,6,55,21,37,50,2,1876,21,38,22,13,15,0.6182,0.4727,0.6000,4.2081,278236148,0.2546,0.4417
2026-01-14,EASY,0.796,-19.23,103,48049399.9600,116.1912,9.0154,181904643.5200,40.1946,7033040.2157,2.8271,2,14670372,4334.3886,49922395,4344.4444,492.6136,112891222,11840000.0000,17.8571,19606611.0000,18.9255,111243,1.8100,3,4,32,19,21,29,3,21,3,51,19,39,49,0,1802,16,44,26,18,19,0.6275,0.4118,0.4324,3.4029,358685051,0.3147,0.4320
2026-01-15,EASY,0.888,150.97,169,35984528.3019,38.9118,5.7457,153580309.2264,36.9498,15341447.1429,6.8590,3,90373512,441.5556,95060452,451.5556,444.0000,302355020,12970000.0000,14.9090,43605301.0000,15.3619,163907.5000,3.0350,7,12,30,12,22,30,5,17,10,56,26,34,47,1,1884,22,36,31,19,21,0.5357,0.3929,0.6111,1.0519,859121040,0.3519,0.6386
2026-01-16,TRAP,0.220,-98.59,50,103489137.9138,122.7865,1.3405,247510925.4746,46.9025,5442984.8750,4.3970,4,11353927,4302.2158,31411228,4312.3314,751.4451,98352295,9815000.0000,16.1164,28567865.0000,17.4962,56578.0000,2.9750,6,6,42,12,29,40,6,23,10,64,22,46,56,2,1845,21,50,27,16,18,0.6562,0.4531,0.5676,2.7666,348351032,0.2823,0.4874
2026-01-20,TRAP,0.269,-32.41,67,270043548.3871,122.7500,0.3663,13188109978.7903,41.7475,4583349.1892,4.2526,1,25161141,5866.0378,26508034,5876.1388,511.1714,81688400,10790000.0000,18.9492,19018461.0000,19.7778,144840.0000,2.6350,8,13,44,19,30,37,7,31,13,74,30,47,55,0,2340,26,53,43,21,23,0.5946,0.4054,0.5098,1.0535,339167840,0.2408,0.3964
2026-01-21,EASY,0.878,36.77,156,156192575.7273,33.0706,3.6480,190852897.3582,33.3627,3438070.7632,4.3795,2,9697370,257.4797,29242467,267.4797,233.3333,65318378,11035000.0000,18.7400,18712302.0000,20.2842,135401.0000,2.7000,7,12,48,16,32,40,4,35,11,76,28,48,63,2,1900,24,55,41,21,23,0.6316,0.4211,0.5106,3.0155,261293378,0.2500,0.4453
2026-01-22,SKILL,0.595,4.59,42,82398709.6613,47.8424,2.0176,1831407421.5323,30.8281,4524696.2899,6.1190,3,6918955,1197.6143,59773025,1207.7569,228.6655,122090632,12865000.0000,15.0498,21103272.0000,16.7421,144820,2.9300,11,12,42,19,24,35,5,21,9,69,27,42,55,2,1902,21,44,40,17,22,0.6087,0.3478,0.4468,8.6390,312204044,0.3911,0.7055
2026-01-23,TRAP,0.179,-87.49,67,184893220.3051,60.7066,0.0627,5912703826.5763,40.6731,3579940.2424,5.5767,4,10411804,2058.9692,37185782,2068.9928,925.4810,69460162,18290000.0000,18.1692,42480000.0000,17.9086,134403.5000,2.7850,6,11,39,18,24,33,5,27,9,66,27,38,52,3,1850,20,46,37,17,26,0.5909,0.3636,0.4651,3.5715,236276056,0.2940,0.5046
2026-01-26,MIXED,0.347,-44.82,75,60224523.7738,358.4749,1.9210,324491252.1059,136.8626,3855815.9574,5.9267,0,18642345,19889.9018,48423639,19900.0000,9289.9408,129491646,20980000.0000,15.8794,46595526.0000,13.8797,102807.0000,2.7050,13,14,48,23,33,42,13,33,15,94,46,51,71,7,2028,36,60,49,17,26,0.5106,0.3511,0.5625,2.5975,362446700,0.3573,0.5481
2026-01-27,MIXED,0.397,-21.78,179,306945757.5758,29.2833,-0.7967,12566719595.7692,28.8098,4605140.7206,4.2827,1,16232373,184.8837,31719147,194.8837,164.6512,72909360,10745000.0000,16.4514,18340520.0000,18.7865,155874.0000,2.6200,7,6,46,21,32,40,3,25,8,68,22,45,56,2,1870,22,53,38,20,22,0.6765,0.4706,0.4583,1.9541,313149569,0.2328,0.4180
2026-01-28,TRAP,0.071,-92.85,113,109361454.5091,29.1477,2.2916,251361264.9455,24.3744,2108729,7.0077,2,11407485,350.8031,23608770,360.8031,139.0977,33870733,16460000.0000,18.8386,44103585.0000,17.6516,130358.0000,3.6850,13,10,38,16,20,32,2,26,6,62,24,34,47,3,1904,22,36,32,14,15,0.6129,0.3226,0.5238,2.0696,130741198,0.2591,0.5160
2026-01-29,TRAP,0.081,-61.43,172,449583387.0484,34.0795,-0.2418,274887128.6885,29.7697,4195291.2879,5.1757,3,19984565,325.5290,25917157,335.5391,159.4056,66455241,11780000.0000,17.1416,44103585.0000,18.7796,234526.5000,2.7650,5,14,43,25,25,36,3,28,9,66,23,42,57,2,1791,18,45,40,19,25,0.6515,0.3788,0.3673,1.2969,276889225,0.2400,0.3994
2026-01-30,SKILL,0.415,12.48,53,67952500.0000,39.2169,0.0388,61377000.3774,33.5365,3857874.9032,5.0711,4,16670349,411.7181,21448767,421.9985,153.5017,117436030,11455000.0000,19.1511,25920711.0000,21.4290,78626.5000,2.8400,6,6,43,14,25,36,4,27,11,62,19,44,53,3,1901,19,47,27,17,19,0.6935,0.4032,0.4872,1.2866,239188244,0.4910,0.5899
2026-02-02,TRAP,0.000,-22.54,6,60438405.7536,49.0001,1.5560,345852336.1571,30.9014,8083459.5806,5.4080,0,76138254,1403.2516,100331782,1413.2743,280.3738,424708841,15990000.0000,15.9122,44817679.5000,18.9873,83530,3.1600,16,13,54,29,26,38,5,33,10,93,39,44,61,2,2055,31,62,43,23,28,0.5806,0.2796,0.5167,1.3178,751761741,0.5650,0.6719
2026-02-03,EASY,1.000,39.24,6,70125249.9750,214.4136,-1.3332,458546507.3293,57.6575,1886640.5938,5.5610,1,5680880,17244.9422,17999387,17254.9884,3410.6729,40124176,26010000.0000,14.9316,49077793.0000,12.8008,39015.5000,2.7650,15,16,50,25,31,37,4,29,6,96,46,47,65,3,1871,23,62,43,14,19,0.5208,0.3229,0.4107,3.1684,181117497,0.2215,0.4237
2026-02-04,TRAP,0.000,-2.84,6,48245423.7288,69.6262,-1.0699,195742380.2881,24.5511,2088813.2769,4.0322,2,8161567,3158.2206,14063641,3168.2425,339.1572,57448524,14150000.0000,17.1053,30680533.0000,17.3913,62878,2.7000,4,10,41,24,26,35,1,26,4,65,24,43,55,1,1820,16,50,28,14,15,0.6308,0.4000,0.3721,1.7232,135772863,0.4231,0.5438
2026-02-06,TRAP,0.167,-91.90,6,92619255.3191,57.1909,1.9803,746958173.8298,27.2266,806682.3185,5.5538,4,7219110,2627.1253,21254441,2637.2263,595.6667,20975653,27525000.0000,13.8350,47561829.5000,14.0133,42783,4.3247,33,33,50,21,30,41,6,42,10,157,107,58,71,1,1929,63,90,64,26,32,0.3185,0.1911,0.7000,2.9442,126649124,0.1656,0.3123
2026-02-10,TRAP,0.000,-9.07,6,55762166.6333,397.5551,1.1535,268721756.7167,99.3078,1575025.8235,5.3571,1,1554020,11980.8634,27262912,11990.9091,2494.9495,62255209,22025000.0000,15.0913,45479179.0000,16.8873,48220.0000,3.1200,14,11,38,15,20,27,5,25,9,68,30,38,50,0,1770,16,43,28,11,16,0.5588,0.2941,0.4706,17.5435,107101756,0.5813,0.6888
2026-02-12,TRAP,0.000,-100.03,6,50463800.0000,22.5891,-1.2346,452117815.9200,20.8442,680247.3396,4.5225,3,1102490,94.2765,10767509,104.3478,103.1056,13232288,12485000.0000,14.7410,42676853.5000,14.5822,11257,3.0000,6,9,35,12,22,30,1,16,6,53,18,34,41,0,1792,8,38,13,8,11,0.6604,0.4151,0.3636,9.7665,36053109,0.3670,0.5020
2026-02-13,EASY,0.833,94.55,6,153868214.2321,19.3018,4.0613,628282519.8214,16.0336,888397.3284,4.3995,4,3459252,144.1900,11996058,154.3137,146.6667,16880406,15410000.0000,14.1026,34357319.0000,12.9443,15432,2.8100,9,13,32,15,23,32,1,15,1,67,35,38,49,0,1778,19,45,18,8,12,0.4776,0.3433,0.5278,3.4678,59522621,0.2836,0.4651
2026-02-17,TRAP,0.000,-9.34,6,130473492.0317,127.7232,0.9684,308976559.6875,69.9516,3666283.0822,4.9513,1,6556959,2628.5402,50978201,2638.5892,2639.4191,55704981,18700000.0000,16.9470,45688464.5000,16.9540,40826,2.6000,8,11,48,22,22,33,6,28,11,73,25,41,58,2,1961,21,52,29,15,16,0.6575,0.3014,0.4565,7.7747,267638665,0.2081,0.3936
