date,p23_count,gr_topn_count,overlap,overlap_pct,p23_only_count,gr_only_count,p23_symbols,gr_top_symbols,overlap_symbols,p23_only_symbols,gr_only_symbols
2025-01-10,7,7,0,0.0,7,7,ABTC|ARTW|DTIL|MVST|OPFI|PRZO|SENS,GLXG|VRME|AIMD|MYSE|HOTH|VMAR|GRNQ,,ABTC|ARTW|DTIL|MVST|OPFI|PRZO|SENS,AIMD|GLXG|GRNQ|HOTH|MYSE|VMAR|VRME
2025-01-13,8,8,2,25.0,6,6,DCTH|GCTK|GRNQ|PHIO|RRGB|SLXN|TRAW|VVPR,PHIO|LITM|CRMLW|ATPC|PDYN|CMTL|GRNQ|DRCT,GRNQ|PHIO,DCTH|GCTK|RRGB|SLXN|TRAW|VVPR,ATPC|CMTL|CRMLW|DRCT|LITM|PDYN
2025-01-14,4,4,0,0.0,4,4,INGN|PIII|RILY|TDUP,MGIH|NNBR|ALUR|AMPX.WS,,INGN|PIII|RILY|TDUP,ALUR|AMPX.WS|MGIH|NNBR
2025-01-15,11,11,1,9.1,10,10,BOF|BRLT|BTOG|COMP|FAMI|HSDT|MASS|MGIH|OSTX|RPID|TAOP,GCTK|JXG|WNW|XXII|VMAR|TOI|FEED|BDMD|FAMI|CTKB|ZBAI,FAMI,BOF|BRLT|BTOG|COMP|HSDT|MASS|MGIH|OSTX|RPID|TAOP,BDMD|CTKB|FEED|GCTK|JXG|TOI|VMAR|WNW|XXII|ZBAI
2025-01-16,7,7,2,28.6,5,5,ACON|BMRA|DOYU|FSI|HUYA|PMAX|WHLR,NEOVW|BMRA|MYSE|AEON|FSI|GORO|KULR,BMRA|FSI,ACON|DOYU|HUYA|PMAX|WHLR,AEON|GORO|KULR|MYSE|NEOVW
2025-01-17,7,7,2,28.6,5,5,BTCS|BTCT|DFNS|GSIT|PRZO|TMC|ZBAI,CRMLW|XCUR|TOI|BDMD|ZEO|GSIT|ZBAI,GSIT|ZBAI,BTCS|BTCT|DFNS|PRZO|TMC,BDMD|CRMLW|TOI|XCUR|ZEO
2025-01-21,12,12,5,41.7,7,7,ASST|BAK|BTCT|DWTX|EOLS|HSDT|IONR|LEDS|NAK|REPL|TMQ|VATE,MDCXW|HSDT|ASST|DOGZ|SIDU|RGTI|LEDS|GCTK|VIRC|RGTIW|VATE|DWTX,ASST|DWTX|HSDT|LEDS|VATE,BAK|BTCT|EOLS|IONR|NAK|REPL|TMQ,DOGZ|GCTK|MDCXW|RGTI|RGTIW|SIDU|VIRC
2025-01-22,13,13,5,38.5,8,8,AGPU|ANIX|ASST|BLBX|CDIO|HYFT|MDAI|MGX|NTRB|NUAI|PDYN|RVSN|SOGP,DDC|BLBX|AGPU|NTRB|LITM|MYSE|HYFT|ASST|WLACW|PL.WS|NTRBW|RR|SST,AGPU|ASST|BLBX|HYFT|NTRB,ANIX|CDIO|MDAI|MGX|NUAI|PDYN|RVSN|SOGP,DDC|LITM|MYSE|NTRBW|PL.WS|RR|SST|WLACW
2025-01-23,9,9,3,33.3,6,6,EVLV|IVA|KOPN|QNRX|SDST|SES|TAL|VNCE|XCUR,DWTX|SES|BDMD|VNCE|SPHL|LITM|RECT|PSNYW|XCUR,SES|VNCE|XCUR,EVLV|IVA|KOPN|QNRX|SDST|TAL,BDMD|DWTX|LITM|PSNYW|RECT|SPHL
2025-01-24,11,11,5,45.5,6,6,ACON|ALUR|DDD|DWTX|ELAB|EVAX|FPH|NVNI|NVOX|PRFX|RNAZ,NVNI|RNAZ|NEUP|PCLA|ASST|EVAX|HYPD|JZXN|ELAB|ACON|ABVE,ACON|ELAB|EVAX|NVNI|RNAZ,ALUR|DDD|DWTX|FPH|NVOX|PRFX,ABVE|ASST|HYPD|JZXN|NEUP|PCLA
2025-01-27,8,8,2,25.0,6,6,BLNE|BNZI|CLIK|FMST|HWH|JG|NVD|ZKIN,HWH|SHMDW|YIBO|DWTX|JL|AIMD|FMST|EVAX,FMST|HWH,BLNE|BNZI|CLIK|JG|NVD|ZKIN,AIMD|DWTX|EVAX|JL|SHMDW|YIBO
2025-01-28,6,6,1,16.7,5,5,DXR|MOB|SGRY|SLXN|TC|ZKIN,IRS.WS|SNTG|BLBX|SLXN|RNAZ|JL,SLXN,DXR|MOB|SGRY|TC|ZKIN,BLBX|IRS.WS|JL|RNAZ|SNTG
2025-01-29,12,12,5,41.7,7,7,BNZI|BRAG|CHAI|EVTV|HURA|LGCL|NWTG|OKYO|PACK|SLXN|SXTP|TLF,KRKR|ZNTL|SLXN|NWTG|NVNI|RNTX|SABS|SXTP|BNZI|ZKIN|GITS|OKYO,BNZI|NWTG|OKYO|SLXN|SXTP,BRAG|CHAI|EVTV|HURA|LGCL|PACK|TLF,GITS|KRKR|NVNI|RNTX|SABS|ZKIN|ZNTL
2025-01-30,9,9,2,22.2,7,7,ATHE|BNZI|CELZ|FEED|KZIA|NWTG|ONEW|PCSA|XFOR,FOXX|NUWE|OKYO|ABVE|KZIA|ACON|SKBL|DWTX|NWTG,KZIA|NWTG,ATHE|BNZI|CELZ|FEED|ONEW|PCSA|XFOR,ABVE|ACON|DWTX|FOXX|NUWE|OKYO|SKBL
2025-01-31,8,8,3,37.5,5,5,CIFR|CYCN|HUBC|LVO|NCEL|ORKT|REBN|VSA,VSA|WLDSW|REBN|JL|CYCN|DOMH|ABVE|WNW,CYCN|REBN|VSA,CIFR|HUBC|LVO|NCEL|ORKT,ABVE|DOMH|JL|WLDSW|WNW
2025-02-03,8,8,2,25.0,6,6,BCTX|GHRS|IVVD|KC|MX|REBN|SSYS|USGO,ZBAI|TNXP|ICU|NWTG|IVVD|REBN|SUUN|FMST,IVVD|REBN,BCTX|GHRS|KC|MX|SSYS|USGO,FMST|ICU|NWTG|SUUN|TNXP|ZBAI
2025-02-04,5,5,4,80.0,1,1,CPIX|EMPD|EVAX|QNTM|XGN,EMPD|QNTM|ACON|EVAX|XGN,EMPD|EVAX|QNTM|XGN,CPIX,ACON
2025-02-05,9,9,1,11.1,8,8,ACB|ASST|BBAI|CRTO|CYN|EDBL|MAT|PLCE|SNES,BULLW|MDCXW|TNXP|NVCT|RNAZ|ASST|CPIX|SLXN|KRKR,ASST,ACB|BBAI|CRTO|CYN|EDBL|MAT|PLCE|SNES,BULLW|CPIX|KRKR|MDCXW|NVCT|RNAZ|SLXN|TNXP
2025-02-06,10,10,3,30.0,7,7,APPS|HKD|IVVD|PTON|QNTM|RANI|RLMD|RNAZ|SBET|UGRO,SEGG|FOXX|FEAM|YSXT|FBYD|SBET|CJMB|QNTM|RNAZ|CRML,QNTM|RNAZ|SBET,APPS|HKD|IVVD|PTON|RANI|RLMD|UGRO,CJMB|CRML|FBYD|FEAM|FOXX|SEGG|YSXT
2025-02-07,10,10,3,30.0,7,7,CLSK|CRMLW|DC|DC.WS|DRIO|FARM|PGY|PINS|SEGG|UPC,UPC|SBET|DC.WS|PMAX|STEX|CRNC|NTRB|TNXP|CJMB|FARM,DC.WS|FARM|UPC,CLSK|CRMLW|DC|DRIO|PGY|PINS|SEGG,CJMB|CRNC|NTRB|PMAX|SBET|STEX|TNXP
2025-02-10,12,12,4,33.3,8,8,ATLX|BDRX|BNAI|BOOM|CYN|DOMH|FHTX|MNTS|MPAA|NCEL|PNBK|SLDB,BNAI|CYN|MNTS|NVNI|IVVD|DOMH|JG|ATAI|AIOT|BALY|GRCE|SXTP,BNAI|CYN|DOMH|MNTS,ATLX|BDRX|BOOM|FHTX|MPAA|NCEL|PNBK|SLDB,AIOT|ATAI|BALY|GRCE|IVVD|JG|NVNI|SXTP
2025-02-11,6,6,1,16.7,5,5,CYN|DOMH|INAB|PERF|RAIN|SATL,MDCXW|FLYE|FBGL|CYN|RILYL|CJMB,CYN,DOMH|INAB|PERF|RAIN|SATL,CJMB|FBGL|FLYE|MDCXW|RILYL
2025-02-12,4,4,0,0.0,4,4,DUO|IPDN|NEUP|SMCL,MNDR|ENGNW|NWTG|SMWB,,DUO|IPDN|NEUP|SMCL,ENGNW|MNDR|NWTG|SMWB
2025-02-13,11,11,1,9.1,10,10,DNOW|GNPX|MBRX|MKZR|OPRT|OPTU|OTLY|PGY|PLRX|SBC|SOC,MBRX|LITM|AMPX.WS|MSW|CRSR|MDCX|CYN|MTW|BZAI|WLDSW|AISP,MBRX,DNOW|GNPX|MKZR|OPRT|OPTU|OTLY|PGY|PLRX|SBC|SOC,AISP|AMPX.WS|BZAI|CRSR|CYN|LITM|MDCX|MSW|MTW|WLDSW
2025-02-14,15,15,6,40.0,9,9,CNSP|DCH|ELME|FLYX|MBRX|MDCX|MKZR|NUS|OSTX|PONY|RCEL|SOGP|TRON|WRD|ZH,FEED|MBRX|TRON|NWTG|PACB|CNSP|LRE|QCLS|WRD|VLN|EMPD|FLYX|NUS|SEGG|UMAC,CNSP|FLYX|MBRX|NUS|TRON|WRD,DCH|ELME|MDCX|MKZR|OSTX|PONY|RCEL|SOGP|ZH,EMPD|FEED|LRE|NWTG|PACB|QCLS|SEGG|UMAC|VLN
2025-02-18,18,18,4,22.2,14,14,AGRO|CBIO|CETX|DFSC|EFOI|ESLA|GRAB|HCTI|IPHA|LXRX|OSCR|PCT|PGY|PRFX|SLDB|TRON|WRD|ZSTK,ABVC|DFSC|EDBL|ALLO|HAO|BOXL|TRON|MDCXW|PULM|MPAA|PRFX|MOBBW|CYCU|REBN|PACB|XBP|MYSE|HCTI,DFSC|HCTI|PRFX|TRON,AGRO|CBIO|CETX|EFOI|ESLA|GRAB|IPHA|LXRX|OSCR|PCT|PGY|SLDB|WRD|ZSTK,ABVC|ALLO|BOXL|CYCU|EDBL|HAO|MDCXW|MOBBW|MPAA|MYSE|PACB|PULM|REBN|XBP
2025-02-19,7,7,2,28.6,5,5,ADEA|CD|EDIT|HIND|SINT|SMCL|UIS,ALLO|SINT|EDIT|MBRX|HUHU|CURR|SBLX,EDIT|SINT,ADEA|CD|HIND|SMCL|UIS,ALLO|CURR|HUHU|MBRX|SBLX
2025-02-20,14,14,5,35.7,9,9,AMPL|ASBP|CADL|CVM|HLF|KYNB|LUNG|MNDR|PCLA|SUIG|U|VNET|WOK|XOS,WOK|NEOVW|XOS|MNDR|GRI|STEX|DRTSW|STXS|AGH|GDHG|LUNG|SMCX|SEGG|CADL,CADL|LUNG|MNDR|WOK|XOS,AMPL|ASBP|CVM|HLF|KYNB|PCLA|SUIG|U|VNET,AGH|DRTSW|GDHG|GRI|NEOVW|SEGG|SMCX|STEX|STXS
2025-02-21,9,9,2,22.2,7,7,AMN|ESLA|FIVN|GDEV|GDYN|NAAS|RNTX|TUYA|UPC,DC.WS|UPC|TXMD|CYN|MOBBW|GDEV|KPLT|SINT|HIMS,GDEV|UPC,AMN|ESLA|FIVN|GDYN|NAAS|RNTX|TUYA,CYN|DC.WS|HIMS|KPLT|MOBBW|SINT|TXMD
2025-02-24,9,9,4,44.4,5,5,ATPC|CNEY|CRML|GSUN|MBAI|MFI|MKZR|PEPG|QVCGA,GSUN|ATPC|PEPG|MBAI|HWH|NVNI|HCTI|TLX|WNW,ATPC|GSUN|MBAI|PEPG,CNEY|CRML|MFI|MKZR|QVCGA,HCTI|HWH|NVNI|TLX|WNW
2025-02-25,14,14,5,35.7,9,9,ADIL|AHCO|CHAI|DDC|EVER|LE|LI|MFI|PGEN|SLMT|SNES|SXTC|VIVS|WAFU,WAFU|TLSIW|ADIL|SLXN|WLDSW|SLMT|AMBO|SXTC|STEX|VIVS|MSW|CRMLW|EEIQ|NTRBW,ADIL|SLMT|SXTC|VIVS|WAFU,AHCO|CHAI|DDC|EVER|LE|LI|MFI|PGEN|SNES,AMBO|CRMLW|EEIQ|MSW|NTRBW|SLXN|STEX|TLSIW|WLDSW
2025-02-26,12,12,2,16.7,10,10,CHAI|CLIK|ENVB|GOTU|GTM|HCTI|HUMA|HYFT|INGN|JBI|PRCH|VISN,ENVB|HWH|DTCX|DDC|HTCO|YSXT|MLEC|HUIZ|PESI|HCTI|TOI|GCTK,ENVB|HCTI,CHAI|CLIK|GOTU|GTM|HUMA|HYFT|INGN|JBI|PRCH|VISN,DDC|DTCX|GCTK|HTCO|HUIZ|HWH|MLEC|PESI|TOI|YSXT
2025-02-27,13,13,4,30.8,9,9,ADTN|AMST|ESGL|LGCB|MQ|OPRA|QNRX|RILY|RILYL|RRGB|SRI|ULY|XNET,ESGL|AMST|WAFU|ULY|GOTU|LZMH|MOBBW|DRTSW|QNRX|ENGNW|HCTI|HWH|XWIN,AMST|ESGL|QNRX|ULY,ADTN|LGCB|MQ|OPRA|RILY|RILYL|RRGB|SRI|XNET,DRTSW|ENGNW|GOTU|HCTI|HWH|LZMH|MOBBW|WAFU|XWIN
2025-02-28,8,8,1,12.5,7,7,ACH|ARBB|BTAI|EXFY|NVVE|ORGO|PMAX|PRGO,NVNI|ORGO|ENVB|NVNO|ICON|SHMDW|ESGL|RPID,ORGO,ACH|ARBB|BTAI|EXFY|NVVE|PMAX|PRGO,ENVB|ESGL|ICON|NVNI|NVNO|RPID|SHMDW
2025-03-03,11,11,4,36.4,7,7,ANRO|BTAI|BTCT|BTOG|CLRO|FTFT|GOVX|GRDX|GRRR|MKTW|POLA,BTAI|GRDX|FTFT|ONEG|PLRX|BTOG|NCEW|LXRX|PCLA|IBG|NUAIW,BTAI|BTOG|FTFT|GRDX,ANRO|BTCT|CLRO|GOVX|GRRR|MKTW|POLA,IBG|LXRX|NCEW|NUAIW|ONEG|PCLA|PLRX
2025-03-04,6,6,2,33.3,4,4,BTOG|CYCU|FRGT|JFIN|MASS|RDGT,RDGT|FRGT|WHLR|NTRBW|LNKS|ONEG,FRGT|RDGT,BTOG|CYCU|JFIN|MASS,LNKS|NTRBW|ONEG|WHLR
2025-03-05,8,8,2,25.0,6,6,ARBB|CTOS|CYCU|GV|NAGE|SCOR|SLXN|YMM,GV|NWTG|SLXN|AIMD|RADX|GANX|ACON|ATPC,GV|SLXN,ARBB|CTOS|CYCU|NAGE|SCOR|YMM,ACON|AIMD|ATPC|GANX|NWTG|RADX
2025-03-06,4,4,1,25.0,3,3,AGMH|BGLC|ECX|GV,AEON|AGMH|TNXP|SCLX,AGMH,BGLC|ECX|GV,AEON|SCLX|TNXP
2025-03-07,10,10,2,20.0,8,8,BTOG|CTMX|FAMI|GENK|GV|GYRE|ICON|SUNE|USAR|WHLR,GV|AEON|LODE|WHLR|LUNR|DWTX|AMBO|SPRU|APYX|PSIG,GV|WHLR,BTOG|CTMX|FAMI|GENK|GYRE|ICON|SUNE|USAR,AEON|AMBO|APYX|DWTX|LODE|LUNR|PSIG|SPRU
2025-03-10,8,8,3,37.5,5,5,BDRX|BENF|CMTL|DWTX|FBIO|SNOA|STSS|TRVI,SNOA|ABTS|DWTX|SBET|MNDR|STSS|AEON|CCLD,DWTX|SNOA|STSS,BDRX|BENF|CMTL|FBIO|TRVI,ABTS|AEON|CCLD|MNDR|SBET
2025-03-11,7,7,0,0.0,7,7,BVS|FTK|HLLY|LFMD|ONDS|SNOA|WATT,SABS|LANV|BTOG|RAY|PRLD|EWCZ|CURR,,BVS|FTK|HLLY|LFMD|ONDS|SNOA|WATT,BTOG|CURR|EWCZ|LANV|PRLD|RAY|SABS
2025-03-12,12,12,3,25.0,9,9,CURI|CXM|DWTX|EH|GRPN|HCTI|MX|OPRX|SFIX|SSP|STI|TSLG,WLDSW|RDIB|YJ|OPRX|CRVO|STI|MAAS|HTCO|MCRP|NWTG|DWTX|SUNE,DWTX|OPRX|STI,CURI|CXM|EH|GRPN|HCTI|MX|SFIX|SSP|TSLG,CRVO|HTCO|MAAS|MCRP|NWTG|RDIB|SUNE|WLDSW|YJ
2025-03-13,12,12,1,8.3,11,11,AVAH|BRLT|CCLD|CRVO|HYFT|MGTX|NWTG|PHAR|RAIL|SNES|SRTA|XCUR,BON|STSS|SSP|FOSL|CBUS|SRTA|HCTI|OPRX|RECT|NN|CREG|BDMD,SRTA,AVAH|BRLT|CCLD|CRVO|HYFT|MGTX|NWTG|PHAR|RAIL|SNES|XCUR,BDMD|BON|CBUS|CREG|FOSL|HCTI|NN|OPRX|RECT|SSP|STSS
2025-03-14,11,11,2,18.2,9,9,BON|CNL|GDOT|GOGO|KRRO|MRM|NCEW|QBTS|QMCO|QUBT|SUNE,MCRP|VUZI|SUNE|ACON|BON|FEED|UFG|CURR|MIGI|AIRS|MTEN,BON|SUNE,CNL|GDOT|GOGO|KRRO|MRM|NCEW|QBTS|QMCO|QUBT,ACON|AIRS|CURR|FEED|MCRP|MIGI|MTEN|UFG|VUZI
2025-03-17,9,9,1,11.1,8,8,ACON|ANNX|ARQQ|ENTX|FEED|HYPR|INUV|QUBT|SES,WLDSW|CLIK|NWTG|CWD|BAOS|NIU|SKBL|LANV|SES,SES,ACON|ANNX|ARQQ|ENTX|FEED|HYPR|INUV|QUBT,BAOS|CLIK|CWD|LANV|NIU|NWTG|SKBL|WLDSW
2025-03-18,7,7,1,14.3,6,6,CANF|FINV|GNPX|INDP|LITM|THM|XTIA,INDP|KBSX|XWIN|DGXX|GLXG|BYAH|NWTG,INDP,CANF|FINV|GNPX|LITM|THM|XTIA,BYAH|DGXX|GLXG|KBSX|NWTG|XWIN
2025-03-19,7,7,2,28.6,5,5,BDRX|BDTX|CNF|IRIX|LSE|STNE|XHLD,XHLD|CWD|SUNE|BTAI|LSE|KBSX|SKBL,LSE|XHLD,BDRX|BDTX|CNF|IRIX|STNE,BTAI|CWD|KBSX|SKBL|SUNE
2025-03-20,6,6,2,33.3,4,4,ASBP|DBI|ELAB|GCTK|VSME|VVPR,GCTK|TAOX|ELAB|NEOV|HTCO|CLIK,ELAB|GCTK,ASBP|DBI|VSME|VVPR,CLIK|HTCO|NEOV|TAOX
2025-03-21,10,10,3,30.0,7,7,ALUR|CURV|ELAB|IDN|JVA|LITM|PNBK|RNAZ|VVPR|XHLD,RNAZ|VVPR|XHLD|HWH|CRVO|CHCI|VIVS|WLDSW|NAK|OUST,RNAZ|VVPR|XHLD,ALUR|CURV|ELAB|IDN|JVA|LITM|PNBK,CHCI|CRVO|HWH|NAK|OUST|VIVS|WLDSW
2025-03-24,6,6,1,16.7,5,5,GDHG|HUHU|ICON|KRKR|TNXP|XHLD,UPC|CLIK|IONX|TNXP|ABVE|LUNR,TNXP,GDHG|HUHU|ICON|KRKR|XHLD,ABVE|CLIK|IONX|LUNR|UPC
2025-03-25,8,8,3,37.5,5,5,AGPU|ATNM|AVTX|CTOR|KBSX|MBLY|MYSE|RAY,AGPU|MYSE|GITS|RAY|UPC|EHLD|TRSG|BON,AGPU|MYSE|RAY,ATNM|AVTX|CTOR|KBSX|MBLY,BON|EHLD|GITS|TRSG|UPC
2025-03-26,6,6,3,50.0,3,3,ATNM|BLNE|BNZI|PLTK|VVPR|WVE,NVNI|VVPR|ATNM|XHLD|BNZI|CTOR,ATNM|BNZI|VVPR,BLNE|PLTK|WVE,CTOR|NVNI|XHLD
2025-03-27,11,11,2,18.2,9,9,ACRV|ASST|DRMA|EDAP|HOUR|JFIN|MIST|NKTX|QNTM|WOOF|ZGN,SBLX|HTCO|HTZ|IDAI|EQ|NKTX|WHLR|ASST|GVH|WKSP|CETX,ASST|NKTX,ACRV|DRMA|EDAP|HOUR|JFIN|MIST|QNTM|WOOF|ZGN,CETX|EQ|GVH|HTCO|HTZ|IDAI|SBLX|WHLR|WKSP
2025-03-28,9,9,1,11.1,8,8,BRZE|DLPN|IRIX|KULR|LXRX|PRLD|QNTM|TMC|TWG,HYAC.WS|CMBM|MLEC|QNTM|BIYA|LITB|DUO|LITM|DCX,QNTM,BRZE|DLPN|IRIX|KULR|LXRX|PRLD|TMC|TWG,BIYA|CMBM|DCX|DUO|HYAC.WS|LITB|LITM|MLEC
2025-03-31,6,6,2,33.3,4,4,CTOR|DOMH|HERE|LNZA|MCHB|TRSG,HYAC.WS|CTOR|FEBO|MOBBW|LNZA|MIGI,CTOR|LNZA,DOMH|HERE|MCHB|TRSG,FEBO|HYAC.WS|MIGI|MOBBW
2025-04-01,11,11,3,27.3,8,8,ABVC|BIAF|CNTB|GRI|HIND|MI|MVST|SBET|SONM|STSS|VERU,BIAF|HIND|NMAX|CMPX|HSDT|LXRX|GRI|BYSI|WLDSW|LNZA|SPHL,BIAF|GRI|HIND,ABVC|CNTB|MI|MVST|SBET|SONM|STSS|VERU,BYSI|CMPX|HSDT|LNZA|LXRX|NMAX|SPHL|WLDSW
2025-04-02,13,13,5,38.5,8,8,ANGO|CGNT|HERE|IBG|KUST|PCSA|PHGE|QNRX|SBFM|SIDU|SPWH|SUGP|TTEC,AAME|GNPX|WTF|TCRT|KUST|LNZA|PHGE|FLX|QNRX|SBFM|HERE|SLN|GRI,HERE|KUST|PHGE|QNRX|SBFM,ANGO|CGNT|IBG|PCSA|SIDU|SPWH|SUGP|TTEC,AAME|FLX|GNPX|GRI|LNZA|SLN|TCRT|WTF
2025-04-03,8,8,1,12.5,7,7,ATPC|CARD|CNTX|HIBS|JYD|OILD|PMAX|SCO,APVO|SUNE|JYD|VMAR|NUAIW|GITS|HCTI|BIAF,JYD,ATPC|CARD|CNTX|HIBS|OILD|PMAX|SCO,APVO|BIAF|GITS|HCTI|NUAIW|SUNE|VMAR
2025-04-04,11,11,1,9.1,10,10,AREC|CRMLW|DRIP|FMST|FXP|GRDX|OILD|OMEX|PAMT|SCO|USAR,AIM|HYAC.WS|DDC|LNZA|HIND|FTFT|BIAF|ABVE|USAR|ALDX|VMAR,USAR,AREC|CRMLW|DRIP|FMST|FXP|GRDX|OILD|OMEX|PAMT|SCO,ABVE|AIM|ALDX|BIAF|DDC|FTFT|HIND|HYAC.WS|LNZA|VMAR
2025-04-07,10,10,1,10.0,9,9,BJDX|CMBM|CRMLW|DFDV|FXP|HIBS|LXEO|RJET|SMDD|SUNE,MKDW|ABVC|OPTXW|NWTG|IONX|NUAI|SLE|HIND|BGLC|DFDV,DFDV,BJDX|CMBM|CRMLW|FXP|HIBS|LXEO|RJET|SMDD|SUNE,ABVC|BGLC|HIND|IONX|MKDW|NUAI|NWTG|OPTXW|SLE
2025-04-08,12,12,3,25.0,9,9,BTBD|BTOG|CYCU|FEED|FGI|GLXG|HOOX|NYXH|PLAY|SPIR|SXTP|TKNO,SXTP|FEED|SLSN|MDCXW|MRM|RLYB|CYCU|JZXN|ABVE|SNYR|MKDW|CLNN,CYCU|FEED|SXTP,BTBD|BTOG|FGI|GLXG|HOOX|NYXH|PLAY|SPIR|TKNO,ABVE|CLNN|JZXN|MDCXW|MKDW|MRM|RLYB|SLSN|SNYR
2025-04-09,6,6,2,33.3,4,4,HUBC|MBOT|NDRA|PACB|PHIO|XXII,TE.WS|MKDW|PHIO|MRM|HUBC|OVID,HUBC|PHIO,MBOT|NDRA|PACB|XXII,MKDW|MRM|OVID|TE.WS
2025-04-10,9,9,1,11.1,8,8,ELAB|HIND|HYFM|KROS|LOVE|PRFX|STSS|SUNE|WHLR,MOBBW|STSS|RUMBW|MRM|CAMP|WYY|YQ|STKH|XXII,STSS,ELAB|HIND|HYFM|KROS|LOVE|PRFX|SUNE|WHLR,CAMP|MOBBW|MRM|RUMBW|STKH|WYY|XXII|YQ
2025-04-11,6,6,1,16.7,5,5,BGLC|BON|CERT|IPDN|RXRX|SLP,BON|BULLW|CLRO|PL.WS|DRTSW|FRGT,BON,BGLC|CERT|IPDN|RXRX|SLP,BULLW|CLRO|DRTSW|FRGT|PL.WS
2025-04-14,14,14,5,35.7,9,9,AREC|ARTL|BEEM|BULL|BULLW|CANF|CRML|MVLL|NB|STSS|TMC|TOI|TUSK|USAR,HTCO|RBNE|AREC|NUAIW|ARTL|BULL|BULLW|SUNE|WTF|STSS|STEX|ADVB|CRMLW|VRCA,AREC|ARTL|BULL|BULLW|STSS,BEEM|CANF|CRML|MVLL|NB|TMC|TOI|TUSK|USAR,ADVB|CRMLW|HTCO|NUAIW|RBNE|STEX|SUNE|VRCA|WTF
2025-04-15,9,9,1,11.1,8,8,ARBB|BULLW|DTIL|HUIZ|IE|NB|SNYR|TMC|USAR,PROK|BOXL|HIT|DWTX|STSS|SWAG|ARBB|RZLV|UUU,ARBB,BULLW|DTIL|HUIZ|IE|NB|SNYR|TMC|USAR,BOXL|DWTX|HIT|PROK|RZLV|STSS|SWAG|UUU
2025-04-16,8,8,2,25.0,6,6,AREN|BCTX|HTZ|MIRA|NB|NIOBW|OMEX|RVSN,ZEO|NIOBW|ADAG|ABVE|IOTR|SUNE|AREN|BULLW,AREN|NIOBW,BCTX|HTZ|MIRA|NB|OMEX|RVSN,ABVE|ADAG|BULLW|IOTR|SUNE|ZEO
2025-04-17,8,8,2,25.0,6,6,AREC|CMND|EVO|HTZ|HTZWW|SXTC|UFI|UGRO,SXTC|FGI|CLIK|NIOBW|AREC|ABVE|STEX|HIND,AREC|SXTC,CMND|EVO|HTZ|HTZWW|UFI|UGRO,ABVE|CLIK|FGI|HIND|NIOBW|STEX
2025-04-21,6,6,1,16.7,5,5,APVO|DWTX|GMM|HIND|IPM|SBFM,DGXX|CLIK|BAOS|RNAZ|DWTX|LGCL,DWTX,APVO|GMM|HIND|IPM|SBFM,BAOS|CLIK|DGXX|LGCL|RNAZ
2025-04-22,7,7,2,28.6,5,5,IBIO|INTJ|NG|OBIO|SLI|SXTC|WNW,WNW|SXTC|CLIK|CMCT|FMST|HTCO|AHG,SXTC|WNW,IBIO|INTJ|NG|OBIO|SLI,AHG|CLIK|CMCT|FMST|HTCO
2025-04-23,13,13,3,23.1,10,10,AGMH|BTOG|CBIO|JYD|MIND|NDRA|NVAX|RLMD|RZLT|SLXN|SNOA|TIL|XXI,JYD|MCRB|SLXN|ABVE|XWIN|AXIL|WTF|NG|UCL|PLAG|PONY|IFBD|RLMD,JYD|RLMD|SLXN,AGMH|BTOG|CBIO|MIND|NDRA|NVAX|RZLT|SNOA|TIL|XXI,ABVE|AXIL|IFBD|MCRB|NG|PLAG|PONY|UCL|WTF|XWIN
2025-04-24,12,12,3,25.0,9,9,BCTX|CNEY|CYH|DFSC|EPSM|LGCB|LRHC|NUWE|PONY|SNT|XXI|ZENA,XELB|OMEX|TMC|XXI|WETH|CNEY|ZEO|PHIO|VIVS|VSME|AREN|LGCB,CNEY|LGCB|XXI,BCTX|CYH|DFSC|EPSM|LRHC|NUWE|PONY|SNT|ZENA,AREN|OMEX|PHIO|TMC|VIVS|VSME|WETH|XELB|ZEO
2025-04-25,5,5,0,0.0,5,5,AGMH|OMEX|PONY|SES|XXI,WHLR|SXTC|HUIZ|GREE|RNAZ,,AGMH|OMEX|PONY|SES|XXI,GREE|HUIZ|RNAZ|SXTC|WHLR
2025-04-28,7,7,2,28.6,5,5,AGMH|AMPY|BCDA|HIMZ|OMEX|PLUG|RBOT,NAAS|JFU|AGMH|BON|MDCX|OMEX|FENG,AGMH|OMEX,AMPY|BCDA|HIMZ|PLUG|RBOT,BON|FENG|JFU|MDCX|NAAS
2025-04-29,7,7,1,14.3,6,6,BON|EVLV|HIMS|HIMZ|LEG|LFMD|SOFX,BGMS|AURE|BON|NVNI|FENG|GDHG|ABVE,BON,EVLV|HIMS|HIMZ|LEG|LFMD|SOFX,ABVE|AURE|BGMS|FENG|GDHG|NVNI
2025-04-30,8,8,1,12.5,7,7,ABVE|FRGT|GCTK|JFBR|NTRB|ORBS|PYPD|ULY,CNF|VCICW|JFU|BRIA|LVO|SAGT|ABVE|FGI,ABVE,FRGT|GCTK|JFBR|NTRB|ORBS|PYPD|ULY,BRIA|CNF|FGI|JFU|LVO|SAGT|VCICW
2025-05-01,5,5,0,0.0,5,5,BTOG|FMST|MSFL|NVNI|RNAZ,MDCXW|GHG|CCM|NCI|PBM,,BTOG|FMST|MSFL|NVNI|RNAZ,CCM|GHG|MDCXW|NCI|PBM
2025-05-02,10,10,3,30.0,7,7,ADIL|ADPT|AIRS|BOOM|CNEY|FRGT|HIND|NPKI|PLRZ|SPHL,KBSX|PLRZ|MAAS|ABVE|PONY|ADIL|HSDT|ADPT|SSP|BIYA,ADIL|ADPT|PLRZ,AIRS|BOOM|CNEY|FRGT|HIND|NPKI|SPHL,ABVE|BIYA|HSDT|KBSX|MAAS|PONY|SSP
2025-05-05,7,7,0,0.0,7,7,DFSC|EPRX|FMST|FNGR|IMMP|NCNA|SBET,GVH|ABTC|ARKR|PLRZ|SPHL|RYM|AGMH,,DFSC|EPRX|FMST|FNGR|IMMP|NCNA|SBET,ABTC|AGMH|ARKR|GVH|PLRZ|RYM|SPHL
2025-05-06,13,13,2,15.4,11,11,AIFU|ARRY|ATRA|BW.PRA|CAMP|CCLD|DHC|EVGO|GLDD|HRTX|TDUP|UPWK|WRD,HIMZ|BW.PRA|GVH|SBET|DHC|RYET|EQ|HIMS|DRMA|RAY|DFSC|AGMH|ABVE,BW.PRA|DHC,AIFU|ARRY|ATRA|CAMP|CCLD|EVGO|GLDD|HRTX|TDUP|UPWK|WRD,ABVE|AGMH|DFSC|DRMA|EQ|GVH|HIMS|HIMZ|RAY|RYET|SBET
2025-05-07,11,11,3,27.3,8,8,ASST|CIGL|CNEY|CURI|CVGI|EHTH|NCEW|NRDS|OSCR|PRCH|SNES,NCEW|NCMI|KUST|LCFY|BULLW|CURI|LIVE|SORA|PL.WS|ASST|TROO,ASST|CURI|NCEW,CIGL|CNEY|CVGI|EHTH|NRDS|OSCR|PRCH|SNES,BULLW|KUST|LCFY|LIVE|NCMI|PL.WS|SORA|TROO
2025-05-08,20,20,4,20.0,16,16,ACTG|AKBA|ALVO|ASST|AVAH|BBD|BBDO|DCTH|EBS|FSLY|GRPN|LZ|MRAL|NVAX|QBTS|RELY|STI|STKL|ZKIN|ZVIA,QVCGA|ASST|MIRA|ZVIA|STI|SLE|GIBO|OLPX|ZKIN|ADVB|SCWO|RVMDW|VOR|GTN|ASPN|EEIQ|AGMH|CYRX|HDSN|RNAZ,ASST|STI|ZKIN|ZVIA,ACTG|AKBA|ALVO|AVAH|BBD|BBDO|DCTH|EBS|FSLY|GRPN|LZ|MRAL|NVAX|QBTS|RELY|STKL,ADVB|AGMH|ASPN|CYRX|EEIQ|GIBO|GTN|HDSN|MIRA|OLPX|QVCGA|RNAZ|RVMDW|SCWO|SLE|VOR
2025-05-09,17,17,3,17.6,14,14,ACET|AMN|CHAI|CRVS|CTMX|DH|FGI|FOXF|GDOT|GOGO|INUV|LYFT|MITK|NVVE|RPID|TASK|ZKIN,NUAIW|NVVE|NCNA|BTCS|WBUY|AARD|FLWS|GOGO|CHAI|ASST|PHAT|HAO|HIND|IZEA|RUM|BULLW|SERV,CHAI|GOGO|NVVE,ACET|AMN|CRVS|CTMX|DH|FGI|FOXF|GDOT|INUV|LYFT|MITK|RPID|TASK|ZKIN,AARD|ASST|BTCS|BULLW|FLWS|HAO|HIND|IZEA|NCNA|NUAIW|PHAT|RUM|SERV|WBUY
2025-05-12,19,19,5,26.3,14,14,ABTC|BAOS|BW.PRA|CTMX|FLNC|FNGU|FNKO|FRGT|FTRE|JYD|PMN|RGTX|SLE|SOS|SRTA|SST|TAOP|TLS|VOR,TAOP|UHG|FRGT|ENGN|TWG|CCM|INHD|ROMA|SBLX|FNKO|TORO|ABTS|GVH|SOS|SORA|PETZ|CTMX|DFDV|NGNE,CTMX|FNKO|FRGT|SOS|TAOP,ABTC|BAOS|BW.PRA|FLNC|FNGU|FTRE|JYD|PMN|RGTX|SLE|SRTA|SST|TLS|VOR,ABTS|CCM|DFDV|ENGN|GVH|INHD|NGNE|PETZ|ROMA|SBLX|SORA|TORO|TWG|UHG
2025-05-13,18,18,5,27.8,13,13,ABTC|ALZN|ARRY|BDTX|BKKT|CNSP|ELSE|HUMA|LICN|LUNR|MDCX|OMER|OPRX|OPXS|TBI|TONX|VFF|VTSI,ORIO|NUAIW|VOR|TNMG|AMPX.WS|GVH|IMNN|LICN|RVMDW|VTSI|ABTC|SBLX|SPRU|BKKT|CRIS|ZKIN|CNSP|CELU,ABTC|BKKT|CNSP|LICN|VTSI,ALZN|ARRY|BDTX|ELSE|HUMA|LUNR|MDCX|OMER|OPRX|OPXS|TBI|TONX|VFF,AMPX.WS|CELU|CRIS|GVH|IMNN|NUAIW|ORIO|RVMDW|SBLX|SPRU|TNMG|VOR|ZKIN
2025-05-14,11,11,2,18.2,9,9,ABSI|ADCT|ALUR|BTCS|HWH|IZEA|LUCY|LUXE|NCNA|RANI|RDCM,HCTI|BON|TNMG|HWH|LYRA|WALD|TRAW|TLYS|ZKIN|SBLX|RANI,HWH|RANI,ABSI|ADCT|ALUR|BTCS|IZEA|LUCY|LUXE|NCNA|RDCM,BON|HCTI|LYRA|SBLX|TLYS|TNMG|TRAW|WALD|ZKIN
2025-05-15,10,10,2,20.0,8,8,ATRA|AYTU|BNGO|CETX|CLIK|DLO|EKSO|GOTU|NCNA|TOI,RVMDW|TAOP|ABTC|CLIK|VSA|NCNA|RCAT|AEVA|TE|BW.PRA,CLIK|NCNA,ATRA|AYTU|BNGO|CETX|DLO|EKSO|GOTU|TOI,ABTC|AEVA|BW.PRA|RCAT|RVMDW|TAOP|TE|VSA
2025-05-16,11,11,1,9.1,10,10,AMST|BON|CABA|EVLV|LGCY|LWLG|QUBT|SORA|SPCE|SUGP|TSSI,VOR|MOBBW|GRDX|SBLX|CHAI|BON|BULLW|ARDX|IMNN|ABTC|RAIN,BON,AMST|CABA|EVLV|LGCY|LWLG|QUBT|SORA|SPCE|SUGP|TSSI,ABTC|ARDX|BULLW|CHAI|GRDX|IMNN|MOBBW|RAIN|SBLX|VOR
2025-05-19,6,6,2,33.3,4,4,CHAI|HCTI|MOVE|NVAX|PLRZ|SOC,CLIK|NFE|HCTI|CHAI|SIEB|AISP,CHAI|HCTI,MOVE|NVAX|PLRZ|SOC,AISP|CLIK|NFE|SIEB
2025-05-20,18,18,5,27.8,13,13,BIAF|CHAI|EDBL|EFOI|EQS|FTEK|HCTI|HYPD|IDN|LAES|NRXS|OKUR|QBTS|QIPT|TIL|TNMG|XTIA|XYF,TNMG|TNGX|MRM|ICG|EDBL|NRXS|BBLG|PCLA|ASBP|HCTI|BULLW|CHAI|PRCH|BZAI|ASPI|PXLW|GREE|TC,CHAI|EDBL|HCTI|NRXS|TNMG,BIAF|EFOI|EQS|FTEK|HYPD|IDN|LAES|OKUR|QBTS|QIPT|TIL|XTIA|XYF,ASBP|ASPI|BBLG|BULLW|BZAI|GREE|ICG|MRM|PCLA|PRCH|PXLW|TC|TNGX
2025-05-21,7,7,0,0.0,7,7,BDSX|EDBL|GOOS|HYLN|PLRZ|RILYZ|WOK,RVMDW|BULLW|MRM|DFNS|TNMG|CRMLW|APVO,,BDSX|EDBL|GOOS|HYLN|PLRZ|RILYZ|WOK,APVO|BULLW|CRMLW|DFNS|MRM|RVMDW|TNMG
2025-05-22,7,7,1,14.3,6,6,BDRX|DGXX|IMNN|LUMN|NVTS|TIL|VTYX,TLSIW|RCON|BON|CHAI|DOMO|WOLF|IMNN,IMNN,BDRX|DGXX|LUMN|NVTS|TIL|VTYX,BON|CHAI|DOMO|RCON|TLSIW|WOLF
2025-05-23,9,9,1,11.1,8,8,EU|IMNN|LITM|LTBR|SAIH|SEGG|SMR|UEC|URG,PMAX|RVMDW|CHAI|DOUG|IMNN|KUST|HNRG|RGTX|GDHG,IMNN,EU|LITM|LTBR|SAIH|SEGG|SMR|UEC|URG,CHAI|DOUG|GDHG|HNRG|KUST|PMAX|RGTX|RVMDW
2025-05-27,6,6,0,0.0,6,6,ARQQ|EMPD|GYRE|LFST|SBET|UEC,LVWR|CETX|AEON|IMNN|ATLN|ZENA,,ARQQ|EMPD|GYRE|LFST|SBET|UEC,AEON|ATLN|CETX|IMNN|LVWR|ZENA
2025-05-28,11,11,3,27.3,8,8,ASBP|BNKK|BRLS|CURR|JOBY|JOBY.WS|LVWR|SCWO|SPRO|UHG|VERU,ASBP|PLRZ|MDCXW|SCWO|CURR|YSXT|SAIH|ARAI|KUST|IMNN|SBET,ASBP|CURR|SCWO,BNKK|BRLS|JOBY|JOBY.WS|LVWR|SPRO|UHG|VERU,ARAI|IMNN|KUST|MDCXW|PLRZ|SAIH|SBET|YSXT
2025-05-29,14,14,2,14.3,12,12,AI|AIYY|ALZN|BOSC|DDC|FEED|HCTI|KSS|ORIC|PDYN|SSII|TALK|TSHA|XELB,HKD|NUAIW|RVMDW|SBET|HCTI|BNRG|GDHG|ALZN|SORA|ASBP|APUS|SCWO|LZMH|TTGT,ALZN|HCTI,AI|AIYY|BOSC|DDC|FEED|KSS|ORIC|PDYN|SSII|TALK|TSHA|XELB,APUS|ASBP|BNRG|GDHG|HKD|LZMH|NUAIW|RVMDW|SBET|SCWO|SORA|TTGT
2025-05-30,9,9,4,44.4,5,5,BLRX|GITS|GWH|LVWR|OXBR|PATH|PBM|RRGB|VVPR,LNZA|GWH|IMNN|RRGB|BENF|ROLR|LVWR|BNAI|BLRX,BLRX|GWH|LVWR|RRGB,GITS|OXBR|PATH|PBM|VVPR,BENF|BNAI|IMNN|LNZA|ROLR
2025-06-02,12,12,2,16.7,10,10,ANIX|BNAI|CLF|FGI|IRD|LYRA|MFI|NTRB|ONDS|RVYL|VYGR|WYY,RVYL|NUAIW|RAY|NTRBW|IQST|SLE|MFI|INTS|PLUT|XWIN|HYPR|LRE,MFI|RVYL,ANIX|BNAI|CLF|FGI|IRD|LYRA|NTRB|ONDS|VYGR|WYY,HYPR|INTS|IQST|LRE|NTRBW|NUAIW|PLUT|RAY|SLE|XWIN
2025-06-03,10,10,0,0.0,10,10,AGEN|AP|ESLA|HYPD|KPRX|MLTX|ONDS|REVB|SRFM|TRAW,BNKK|CYCU|CMBM|LYRA|SEGG|ASBP|SBET|BMEA|DFDV|HIMZ,,AGEN|AP|ESLA|HYPD|KPRX|MLTX|ONDS|REVB|SRFM|TRAW,ASBP|BMEA|BNKK|CMBM|CYCU|DFDV|HIMZ|LYRA|SBET|SEGG
2025-06-04,8,8,2,25.0,6,6,BAOS|CLRB|JFIN|LOOP|NCEW|SGMT|STSS|YEXT,LOOP|CLRB|PTNM|LNKS|BON|YHGJ|HIMZ|PCSA,CLRB|LOOP,BAOS|JFIN|NCEW|SGMT|STSS|YEXT,BON|HIMZ|LNKS|PCSA|PTNM|YHGJ
2025-06-05,9,9,2,22.2,7,7,BW|CD|MKDW|PHIO|PL.WS|RVYL|TGE|ZENA|ZJK,PL.WS|AIHS|BW|SXTC|RLYB|HSDT|ACH|TLYS|PFAI,BW|PL.WS,CD|MKDW|PHIO|RVYL|TGE|ZENA|ZJK,ACH|AIHS|HSDT|PFAI|RLYB|SXTC|TLYS
2025-06-06,9,9,1,11.1,8,8,BJDX|CLYM|EVAX|HSDT|HYPD|NBP|RENT|TGE|WBUY,FCEL|WBUY|NAMM|BNAI|IPW|NCNA|ANL|RIOX|INTS,WBUY,BJDX|CLYM|EVAX|HSDT|HYPD|NBP|RENT|TGE,ANL|BNAI|FCEL|INTS|IPW|NAMM|NCNA|RIOX
2025-06-09,20,20,4,20.0,16,16,ALAR|ANIX|CNTX|CTOR|DPRO|ELAB|EVEX|EVTL|JOBY.WS|MB|MNY|NCEL|NMRA|PYPD|SOGP|SRTA|TAOX|TPST|UMAC|WRAP,TAOX|DFDV|UAVS|TE.WS|NMRA|MNY|LNZA|XWIN|ROMA|TELO|MFI|ELAB|HYPD|HOVR|FCEL|ZENA|APUS|IPW|NAMM|SSP,ELAB|MNY|NMRA|TAOX,ALAR|ANIX|CNTX|CTOR|DPRO|EVEX|EVTL|JOBY.WS|MB|NCEL|PYPD|SOGP|SRTA|TPST|UMAC|WRAP,APUS|DFDV|FCEL|HOVR|HYPD|IPW|LNZA|MFI|NAMM|ROMA|SSP|TE.WS|TELO|UAVS|XWIN|ZENA
2025-06-10,10,10,3,30.0,7,7,ARAI|DPRO|LICN|MGNX|MYSE|NCNA|NUWE|QTRX|RFL|SKIL,NCNA|UNCY|DPRO|RVMDW|SYPR|BIYA|JFBR|ARAI|BODI|QUBT,ARAI|DPRO|NCNA,LICN|MGNX|MYSE|NUWE|QTRX|RFL|SKIL,BIYA|BODI|JFBR|QUBT|RVMDW|SYPR|UNCY
2025-06-11,16,16,5,31.2,11,11,ABCL|BMR|CD|FEED|HCTI|HSDT|KBSX|KZIA|OKYO|OUST|PLAY|QUBT|RGTX|SAIL|SLDP|VTAK,NUWE|TWG|FEED|LZMH|XTIA|SPHL|OKYO|MFI|HSDT|SBET|ATLN|KZIA|INTS|YSG|TAOX|KBSX,FEED|HSDT|KBSX|KZIA|OKYO,ABCL|BMR|CD|HCTI|OUST|PLAY|QUBT|RGTX|SAIL|SLDP|VTAK,ATLN|INTS|LZMH|MFI|NUWE|SBET|SPHL|TAOX|TWG|XTIA|YSG
2025-06-12,12,12,4,33.3,8,8,AGIG|CGTL|HCTI|HIND|HPP|HPP.PRC|HYFT|INDO|NUAI|NUAIW|ORCX|RADX,NUAIW|HYFT|PLRZ|HCTI|XTIA|HIND|YSXT|TWG|YOUL|NUWE|RBNE|DFDV,HCTI|HIND|HYFT|NUAIW,AGIG|CGTL|HPP|HPP.PRC|INDO|NUAI|ORCX|RADX,DFDV|NUWE|PLRZ|RBNE|TWG|XTIA|YOUL|YSXT
2025-06-13,17,17,5,29.4,12,12,AGIG|CGTL|DFNS|ICON|IMPP|INDO|MARPS|MXC|PRZO|RBNE|REI|SDOT|SNES|TORO|USEA|USEG|WTI,AGIG|VTAK|HYPD|USEG|RBNE|SDOT|ZENA|BGMS|ICON|PRE|BRN|CETX|XTIA|ADCT|LSE|BATL|GCTS,AGIG|ICON|RBNE|SDOT|USEG,CGTL|DFNS|IMPP|INDO|MARPS|MXC|PRZO|REI|SNES|TORO|USEA|WTI,ADCT|BATL|BGMS|BRN|CETX|GCTS|HYPD|LSE|PRE|VTAK|XTIA|ZENA
2025-06-16,17,17,9,52.9,8,8,BATL|BDMD|BEAT|BNZI|CODA|CREG|CRML|CRMLW|DWSN|GOVX|IMRX|LSE|MARPS|NEON|SBET|SONM|TRON,CREG|SUGP|ZDGE|BATL|SONM|TRON|BNZI|MARPS|BNKK|DWSN|LSE|CGTL|KULR|CRMLW|TMC|NUVB|NAMM,BATL|BNZI|CREG|CRMLW|DWSN|LSE|MARPS|SONM|TRON,BDMD|BEAT|CODA|CRML|GOVX|IMRX|NEON|SBET,BNKK|CGTL|KULR|NAMM|NUVB|SUGP|TMC|ZDGE
2025-06-17,9,9,3,33.3,6,6,ACXP|AGIG|APPS|BGSF|FIEE|GEOS|PCSA|PCT|XTIA,NUAIW|PCSA|HYPD|AIM|MSW|AGIG|LVWR|ACXP|RBNE,ACXP|AGIG|PCSA,APPS|BGSF|FIEE|GEOS|PCT|XTIA,AIM|HYPD|LVWR|MSW|NUAIW|RBNE
2025-06-18,12,12,4,33.3,8,8,APVO|BDRX|DFSC|GOVX|HSDT|HTCO|IMRX|LGHL|LSE|MAIA|MTR|TMC,JZXN|APVO|MNDR|HTCO|HYPD|SSII|WOLF|MTR|DFSC|HUBC|LIXT|SUGP,APVO|DFSC|HTCO|MTR,BDRX|GOVX|HSDT|IMRX|LGHL|LSE|MAIA|TMC,HUBC|HYPD|JZXN|LIXT|MNDR|SSII|SUGP|WOLF
2025-06-20,13,13,4,30.8,9,9,BBGI|BIYA|CMCM|DFLI|GALT|GRRR|LGCL|LUCY|OKYO|OSCR|TRON|WHLR|ZETA,NCNA|SST|RVMDW|RILYL|MBRX|DWSN|XXII|LUCY|DFLI|TRON|GRRR|KOSS|IMRX,DFLI|GRRR|LUCY|TRON,BBGI|BIYA|CMCM|GALT|LGCL|OKYO|OSCR|WHLR|ZETA,DWSN|IMRX|KOSS|MBRX|NCNA|RILYL|RVMDW|SST|XXII
2025-06-23,11,11,3,27.3,8,8,AGIG|CPIX|CRMD|EFOI|GEOS|GNPX|INDO|INDP|LAB|SQNS|ZETA,CURR|INDP|NSYS|HYPD|TRON|SST|LRMR|LGL|INDO|LAB|VOR,INDO|INDP|LAB,AGIG|CPIX|CRMD|EFOI|GEOS|GNPX|SQNS|ZETA,CURR|HYPD|LGL|LRMR|NSYS|SST|TRON|VOR
2025-06-24,7,7,2,28.6,5,5,BLNE|IBIO|RZLV|SRFM|SY|VOR|XBIO,HYPD|DFDV|VOR|MAAS|CURR|CTOR|RZLV,RZLV|VOR,BLNE|IBIO|SRFM|SY|XBIO,CTOR|CURR|DFDV|HYPD|MAAS
2025-06-25,16,16,5,31.2,11,11,ADIL|BB|BLNE|BMBL|DTIL|ETHZ|GCTK|HBNB|INDI|NAAS|QS|SONM|SRFM|TIGR|ULY|XBIO,ICU|SRFM|HSDT|ULY|VOR|CETX|MXC|HBNB|XBIO|FNWB|ROMA|SONM|GVH|CRML|LGHL|EFOI,HBNB|SONM|SRFM|ULY|XBIO,ADIL|BB|BLNE|BMBL|DTIL|ETHZ|GCTK|INDI|NAAS|QS|TIGR,CETX|CRML|EFOI|FNWB|GVH|HSDT|ICU|LGHL|MXC|ROMA|VOR
2025-06-26,14,14,5,35.7,9,9,ADIL|ASTI|BEEM|BIAF|CYN|LIVE|LPSN|MRT|SRFM|SY|TLS|VOR|VVOS|YAAS,TE.WS|VOR|CYN|HTOO|ALT|BIAF|LZMH|EGG|BLIV|DFSC|PLAG|ICU|SRFM|YAAS,BIAF|CYN|SRFM|VOR|YAAS,ADIL|ASTI|BEEM|LIVE|LPSN|MRT|SY|TLS|VVOS,ALT|BLIV|DFSC|EGG|HTOO|ICU|LZMH|PLAG|TE.WS
2025-06-27,9,9,3,33.3,6,6,AOUT|BBLG|CNVS|CYN|FEED|GVH|INMB|LCFY|RILYL,NBP|LCFY|HYPD|SEED|GVH|SPPL|UCFI|CYN|CTOR,CYN|GVH|LCFY,AOUT|BBLG|CNVS|FEED|INMB|RILYL,CTOR|HYPD|NBP|SEED|SPPL|UCFI
2025-06-30,11,11,3,27.3,8,8,ARTL|BDMD|CVKD|EPRX|GDHG|IPDN|LIDR|MNTS|ORCX|WBUY|XCUR,IPDN|HYPD|HBNB|ARTL|DOGZ|ONEG|RYET|XCUR|DFSC|RDNW|BAER,ARTL|IPDN|XCUR,BDMD|CVKD|EPRX|GDHG|LIDR|MNTS|ORCX|WBUY,BAER|DFSC|DOGZ|HBNB|HYPD|ONEG|RDNW|RYET
2025-07-01,12,12,4,33.3,8,8,ADAG|ARBK|ATAI|BGLC|CLRO|FLUX|LIXT|METC|PL.WS|SNGX|VVOS|WOLF,AURE|LVLU|RVMDW|ARBK|DOGZ|WOLF|BGLC|LIXT|LCFY|ONEG|CLST|NGNE,ARBK|BGLC|LIXT|WOLF,ADAG|ATAI|CLRO|FLUX|METC|PL.WS|SNGX|VVOS,AURE|CLST|DOGZ|LCFY|LVLU|NGNE|ONEG|RVMDW
2025-07-02,9,9,3,33.3,6,6,ABTC|BON|GVH|JWEL|LIXT|NAMM|NTRB|ORIO|PDC,LIXT|LVLU|WOLF|BGL|BIAF|ORIO|FBYD|METC|PDC,LIXT|ORIO|PDC,ABTC|BON|GVH|JWEL|NAMM|NTRB,BGL|BIAF|FBYD|LVLU|METC|WOLF
2025-07-03,8,8,1,12.5,7,7,BTOG|CMND|FIEE|GITS|LIXT|LRHC|MIRA|XPOF,PROK|LIXT|BLIV|FEBO|BGL|RVMDW|XCUR|CIGL,LIXT,BTOG|CMND|FIEE|GITS|LRHC|MIRA|XPOF,BGL|BLIV|CIGL|FEBO|PROK|RVMDW|XCUR
2025-07-07,13,13,6,46.2,7,7,ABVE|ARTL|BGMS|BTBT|BTOG|CGTX|KALV|NAK|PRME|PRZO|SY|VIOT|WOLF,JSPR|BTOG|VOR|SY|PRME|NUWE|SBET|CGTX|WOLF|BGL|ZKIN|NAMM|BGMS,BGMS|BTOG|CGTX|PRME|SY|WOLF,ABVE|ARTL|BTBT|KALV|NAK|PRZO|VIOT,BGL|JSPR|NAMM|NUWE|SBET|VOR|ZKIN
2025-07-08,18,18,6,33.3,12,12,AMST|BTBT|HERZ|HUMA|LTRN|MBRX|NDRA|OCC|PROK|RERE|RLYB|SOS|SOUX|SQNS|STEX|UCFI|VIOT|WOLF,RLYB|MBRX|WKHS|PROK|UONEK|AMPX.WS|UCFI|SOUNW|KULR|NDRA|FEED|UONE|BTOG|ORKT|RILYP|EEIQ|ASST|OCC,MBRX|NDRA|OCC|PROK|RLYB|UCFI,AMST|BTBT|HERZ|HUMA|LTRN|RERE|SOS|SOUX|SQNS|STEX|VIOT|WOLF,AMPX.WS|ASST|BTOG|EEIQ|FEED|KULR|ORKT|RILYP|SOUNW|UONE|UONEK|WKHS
2025-07-09,15,15,5,33.3,10,10,AES|AMPX.WS|AQMS|BTCT|GROV|KZIA|MBRX|MDCX|MGX|PROK|SCAG|STG|SUGP|VRCA|WKHS,AQMS|EEIQ|AHG|SUGP|SKBL|LZMH|AMPX.WS|EMPG|EGG|STG|GROV|EQ|VIOT|BGL|NTRBW,AMPX.WS|AQMS|GROV|STG|SUGP,AES|BTCT|KZIA|MBRX|MDCX|MGX|PROK|SCAG|VRCA|WKHS,AHG|BGL|EEIQ|EGG|EMPG|EQ|LZMH|NTRBW|SKBL|VIOT
2025-07-10,15,15,5,33.3,10,10,ABVE|AIRI|AMPX.WS|BSET|CGTX|GIBO|METC|NB|NRIX|NTHI|POET|RMNI|STKH|TORO|VBIX,ABVE|GIBO|STKH|QTTB|CYCU|NXTC|RFL|MTEN|EGG|HCTI|ANNX|PSNYW|PROK|CGTX|METC,ABVE|CGTX|GIBO|METC|STKH,AIRI|AMPX.WS|BSET|NB|NRIX|NTHI|POET|RMNI|TORO|VBIX,ANNX|CYCU|EGG|HCTI|MTEN|NXTC|PROK|PSNYW|QTTB|RFL
2025-07-11,13,13,4,30.8,9,9,ABVE|ATHE|BTCT|BTOG|CVM|EVAX|FTFT|INKT|KYIVW|RCAT|UMAC|XRPT|ZBAI,BQ|FTFT|INKT|CVM|ZBAI|MIST|QTTB|HSCS|YOUL|ABVC|SQNS|BIAF|VOR,CVM|FTFT|INKT|ZBAI,ABVE|ATHE|BTCT|BTOG|EVAX|KYIVW|RCAT|UMAC|XRPT,ABVC|BIAF|BQ|HSCS|MIST|QTTB|SQNS|VOR|YOUL
2025-07-14,11,11,4,36.4,7,7,ACHV|CLIK|DARE|HUBC|METCB|PHGE|PMN|RANI|SDST|SQFT|STG,TROO|PMN|BGL|SDST|MIRA|SQFT|STG|JXG|EDHL|MSW|TCRT,PMN|SDST|SQFT|STG,ACHV|CLIK|DARE|HUBC|METCB|PHGE|RANI,BGL|EDHL|JXG|MIRA|MSW|TCRT|TROO
2025-07-15,11,11,3,27.3,8,8,ANGO|BGMS|CLLS|GRO|IBG|KC|MOVE|MSW|PLRZ|SER|VNET,MI|INBS|PLRZ|HTOO|AEI|BGMS|FTFT|MSW|WOLF|RYET|SXTP,BGMS|MSW|PLRZ,ANGO|CLLS|GRO|IBG|KC|MOVE|SER|VNET,AEI|FTFT|HTOO|INBS|MI|RYET|SXTP|WOLF
2025-07-16,10,10,2,20.0,8,8,AIXC|BNRG|BTCS|DPRO|DTST|JOBY.WS|LWLG|METC|MNY|PEW,GSUN|WKHS|RGTX|EQ|NEOVW|NTZ|AIXC|NUWE|TRON|LWLG,AIXC|LWLG,BNRG|BTCS|DPRO|DTST|JOBY.WS|METC|MNY|PEW,EQ|GSUN|NEOVW|NTZ|NUWE|RGTX|TRON|WKHS
2025-07-17,19,19,6,31.6,13,13,ACTU|BTCS|BTCT|BTOG|DGXX|DPRO|EMPD|IH|LCDL|LCID|MRKR|OPEN|PGY|RCKT|SRPT|VERI|VVPR|XRPT|XXII,NAK|MRKR|GVH|TRON|EMPD|PTNM|IMNN|QS|XXII|TWG|SQNS|ELUT|DPRO|AUDC|AIXC|ETHZ|ABVE|LCDL|IH,DPRO|EMPD|IH|LCDL|MRKR|XXII,ACTU|BTCS|BTCT|BTOG|DGXX|LCID|OPEN|PGY|RCKT|SRPT|VERI|VVPR|XRPT,ABVE|AIXC|AUDC|ELUT|ETHZ|GVH|IMNN|NAK|PTNM|QS|SQNS|TRON|TWG
2025-07-18,12,12,2,16.7,10,10,BTOG|BZAI|EOSE|IH|KSCP|LDI|LITS|MESO|OPEN|TELO|VVPR|XRPT,ARBK|TGEN|KMRK|BGMS|ZKIN|BTOG|PTNM|LITS|ANPA|MB|BTCS|SBDS,BTOG|LITS,BZAI|EOSE|IH|KSCP|LDI|MESO|OPEN|TELO|VVPR|XRPT,ANPA|ARBK|BGMS|BTCS|KMRK|MB|PTNM|SBDS|TGEN|ZKIN
2025-07-21,17,17,4,23.5,13,13,ABAT|BZAI|CD|CTNM|ETHM|ETHZ|FGNX|OPEN|OPTX|PFSA|PMN|QCLS|SABS|SOLT|VERI|WATT|XYZG,SABS|BENF|PMN|CRMLW|ORBS|CMND|CCM|BEEM|TWG|BZAI|TE.WS|VERI|BNKK|CMBM|STEM|JWEL|DGXX,BZAI|PMN|SABS|VERI,ABAT|CD|CTNM|ETHM|ETHZ|FGNX|OPEN|OPTX|PFSA|QCLS|SOLT|WATT|XYZG,BEEM|BENF|BNKK|CCM|CMBM|CMND|CRMLW|DGXX|JWEL|ORBS|STEM|TE.WS|TWG
2025-07-22,12,12,4,33.3,8,8,CD|DFLI|FARM|HIT|HTOO|ICU|KSS|MTEN|NXDR|OPEN|PLCE|PLRZ,TLSIW|JXG|OPEN|PLRZ|LNZA|DFLI|HTOO|FTRE|LGCY|NUAIW|REPL|OCSAW,DFLI|HTOO|OPEN|PLRZ,CD|FARM|HIT|ICU|KSS|MTEN|NXDR|PLCE,FTRE|JXG|LGCY|LNZA|NUAIW|OCSAW|REPL|TLSIW
2025-07-23,10,10,4,40.0,6,6,CLLS|DNUT|FLWS|IOVA|KOSS|MKZR|NEOV|PLRZ|RNAZ|UGRO,MKZR|PALI|KOSS|RNAZ|ATYR|WOLF|BNKK|CTOR|PLRZ|SDOT,KOSS|MKZR|PLRZ|RNAZ,CLLS|DNUT|FLWS|IOVA|NEOV|UGRO,ATYR|BNKK|CTOR|PALI|SDOT|WOLF
2025-07-24,7,7,3,42.9,4,4,ATHR|HCTI|LIDR|NOWL|NRGV|PXLW|VLN,HCTI|SUGP|TLSIW|LIDR|ANPA|ATHR|SLDP,ATHR|HCTI|LIDR,NOWL|NRGV|PXLW|VLN,ANPA|SLDP|SUGP|TLSIW
2025-07-25,11,11,1,9.1,10,10,ABAT|CLLS|COUR|ETHZ|HTOO|LIDR|NXTC|ORBS|PHIO|SPPL|SUIG,GROY.WS|AGH|LNZA|HTOO|HCTI|NMRA|UAVS|EAF|DFLI|PASG|LHAI,HTOO,ABAT|CLLS|COUR|ETHZ|LIDR|NXTC|ORBS|PHIO|SPPL|SUIG,AGH|DFLI|EAF|GROY.WS|HCTI|LHAI|LNZA|NMRA|PASG|UAVS
2025-07-28,18,18,7,38.9,11,11,AIM|ANGH|BNC|CLLS|CRVO|FNGR|GIBO|IE|IPHA|LIDR|LOOP|NVNI|SER|STXS|SUIG|VWAV|VWAVW|XXII,VWAVW|TLSIW|VWAV|NVNI|EQ|AIM|WLACW|CVM|MGRT|BNC|NUAIW|GIBO|SUIG|GROY.WS|ANPA|TRON|ENTX|EFOI,AIM|BNC|GIBO|NVNI|SUIG|VWAV|VWAVW,ANGH|CLLS|CRVO|FNGR|IE|IPHA|LIDR|LOOP|SER|STXS|XXII,ANPA|CVM|EFOI|ENTX|EQ|GROY.WS|MGRT|NUAIW|TLSIW|TRON|WLACW
2025-07-29,6,6,1,16.7,5,5,ATOS|QCLS|SER|SOFX|SRPT|XPRO,IAUX.WS|ADIL|PRLD|VSME|SOFX|AIHS,SOFX,ATOS|QCLS|SER|SRPT|XPRO,ADIL|AIHS|IAUX.WS|PRLD|VSME
2025-07-30,7,7,2,28.6,5,5,BGLC|FUBO|LC|RCON|REPL|SUPX|TYGO,XBP|SUPX|RCON|TLSIW|CRMLW|YSXT|VWAVW,RCON|SUPX,BGLC|FUBO|LC|REPL|TYGO,CRMLW|TLSIW|VWAVW|XBP|YSXT
2025-07-31,10,10,2,20.0,8,8,CVNX|HDSN|MDXG|MSFL|PBM|PHAR|SNDL|SNGX|TAL|VRME,ENGNW|PDC|SNGX|CMPS|FIEE|LHAI|SLXN|FGI|PBM|HCTI,PBM|SNGX,CVNX|HDSN|MDXG|MSFL|PHAR|SNDL|TAL|VRME,CMPS|ENGNW|FGI|FIEE|HCTI|LHAI|PDC|SLXN
2025-08-01,6,6,1,16.7,5,5,ATEC|BTAI|FDMT|NAMM|NBP|UPLD,HTCO|ELUT|GLXG|AIRS|NBP|PCLA,NBP,ATEC|BTAI|FDMT|NAMM|UPLD,AIRS|ELUT|GLXG|HTCO|PCLA
2025-08-04,13,13,3,23.1,10,10,ATLX|BCRX|BTAI|BTBD|CLYM|GYRO|INMB|PBM|RVSN|SNGX|SRTA|TONX|VISN,BTBD|GP|IAUX.WS|PBM|JOBY.WS|BNC|PDC|TONX|SUPX|HOVR|CMBM|RUBI|NTZ,BTBD|PBM|TONX,ATLX|BCRX|BTAI|CLYM|GYRO|INMB|RVSN|SNGX|SRTA|VISN,BNC|CMBM|GP|HOVR|IAUX.WS|JOBY.WS|NTZ|PDC|RUBI|SUPX
2025-08-05,13,13,1,7.7,12,12,AIP|AMWL|ARDX|EVGO|FTLF|FWRG|JOBY.WS|LRMR|OFIX|PRAA|STAA|STTK|TDUP,CWD|BTAI|HIMZ|STTK|TONX|PLAG|FGI|GIBO|OKLL|SAIH|PDC|YSXT|NUWE,STTK,AIP|AMWL|ARDX|EVGO|FTLF|FWRG|JOBY.WS|LRMR|OFIX|PRAA|STAA|TDUP,BTAI|CWD|FGI|GIBO|HIMZ|NUWE|OKLL|PDC|PLAG|SAIH|TONX|YSXT
2025-08-06,22,22,6,27.3,16,16,AIMD|ANGI|ARQ|CRCT|CURI|CYRX|DCTH|EHTH|EXTR|FLYW|GO|IPDN|KVYO|LPSN|MYGN|OESX|PAYO|PHGE|PRCH|TBLA|XELB|ZETA,EQS|AIMD|LHAI|EHTH|DCX|IPDN|HLLY|BTAI|ARQ|PRCH|KRNT|TONX|CRCT|MB|CPIX|MI|JXG|ZBAI|HCTI|INN|HOVR|FUN,AIMD|ARQ|CRCT|EHTH|IPDN|PRCH,ANGI|CURI|CYRX|DCTH|EXTR|FLYW|GO|KVYO|LPSN|MYGN|OESX|PAYO|PHGE|TBLA|XELB|ZETA,BTAI|CPIX|DCX|EQS|FUN|HCTI|HLLY|HOVR|INN|JXG|KRNT|LHAI|MB|MI|TONX|ZBAI
2025-08-07,27,27,7,25.9,20,20,AMPL|ARHS|ASLE|AVAH|BRLT|CMCT|CREG|CRNC|EBS|FSLY|GRPN|IRWD|JMIA|MATV|MAX|MQ|NAGE|NRGV|NVOX|OM|PALI|PCSA|RELY|SMHI|SPT|UPWK|XERS,BRLT|FGL|VSTL|BTOG|IRWD|PALI|PGY|SLDP|APPX|RDIB|CMCT|JMIA|DXR|LIVE|BLZE|UGRO|HNNA|LZMH|BGL|CYN|CREG|TLSIW|ROLR|LILA|EDAP|NRGV|TH,BRLT|CMCT|CREG|IRWD|JMIA|NRGV|PALI,AMPL|ARHS|ASLE|AVAH|CRNC|EBS|FSLY|GRPN|MATV|MAX|MQ|NAGE|NVOX|OM|PCSA|RELY|SMHI|SPT|UPWK|XERS,APPX|BGL|BLZE|BTOG|CYN|DXR|EDAP|FGL|HNNA|LILA|LIVE|LZMH|PGY|RDIB|ROLR|SLDP|TH|TLSIW|UGRO|VSTL
2025-08-08,18,18,2,11.1,16,16,ALEC|AMCX|ARLO|ASTH|DCBO|EMBC|LZ|MRM|MYSE|OPRX|OWLT|REAL|SHC|SOUN|SOUNW|SOUX|SPRU|XYZG,IOVA|MRM|PLBL|CGTX|TMCI|BTOG|LDI|CLNE|AVAH|BTAI|NB|EDHL|AMPX.WS|QVCGA|OPRX|LZMH|BIVI|EVTV,MRM|OPRX,ALEC|AMCX|ARLO|ASTH|DCBO|EMBC|LZ|MYSE|OWLT|REAL|SHC|SOUN|SOUNW|SOUX|SPRU|XYZG,AMPX.WS|AVAH|BIVI|BTAI|BTOG|CGTX|CLNE|EDHL|EVTV|IOVA|LDI|LZMH|NB|PLBL|QVCGA|TMCI
2025-08-11,22,22,6,27.3,16,16,AIOT|AMC|BJDX|CGC|CRON|EQ|FOXX|GRDX|ILIT|IMXI|KYIVW|LAR|LENZ|MPAA|MSOX|NYXH|RUM|TLS|UGRO|VFF|YOLO|YTRA,HURA|TC|GRDX|INTJ|NCNA|EQ|SOUX|AREC|FGNX|ONEG|UGRO|BJDX|GPRE|MPAA|PMN|NIU|ASST|VTAK|AUUD|TAOX|XERS|VFF,BJDX|EQ|GRDX|MPAA|UGRO|VFF,AIOT|AMC|CGC|CRON|FOXX|ILIT|IMXI|KYIVW|LAR|LENZ|MSOX|NYXH|RUM|TLS|YOLO|YTRA,AREC|ASST|AUUD|FGNX|GPRE|HURA|INTJ|NCNA|NIU|ONEG|PMN|SOUX|TAOX|TC|VTAK|XERS
2025-08-12,19,19,3,15.8,16,16,ANY|BW.PRA|CGC|ELTX|ETHZ|FSI|GDOT|GEVO|HNRG|HURA|KNDI|KYNB|MRVI|MSOX|RDNW|SBGI|TLRY|XFOR|ZENA,RDNW|ETHZ|KOPN|IHRT|MGLD|OPTU|TLS|TLRY|HCHL|HUMA|PUBM|BTAI|LTBR|BNKK|ARCT|LGCL|NCNA|ONEG|USAR,ETHZ|RDNW|TLRY,ANY|BW.PRA|CGC|ELTX|FSI|GDOT|GEVO|HNRG|HURA|KNDI|KYNB|MRVI|MSOX|SBGI|XFOR|ZENA,ARCT|BNKK|BTAI|HCHL|HUMA|IHRT|KOPN|LGCL|LTBR|MGLD|NCNA|ONEG|OPTU|PUBM|TLS|USAR
2025-08-13,9,9,3,33.3,6,6,ALTS|BNKK|ETHZ|LPL|MNTS|SWAG|WBTN|XFOR|YTRA,WBTN|NSRX|MNTS|BNKK|MAGH|NUAI|OPTXW|MGLD|UCL,BNKK|MNTS|WBTN,ALTS|ETHZ|LPL|SWAG|XFOR|YTRA,MAGH|MGLD|NSRX|NUAI|OPTXW|UCL
2025-08-14,11,11,4,36.4,7,7,AMBO|AREN|BMRA|CDXS|CINT|DLO|SNOA|TRAW|WULF|XNET|XOS,MB|XOS|GDHG|DLPN|CDXS|SNOA|BMRA|RYOJ|INKT|EGG|HIND,BMRA|CDXS|SNOA|XOS,AMBO|AREN|CINT|DLO|TRAW|WULF|XNET,DLPN|EGG|GDHG|HIND|INKT|MB|RYOJ
2025-08-15,11,11,2,18.2,9,9,EVLV|FUFU|KULR|MCRP|PGEN|PPSI|SIF|SORA|TE|UNHG|XNET,TE.WS|BNKK|HIND|UGRO|FLYX|CGTX|MCRP|BTAI|UCFI|LAWR|SORA,MCRP|SORA,EVLV|FUFU|KULR|PGEN|PPSI|SIF|TE|UNHG|XNET,BNKK|BTAI|CGTX|FLYX|HIND|LAWR|TE.WS|UCFI|UGRO
2025-08-18,11,11,2,18.2,9,9,ASBP|ELTX|EM|FMST|GDRX|IQ|REBN|RVYL|SNGX|VTAK|XNET,ASBP|HYFT|SNGX|BMR|WHLR|MB|FLYE|CTW|MTEX|XFOR|ATLN,ASBP|SNGX,ELTX|EM|FMST|GDRX|IQ|REBN|RVYL|VTAK|XNET,ATLN|BMR|CTW|FLYE|HYFT|MB|MTEX|WHLR|XFOR
2025-08-19,7,7,2,28.6,5,5,AREC|GXAI|INSG|PALU|PANG|PRFX|ZH,PRFX|GXAI|DTCX|IOTR|XWIN|MB|PSIG,GXAI|PRFX,AREC|INSG|PALU|PANG|ZH,DTCX|IOTR|MB|PSIG|XWIN
2025-08-20,5,5,1,20.0,4,4,CNTN|FLNT|HTZ|RCKT|SPAI,AURE|XCH|CNTN|NVNO|SPHL,CNTN,FLNT|HTZ|RCKT|SPAI,AURE|NVNO|SPHL|XCH
2025-08-21,6,6,0,0.0,6,6,AEMD|CATO|CNTN|GRO|RENT|YOUL,GXAI|VWAVW|APUS|MDRR|ROMA|VELO,,AEMD|CATO|CNTN|GRO|RENT|YOUL,APUS|GXAI|MDRR|ROMA|VELO|VWAVW
2025-08-22,8,8,2,25.0,6,6,CYCU|EDUC|EEIQ|ELAB|GNPX|GWAV|SBLX|STRR,ELAB|JLHL|TCRT|NBP|NNAVW|EEIQ|MOVE|XBIO,EEIQ|ELAB,CYCU|EDUC|GNPX|GWAV|SBLX|STRR,JLHL|MOVE|NBP|NNAVW|TCRT|XBIO
2025-08-25,4,4,1,25.0,3,3,ASST|JFU|QIPT|STSS,FORA|CNTN|STSS|PLBL,STSS,ASST|JFU|QIPT,CNTN|FORA|PLBL
2025-08-26,10,10,3,30.0,7,7,BATL|BENF|DOMO|IBIO|IVVD|MRKR|PACK|PFSA|SER|STKH,STKH|CNTN|SUPX|SER|IVVD|EMPG|FBGL|LWLG|ECX|DOGZ,IVVD|SER|STKH,BATL|BENF|DOMO|IBIO|MRKR|PACK|PFSA,CNTN|DOGZ|ECX|EMPG|FBGL|LWLG|SUPX
2025-08-27,11,11,5,45.5,6,6,BHR|BLNE|FLNT|GOOS|IVA|NCNO|PSNYW|PTNM|SKBL|STSS|VIR,PSNYW|SKBL|YHGJ|PMAX|BLNE|AGMH|STSS|VSME|BHR|IVVD|QVCGA,BHR|BLNE|PSNYW|SKBL|STSS,FLNT|GOOS|IVA|NCNO|PTNM|VIR,AGMH|IVVD|PMAX|QVCGA|VSME|YHGJ
2025-08-28,9,9,1,11.1,8,8,ASTI|CRWG|CWD|LGHL|RYM|SOGP|STSS|TELO|WHLR,RAY|CNTN|WLACW|SOGP|LTRX|UFG|PTNM|QVCGA|SUPX,SOGP,ASTI|CRWG|CWD|LGHL|RYM|STSS|TELO|WHLR,CNTN|LTRX|PTNM|QVCGA|RAY|SUPX|UFG|WLACW
2025-08-29,7,7,2,28.6,5,5,DFNS|IPDN|KBAB|MOVE|NEO|SOGP|WOOF,IPDN|SKBL|ELOG|DUO|RLMD|MOVE|YDES,IPDN|MOVE,DFNS|KBAB|NEO|SOGP|WOOF,DUO|ELOG|RLMD|SKBL|YDES
2025-09-02,6,6,2,33.3,4,4,CYCU|GCTK|HWH|LAWR|MNKD|UUU,HWH|LAWR|DFNS|DUO|DCX|SOGP,HWH|LAWR,CYCU|GCTK|MNKD|UUU,DCX|DFNS|DUO|SOGP
2025-09-03,12,12,3,25.0,9,9,AIHS|BTBD|FEDU|GEG|LCFY|LPTH|NWGL|PSNYW|SINT|STI|UGRO|URG,AIHS|NWGL|PSNYW|BAOS|IPDN|INTJ|STTK|MOVE|RLMD|ABTC|SLNHP|HWH,AIHS|NWGL|PSNYW,BTBD|FEDU|GEG|LCFY|LPTH|SINT|STI|UGRO|URG,ABTC|BAOS|HWH|INTJ|IPDN|MOVE|RLMD|SLNHP|STTK
2025-09-04,9,9,5,55.6,4,4,BBLG|BDSX|BRIA|CIGL|DLTH|HWH|NCI|SNTG|WDH,SNTG|CIGL|BBLG|NCI|HOUR|NEON|LAWR|POLA|DLTH,BBLG|CIGL|DLTH|NCI|SNTG,BDSX|BRIA|HWH|WDH,HOUR|LAWR|NEON|POLA
2025-09-05,5,5,2,40.0,3,3,BRZE|FBIO|HOUR|SCAG|SEED,HOUR|SCAG|EDHL|LDI|LAWR,HOUR|SCAG,BRZE|FBIO|SEED,EDHL|LAWR|LDI
2025-09-08,14,14,6,42.9,8,8,ACRV|DMAC|FWDI|GNPX|HOUR|LDI|MCRB|ORBS|PL.WS|PLCE|ULY|VCICW|XAIR|XWIN,ORBS|GNPX|KRKR|GP|XAIR|PL.WS|HOUR|ROLR|JWEL|NVVE|TRON|INDP|SCAG|XWIN,GNPX|HOUR|ORBS|PL.WS|XAIR|XWIN,ACRV|DMAC|FWDI|LDI|MCRB|PLCE|ULY|VCICW,GP|INDP|JWEL|KRKR|NVVE|ROLR|SCAG|TRON
2025-09-09,9,9,5,55.6,4,4,BON|CWD|LGHL|LITB|MGIH|SBLX|SOS|WOLF|YOUL,PTNM|MGIH|TNMG|CWD|YOUL|SBLX|WHLR|LGHL|BENF,CWD|LGHL|MGIH|SBLX|YOUL,BON|LITB|SOS|WOLF,BENF|PTNM|TNMG|WHLR
2025-09-10,15,15,6,40.0,9,9,ASST|BIYA|CAMP|CGTL|CJMB|EDHL|GVH|HUBC|MEI|ORCX|PMVP|RBNE|REVB|SPHL|TGE,RBNE|CGTL|EDHL|KRKR|SNTG|FTFT|LGHL|ZKIN|MBAI|EPSM|ASST|CAMP|SPHL|TE.WS|LE,ASST|CAMP|CGTL|EDHL|RBNE|SPHL,BIYA|CJMB|GVH|HUBC|MEI|ORCX|PMVP|REVB|TGE,EPSM|FTFT|KRKR|LE|LGHL|MBAI|SNTG|TE.WS|ZKIN
2025-09-11,15,15,6,40.0,9,9,AMST|CMCM|GMM|GRI|HAO|JFBR|MOGU|NTWK|NUAI|OCC|PFSA|SLXN|TWG|VNCE|WHLR,GRI|WLDSW|EDHL|MOGU|SLXN|AMST|HAO|MSC|GMM|SDOT|LDI|ABSI|AXIL|PXLW|LUD,AMST|GMM|GRI|HAO|MOGU|SLXN,CMCM|JFBR|NTWK|NUAI|OCC|PFSA|TWG|VNCE|WHLR,ABSI|AXIL|EDHL|LDI|LUD|MSC|PXLW|SDOT|WLDSW
2025-09-12,14,14,4,28.6,10,10,ADXN|BAIG|BGLC|BGSF|FWDI|GCTK|HSDT|HUIZ|MGIH|PLRZ|SIDU|WAFU|WOLF|YAAS,RGTX|HUIZ|IONX|FWDI|GCTK|ORBS|IONL|ELOG|WOLF|WTO|RGTI|RGTIW|EPSM|EDHL,FWDI|GCTK|HUIZ|WOLF,ADXN|BAIG|BGLC|BGSF|HSDT|MGIH|PLRZ|SIDU|WAFU|YAAS,EDHL|ELOG|EPSM|IONL|IONX|ORBS|RGTI|RGTIW|RGTX|WTO
2025-09-15,15,15,6,40.0,9,9,BIAF|BITF|EVTV|FEED|FRGT|GLUE|HSDT|IHT|LRE|LVLU|MBAI|MFI|ORCX|RCEL|VGZ,FEED|SLNHP|UONEK|HSDT|TLSIW|LVLU|AEI|FOFO|BLNE|MGIH|HERE|IHT|SOS|BIAF|LRE,BIAF|FEED|HSDT|IHT|LRE|LVLU,BITF|EVTV|FRGT|GLUE|MBAI|MFI|ORCX|RCEL|VGZ,AEI|BLNE|FOFO|HERE|MGIH|SLNHP|SOS|TLSIW|UONEK
2025-09-16,9,9,4,44.4,5,5,APVO|FGI|MBAI|NFE|RMCF|SNTG|WBTN|WLACW|YSXT,YSXT|WLACW|FGI|SLMT|HSDT|APVO|BUUU|ATYR|WOLF,APVO|FGI|WLACW|YSXT,MBAI|NFE|RMCF|SNTG|WBTN,ATYR|BUUU|HSDT|SLMT|WOLF
2025-09-17,12,12,2,16.7,10,10,EDUC|FGNX|GRRR|HIND|IPM|LITM|LYFT|NFE|NUAI|QNRX|SQFT|TNMG,TNMG|GV|TGE|LOCL|SNTG|SLNHP|LITM|BMHL|YSXT|CWD|VANI|CISS,LITM|TNMG,EDUC|FGNX|GRRR|HIND|IPM|LYFT|NFE|NUAI|QNRX|SQFT,BMHL|CISS|CWD|GV|LOCL|SLNHP|SNTG|TGE|VANI|YSXT
2025-09-18,7,7,2,28.6,5,5,APVO|BEEM|BRFH|NVNI|PBM|PESI|RGTIW,PBM|ORBS|NVNI|SOS|RECT|HOVR|SLMT,NVNI|PBM,APVO|BEEM|BRFH|PESI|RGTIW,HOVR|ORBS|RECT|SLMT|SOS
2025-09-19,16,16,6,37.5,10,10,AGMH|ALXO|AMCI|AQST|BFLY|CLRO|CMND|DCX|FATN|MGIH|SLMT|UPC|VRCA|WRAP|XXII|YAAS,WLACW|DCX|AGMH|QUBT|SLMT|ZEO|YAAS|ALXO|QMCO|KDK|DFNS|UPC|PLAG|JZXN|IDAI|SSII,AGMH|ALXO|DCX|SLMT|UPC|YAAS,AMCI|AQST|BFLY|CLRO|CMND|FATN|MGIH|VRCA|WRAP|XXII,DFNS|IDAI|JZXN|KDK|PLAG|QMCO|QUBT|SSII|WLACW|ZEO
2025-09-22,13,13,6,46.2,7,7,AIXC|ALTO|ARBB|ARBE|BKKT|BOXL|IPW|NUAI|NUAIW|SES|TARA|YAAS|ZSTK,NUAIW|BOXL|OKLL|AIXC|NUAI|MCRP|DCX|RGTX|ARBB|LNKS|BKHAR|YAAS|FATN,AIXC|ARBB|BOXL|NUAI|NUAIW|YAAS,ALTO|ARBE|BKKT|IPW|SES|TARA|ZSTK,BKHAR|DCX|FATN|LNKS|MCRP|OKLL|RGTX
2025-09-23,15,15,5,33.3,10,10,CTW|DBGI|FLD|IBG|IMSRW|JXG|JZXN|MCRP|NUAI|NUAIW|PLUG|SAVA|SES|SLE|UAMY,IBG|SLE|SRL|FOFO|IPDN|NUAI|AGMH|VUZI|CTW|YAAS|MCRP|IAUX.WS|BHST|NVNI|PLTS,CTW|IBG|MCRP|NUAI|SLE,DBGI|FLD|IMSRW|JXG|JZXN|NUAIW|PLUG|SAVA|SES|UAMY,AGMH|BHST|FOFO|IAUX.WS|IPDN|NVNI|PLTS|SRL|VUZI|YAAS
2025-09-24,11,11,1,9.1,10,10,AQMS|BBGI|CLPT|CYCN|EZGO|IONR|JZXN|KBAB|LAC|NUAIW|YAAS,DBGI|WOK|TROO|TE.WS|RIOX|ZSTK|DRCT|NUAIW|DCX|FENG|QCLS,NUAIW,AQMS|BBGI|CLPT|CYCN|EZGO|IONR|JZXN|KBAB|LAC|YAAS,DBGI|DCX|DRCT|FENG|QCLS|RIOX|TE.WS|TROO|WOK|ZSTK
2025-09-25,6,6,0,0.0,6,6,EVAX|LAC|LUXE|PEPG|WOK|XXII,NUAIW|FOFO|QCLS|TIPT|AAME|AMPY,,EVAX|LAC|LUXE|PEPG|WOK|XXII,AAME|AMPY|FOFO|NUAIW|QCLS|TIPT
2025-09-26,10,10,4,40.0,6,6,AMPY|AQST|BIAF|BIYA|DFLI|IONR|MIGI|MRM|NUAI|NUAIW,MGN|AQMS|DFLI|BIAF|NUAI|PLTS|FOFO|IBG|NUAIW|AGMH,BIAF|DFLI|NUAI|NUAIW,AMPY|AQST|BIYA|IONR|MIGI|MRM,AGMH|AQMS|FOFO|IBG|MGN|PLTS
2025-09-29,23,23,7,30.4,16,16,ACB|AGPU|AUID|AVTX|BAFN|BCAX|BOLD|CGC|CRON|DFLI|DWTX|EGG|GDEV|GRWG|JFB|MSOS|MSOX|PLG|PRLD|SCOR|TLRY|VFF|ZURA,BQ|AGPU|TE.WS|JFB|CYCU|NUAI|FOFO|WLACW|BIAF|ENTA|HYFM|LRMR|EGG|MAMK|LPA|TLRY|STKH|DCX|INDP|BCAX|ZURA|WOLF|ACB,ACB|AGPU|BCAX|EGG|JFB|TLRY|ZURA,AUID|AVTX|BAFN|BOLD|CGC|CRON|DFLI|DWTX|GDEV|GRWG|MSOS|MSOX|PLG|PRLD|SCOR|VFF,BIAF|BQ|CYCU|DCX|ENTA|FOFO|HYFM|INDP|LPA|LRMR|MAMK|NUAI|STKH|TE.WS|WLACW|WOLF
2025-09-30,11,11,2,18.2,9,9,BENF|CRE|DPRO|DRCT|EFTY|GNSS|IBG|PATH|RVSN|SEED|SLXN,ZURA|CRE|JXG|VWAVW|NUAIW|CLIK|IBG|BQ|BKKT|CREG|MTEN,CRE|IBG,BENF|DPRO|DRCT|EFTY|GNSS|PATH|RVSN|SEED|SLXN,BKKT|BQ|CLIK|CREG|JXG|MTEN|NUAIW|VWAVW|ZURA
2025-10-01,11,11,3,27.3,8,8,AES|DCX|EPSM|GLXG|LAC|NVA|PALI|RVYL|RZLV|TWG|UCFI,PALI|CHR|HCTI|UCFI|ENTA|FOFO|DCX|CRE|AIHS|TE.WS|BENF,DCX|PALI|UCFI,AES|EPSM|GLXG|LAC|NVA|RVYL|RZLV|TWG,AIHS|BENF|CHR|CRE|ENTA|FOFO|HCTI|TE.WS
2025-10-02,8,8,1,12.5,7,7,ANGO|ANGX|ASBP|DFLI|JZXN|KDK|TNMG|TSHA,PXLW|BENF|UFG|BQ|BTTC|MIGI|ASBP|DPRO,ASBP,ANGO|ANGX|DFLI|JZXN|KDK|TNMG|TSHA,BENF|BQ|BTTC|DPRO|MIGI|PXLW|UFG
2025-10-03,11,11,2,18.2,9,9,ASTC|BNAI|CHR|DFLI|KDK|OVID|PLUG|RUM|RUMBW|USAR|XELB,EPSM|YAAS|ANRO|ASTC|BTTC|DFLI|NEOVW|NGNE|GURE|IBG|RCAT,ASTC|DFLI,BNAI|CHR|KDK|OVID|PLUG|RUM|RUMBW|USAR|XELB,ANRO|BTTC|EPSM|GURE|IBG|NEOVW|NGNE|RCAT|YAAS
2025-10-06,14,14,4,28.6,10,10,AIP|AMDL|ARBK|BNKK|BTTC|CRML|CRMLW|FEAM|GRAN|IONR|NIOBW|PALI|RDGT|STEX,ARBK|PC|IONR|EPSM|KOPN|VFF|ESLA|ORLA|CRMLW|VSME|CRML|KORE|HIVE|PODC,ARBK|CRML|CRMLW|IONR,AIP|AMDL|BNKK|BTTC|FEAM|GRAN|NIOBW|PALI|RDGT|STEX,EPSM|ESLA|HIVE|KOPN|KORE|ORLA|PC|PODC|VFF|VSME
2025-10-07,18,18,5,27.8,13,13,BDMD|BJDX|CISS|ELAB|INDP|INFQ|LAR|LIDR|LXEO|NAK|NIOBW|NYXH|PCSA|PYPG|SES|SNGX|TMQ|ULY,NBIL|BNAI|WETH|CISS|BQ|NUAIW|BJDX|INDP|XBIO|ULY|MIGI|DFLI|PCSA|QMCO|IMSRW|POET|CHAI|CD,BJDX|CISS|INDP|PCSA|ULY,BDMD|ELAB|INFQ|LAR|LIDR|LXEO|NAK|NIOBW|NYXH|PYPG|SES|SNGX|TMQ,BNAI|BQ|CD|CHAI|DFLI|IMSRW|MIGI|NBIL|NUAIW|POET|QMCO|WETH|XBIO
2025-10-08,15,15,6,40.0,9,9,ACXP|BGMS|BLBX|GLDG|KYTX|NERV|PCSA|QTTB|RNAZ|SCWO|TMQ|TNMG|TRX|UPC|XBIO,GME.WS|SHMDW|NBP|SHMD|TNMG|VWAVW|TE.WS|BQ|UPC|LGHL|RNAZ|RGTX|XBIO|ACXP|PCSA,ACXP|PCSA|RNAZ|TNMG|UPC|XBIO,BGMS|BLBX|GLDG|KYTX|NERV|QTTB|SCWO|TMQ|TRX,BQ|GME.WS|LGHL|NBP|RGTX|SHMD|SHMDW|TE.WS|VWAVW
2025-10-09,19,19,5,26.3,14,14,AALG|AMBO|ANVS|BAOS|BDRX|BJDX|BYRN|CRMLW|INMD|MNTS|MRM|NEOG|NMG|RELL|SCWO|SERV|SUGP|TCRT|TLRY,DRCT|PSIG|TTRX|ARBK|TCRT|BJDX|SCWO|SWAG|MSC|SES|BAOS|WLACW|XBIO|CRML|CRMLW|LGCL|BKD|BIAF|TNMG,BAOS|BJDX|CRMLW|SCWO|TCRT,AALG|AMBO|ANVS|BDRX|BYRN|INMD|MNTS|MRM|NEOG|NMG|RELL|SERV|SUGP|TLRY,ARBK|BIAF|BKD|CRML|DRCT|LGCL|MSC|PSIG|SES|SWAG|TNMG|TTRX|WLACW|XBIO
2025-10-10,13,13,3,23.1,10,10,AEC|CABA|CODI|GWH|HYAC.WS|PAVM|QNRX|SCWO|SLE|SWKH|TALK|TE|YHGJ,QNRX|BNKK|VSME|HYAC.WS|BAIG|VSA|JFU|YSXT|SHMDW|SLDP|SCWO|AMBO|ZEO,HYAC.WS|QNRX|SCWO,AEC|CABA|CODI|GWH|PAVM|SLE|SWKH|TALK|TE|YHGJ,AMBO|BAIG|BNKK|JFU|SHMDW|SLDP|VSA|VSME|YSXT|ZEO
2025-10-13,17,17,3,17.6,14,14,ABAT|ACON|ASPI|CHNR|CODI|CRML|FGL|GWH|LGO|MTEX|NAMM|NDRA|NVA|PMAX|STI|USAR|XCH,XCH|GV|NUAIW|AURE|STI|NAMM|AQMS|BGMS|NBP|BDRX|QNRX|BAIG|KNRX|PSIG|YJ|NB|VSME,NAMM|STI|XCH,ABAT|ACON|ASPI|CHNR|CODI|CRML|FGL|GWH|LGO|MTEX|NDRA|NVA|PMAX|USAR,AQMS|AURE|BAIG|BDRX|BGMS|GV|KNRX|NB|NBP|NUAIW|PSIG|QNRX|VSME|YJ
2025-10-14,22,22,8,36.4,14,14,AQMS|AREC|CRML|CRMLW|CYN|EDHL|ELAB|ERIC|GWAV|LSE|MNTS|NAK|NMG|NVA|NVTS|QRHC|RCKT|SBLX|SSII|TMQ|UAMY|UGRO,EDHL|UGRO|ELAB|KDKRW|SDST|FOFO|NIOBW|SBLX|AQMS|GWAV|ROMA|NUAI|CRMLW|WKEY|COYA|RDZN|NAAS|TMQ|FMST|BAIG|SHMDW|YDDL,AQMS|CRMLW|EDHL|ELAB|GWAV|SBLX|TMQ|UGRO,AREC|CRML|CYN|ERIC|LSE|MNTS|NAK|NMG|NVA|NVTS|QRHC|RCKT|SSII|UAMY,BAIG|COYA|FMST|FOFO|KDKRW|NAAS|NIOBW|NUAI|RDZN|ROMA|SDST|SHMDW|WKEY|YDDL
2025-10-15,18,18,2,11.1,16,16,BTDR|BZAI|CBUS|DGXX|EDBL|ENVB|GNPX|IMSR|OMER|PFAI|RKDA|SDOT|SEED|TE|TE.WS|THM|VERI|ZGM,OPTXW|NIOBW|GNPX|ABSI|QNRX|GWAV|PFAI|FOSL|STI|CRESW|DFNS|SOGP|DFLI|KNRX|TNMG|OCSAW|AQMS|ASM,GNPX|PFAI,BTDR|BZAI|CBUS|DGXX|EDBL|ENVB|IMSR|OMER|RKDA|SDOT|SEED|TE|TE.WS|THM|VERI|ZGM,ABSI|AQMS|ASM|CRESW|DFLI|DFNS|FOSL|GWAV|KNRX|NIOBW|OCSAW|OPTXW|QNRX|SOGP|STI|TNMG
2025-10-16,17,17,6,35.3,11,11,AQMS|ASRV|CLLS|CREX|CRMG|CYCU|KMRK|LGCB|MIGI|MIRA|PSNYW|RYOJ|SBFM|SOPH|UROY|WATT|WHWK,PSNYW|ENGNW|WTO|AQMS|CTOR|PDC|NUAIW|CYCU|MSOX|IAUX.WS|MIGI|WHWK|CLYM|GNPX|OPTXW|NVA|MIRA,AQMS|CYCU|MIGI|MIRA|PSNYW|WHWK,ASRV|CLLS|CREX|CRMG|KMRK|LGCB|RYOJ|SBFM|SOPH|UROY|WATT,CLYM|CTOR|ENGNW|GNPX|IAUX.WS|MSOX|NUAIW|NVA|OPTXW|PDC|WTO
2025-10-17,7,7,1,14.3,6,6,ACHV|ARTV|KMRK|KZR|RANI|SGHT|VHC,LNKS|VHC|CRML|MIRA|BTTC|USAR|EVAX,VHC,ACHV|ARTV|KMRK|KZR|RANI|SGHT,BTTC|CRML|EVAX|LNKS|MIRA|USAR
2025-10-20,11,11,2,18.2,9,9,ANRO|CLF|DGXX|FGI|GSIT|RANI|REPL|RMCO|SLS|STKE|VWAVW,NUAIW|GSIT|KDKRW|ANRO|BGMSP|PL.WS|BNAI|TAOX|WTO|PFAI|VSTM,ANRO|GSIT,CLF|DGXX|FGI|RANI|REPL|RMCO|SLS|STKE|VWAVW,BGMSP|BNAI|KDKRW|NUAIW|PFAI|PL.WS|TAOX|VSTM|WTO
2025-10-21,9,9,3,33.3,6,6,AMCI|BOF|DZZ|GLGG|GSIT|IBIO|NERV|RYOJ|SPWR,NERV|IBIO|PSNYW|BGMSP|RANI|SHMDW|OMSE|SONM|RYOJ,IBIO|NERV|RYOJ,AMCI|BOF|DZZ|GLGG|GSIT|SPWR,BGMSP|OMSE|PSNYW|RANI|SHMDW|SONM
2025-10-22,8,8,2,25.0,6,6,BENF|DNUT|DZZ|FLWS|HHS|HUBC|KDKRW|NRIX,BENF|GSIT|IBIO|ATOM|LCFYW|DZZ|RYOJ|DFLI,BENF|DZZ,DNUT|FLWS|HHS|HUBC|KDKRW|NRIX,ATOM|DFLI|GSIT|IBIO|LCFYW|RYOJ
2025-10-23,10,10,0,0.0,10,10,AGIG|BATL|CLB|GTIM|HLX|IBIO|LC|RBNE|SLMT|VTYX,EDHL|NMRA|BGIN|TE.WS|LRE|FUSE|BULLW|CSPI|TNGX|NERV,,AGIG|BATL|CLB|GTIM|HLX|IBIO|LC|RBNE|SLMT|VTYX,BGIN|BULLW|CSPI|EDHL|FUSE|LRE|NERV|NMRA|TE.WS|TNGX
2025-10-24,7,7,2,28.6,5,5,AIXC|CLPS|CYH|GRND|NEUP|VIOT|XFOR,XFOR|NEUP|NUAI|PMI|CRMLW|ABAT|EGG,NEUP|XFOR,AIXC|CLPS|CYH|GRND|VIOT,ABAT|CRMLW|EGG|NUAI|PMI
2025-10-27,17,17,7,41.2,10,10,ASST|BBAR|CEPU|CRESY|DYN|DZZ|EEIQ|IRS|JZXN|KMLI|LOMA|RECT|SOHON|SOHOO|SUPV|TEO|UMAC,DZZ|NCI|QCML|QCMU|GIBO|TE.WS|CEPU|RECT|DGZ|CRESY|ASST|MAMK|IHT|CLIK|JZXN|NTLA|IRS,ASST|CEPU|CRESY|DZZ|IRS|JZXN|RECT,BBAR|DYN|EEIQ|KMLI|LOMA|SOHON|SOHOO|SUPV|TEO|UMAC,CLIK|DGZ|GIBO|IHT|MAMK|NCI|NTLA|QCML|QCMU|TE.WS
2025-10-28,10,10,3,30.0,7,7,DZZ|FGL|FRGT|HELP|IPDN|LUNG|POLA|PYPG|SDA|XHLD,XHLD|DZZ|LUNG|RVYL|RYOJ|AVXX|ASST|TV|WKEY|SWVL,DZZ|LUNG|XHLD,FGL|FRGT|HELP|IPDN|POLA|PYPG|SDA,ASST|AVXX|RVYL|RYOJ|SWVL|TV|WKEY
2025-10-29,9,9,1,11.1,8,8,BBNX|CMBM|FGL|FUBO|HAYW|OPFI|PFSA|PUMP|XXII,TE.WS|XHLD|EDHL|CMND|IMSRW|NVA|OPFI|GSIT|RDZN,OPFI,BBNX|CMBM|FGL|FUBO|HAYW|PFSA|PUMP|XXII,CMND|EDHL|GSIT|IMSRW|NVA|RDZN|TE.WS|XHLD
2025-10-30,12,12,4,33.3,8,8,ARBB|CMBM|CMCO|CVU|EBS|GPRK|JZXN|MAX|MBRX|METD|QCLS|VIVS,BQ|INTS|CVU|ADVB|WKEY|MTC|EBS|VIVS|VWAVW|MLEC|CMBM|SPHL,CMBM|CVU|EBS|VIVS,ARBB|CMCO|GPRK|JZXN|MAX|MBRX|METD|QCLS,ADVB|BQ|INTS|MLEC|MTC|SPHL|VWAVW|WKEY
2025-10-31,12,12,3,25.0,9,9,AMTD|ARDX|ATEC|DFSC|DLHC|HKD|LX|MNOV|RDTL|SSTK|TGE|WTO,OPTXW|HKD|AMTD|INTS|BQ|TGE|FLUX|ACH|NCEL|MTEN|ROLR|DCX,AMTD|HKD|TGE,ARDX|ATEC|DFSC|DLHC|LX|MNOV|RDTL|SSTK|WTO,ACH|BQ|DCX|FLUX|INTS|MTEN|NCEL|OPTXW|ROLR
2025-11-03,13,13,3,23.1,10,10,ACRV|AREC|CHAC|CNTN|CRBU|CURR|EZGO|KNOP|KVUE|MTEX|PHIO|RAY|TGE,RAY|FLYE|TGE|RVYL|CURR|VSA|NUAI|FGL|BQ|NUAIW|NOMA|EEIQ|CMBM,CURR|RAY|TGE,ACRV|AREC|CHAC|CNTN|CRBU|EZGO|KNOP|KVUE|MTEX|PHIO,BQ|CMBM|EEIQ|FGL|FLYE|NOMA|NUAI|NUAIW|RVYL|VSA
2025-11-04,4,4,0,0.0,4,4,HTZ|IHRT|NFE|UPWK,DZZ|RUBI|STIM|MAMK,,HTZ|IHRT|NFE|UPWK,DZZ|MAMK|RUBI|STIM
2025-11-05,10,10,1,10.0,9,9,ANIK|APPS|BW|CHR|EGHT|EVC|KW|MTVA|NPCE|NVVE,MTC|TULP|CHR|FTRE|SXTC|UBXG|SNBR|NFE|SORA|RUBI,CHR,ANIK|APPS|BW|EGHT|EVC|KW|MTVA|NPCE|NVVE,FTRE|MTC|NFE|RUBI|SNBR|SORA|SXTC|TULP|UBXG
2025-11-06,9,9,0,0.0,9,9,ALTO|BIYA|CCLD|EOLS|FATN|FSLY|IOVA|PENN|STGW,LKSPR|ZGM|BKSY|MTC|GDTC|ISPR|VSME|RAVE|FLL,,ALTO|BIYA|CCLD|EOLS|FATN|FSLY|IOVA|PENN|STGW,BKSY|FLL|GDTC|ISPR|LKSPR|MTC|RAVE|VSME|ZGM
2025-11-07,8,8,0,0.0,8,8,DIBS|EB|HLLY|MSGM|MTVA|ORGO|RUBI|VSME,MTC|CNTN|VWAVW|LKSPR|OPRX|EVCM|TGE|FLYX,,DIBS|EB|HLLY|MSGM|MTVA|ORGO|RUBI|VSME,CNTN|EVCM|FLYX|LKSPR|MTC|OPRX|TGE|VWAVW
2025-11-10,11,11,3,27.3,8,8,BMNG|BNAI|BNZI|GREE|IPHA|IRWD|MOVE|MTEK|PLUR|PRTH|SOC,NEPH|MOVE|SWAG|EZGO|BNAI|PLUR|CNTY|EPSM|INV|HYFM|TLS,BNAI|MOVE|PLUR,BMNG|BNZI|GREE|IPHA|IRWD|MTEK|PRTH|SOC,CNTY|EPSM|EZGO|HYFM|INV|NEPH|SWAG|TLS
2025-11-11,11,11,1,9.1,10,10,BODI|DSP|ENGN|HNRG|KLTR|PLUR|PUBM|QNRX|RAIN|REAL|ZENA,LFS|ENGNW|RDGT|EPSM|WHLR|ENGN|RPAY|MTC|OPTXW|HIT|POCI,ENGN,BODI|DSP|HNRG|KLTR|PLUR|PUBM|QNRX|RAIN|REAL|ZENA,ENGNW|EPSM|HIT|LFS|MTC|OPTXW|POCI|RDGT|RPAY|WHLR
2025-11-12,10,10,1,10.0,9,9,CMCT|CRWS|FTCI|IHS|LUCY|NEXA|NXTC|PAL|RDCM|SI,BAIG|CMBM|MOVE|LPTH|BBAI|AMCI|MSGM|WTF|LUCY|ABEO,LUCY,CMCT|CRWS|FTCI|IHS|NEXA|NXTC|PAL|RDCM|SI,ABEO|AMCI|BAIG|BBAI|CMBM|LPTH|MOVE|MSGM|WTF
2025-11-13,9,9,3,33.3,6,6,BWEN|CMND|CURI|IDN|LVLU|NVVE|PLBY|RUBI|TNMG,CMND|NVVE|TGE|WTO|TNMG|SPRU|NWTG|AGPU|NXTC,CMND|NVVE|TNMG,BWEN|CURI|IDN|LVLU|PLBY|RUBI,AGPU|NWTG|NXTC|SPRU|TGE|WTO
2025-11-14,6,6,0,0.0,6,6,ASBP|BCG|CTKB|FENC|IVVD|WTO,NUAIW|SHMDW|AIHS|AVXL|IRE|CMBM,,ASBP|BCG|CTKB|FENC|IVVD|WTO,AIHS|AVXL|CMBM|IRE|NUAIW|SHMDW
2025-11-17,8,8,0,0.0,8,8,ATGL|ATNM|CDZI|CGTL|CTKB|SGML|SSP|WTO,UONEK|IVVD|CMCT|ONEG|ICG|INV|SHMDW|INTS,,ATGL|ATNM|CDZI|CGTL|CTKB|SGML|SSP|WTO,CMCT|ICG|INTS|INV|IVVD|ONEG|SHMDW|UONEK
2025-11-18,9,9,3,33.3,6,6,ARVN|ASBP|CANF|CGTL|CMND|GSM|RYET|UONEK|VRA,EPSM|SHMDW|CANF|CMND|ONEG|LFS|VRA|ATGL|MVO,CANF|CMND|VRA,ARVN|ASBP|CGTL|GSM|RYET|UONEK,ATGL|EPSM|LFS|MVO|ONEG|SHMDW
2025-11-19,6,6,1,16.7,5,5,FRGT|FULC|KZIA|SEMR|SGML|VRA,FRGT|CMCT|MIGI|BNKK|MTC|NVA,FRGT,FULC|KZIA|SEMR|SGML|VRA,BNKK|CMCT|MIGI|MTC|NVA
2025-11-20,9,9,2,22.2,7,7,ALLT|AUID|BNKK|CRNC|DSGN|MAGN|MNDR|NBIG|NNOX,JXG|LFS|EPSM|BULLW|SHMDW|FCUV|MAGH|MNDR|MAGN,MAGN|MNDR,ALLT|AUID|BNKK|CRNC|DSGN|NBIG|NNOX,BULLW|EPSM|FCUV|JXG|LFS|MAGH|SHMDW
2025-11-21,4,4,0,0.0,4,4,MFI|MNDR|NVRI|NVVE,BEAT|FOXX|ICON|SKBL,,MFI|MNDR|NVRI|NVVE,BEAT|FOXX|ICON|SKBL
2025-11-24,11,11,1,9.1,10,10,BLFY|DCX|ENLV|EPSM|GDOT|JXG|MFI|OSCG|OSCR|OSCX|VSA,INHD|ZJK|WTF|ENLV|TNMG|ONDS|WALD|CETX|BCG|ZDGE|SOS,ENLV,BLFY|DCX|EPSM|GDOT|JXG|MFI|OSCG|OSCR|OSCX|VSA,BCG|CETX|INHD|ONDS|SOS|TNMG|WALD|WTF|ZDGE|ZJK
2025-11-25,5,5,1,20.0,4,4,BNED|ICON|KSS|PSNYW|RUBI,NEOVW|CELU|RUBI|TUYA|GP,RUBI,BNED|ICON|KSS|PSNYW,CELU|GP|NEOVW|TUYA
2025-11-26,5,5,1,20.0,4,4,AMBR|BQ|BULX|MNDR|WOOF,BQ|QNTM|SUPX|MOBBW|OSS,BQ,AMBR|BULX|MNDR|WOOF,MOBBW|OSS|QNTM|SUPX
2025-11-28,5,5,0,0.0,5,5,ABVE|BEAT|GRDX|MSTP|VRCA,VEEE|MFI|BRLS|WTF|QNTM,,ABVE|BEAT|GRDX|MSTP|VRCA,BRLS|MFI|QNTM|VEEE|WTF
2025-12-01,6,6,3,50.0,3,3,AHMA|DRCT|MAIA|NFE|QTTB|WBUY,MCRP|QTTB|WHLR|AHMA|FLYE|WBUY,AHMA|QTTB|WBUY,DRCT|MAIA|NFE,FLYE|MCRP|WHLR
2025-12-02,6,6,2,33.3,4,4,BMNG|BQ|EB|JSPR|PLRZ|TAOP,BKHAR|BQ|BNAI|NUAIW|SPHL|PLRZ,BQ|PLRZ,BMNG|EB|JSPR|TAOP,BKHAR|BNAI|NUAIW|SPHL
2025-12-03,8,8,1,12.5,7,7,AARD|ANIX|CMCT|MVLL|PMAX|QCLS|TARA|TUSK,UFG|WOK|AMCI|BTTC|QCLS|BDTX|CJMB|MTEN,QCLS,AARD|ANIX|CMCT|MVLL|PMAX|TARA|TUSK,AMCI|BDTX|BTTC|CJMB|MTEN|UFG|WOK
2025-12-04,6,6,0,0.0,6,6,CBIO|FLYE|PLRZ|PMI|QCLS|WNW,XCH|XXI|MCRP|MTEN|ISPR|JYD,,CBIO|FLYE|PLRZ|PMI|QCLS|WNW,ISPR|JYD|MCRP|MTEN|XCH|XXI
2025-12-05,7,7,0,0.0,7,7,BMEA|JFBR|LGHL|NAAS|OKLS|TORO|WHLR,LICN|BBGI|CLIK|PLRZ|AGCC|SUPX|GURE,,BMEA|JFBR|LGHL|NAAS|OKLS|TORO|WHLR,AGCC|BBGI|CLIK|GURE|LICN|PLRZ|SUPX
2025-12-08,18,18,7,38.9,11,11,BDRX|CETX|DTST|FMST|FULC|HWH|IBIO|IMMP|JFBR|NRIX|OCUL|OOMA|PSIG|SUGP|TWG|ULY|WKHS|WVE,IBIO|IMMP|SUGP|CGTL|WHLR|NOMA|CETX|ORKT|SGML|HWH|AGPU|SPRU|BDRX|TWG|AMCI|LGCL|CDIO|TC,BDRX|CETX|HWH|IBIO|IMMP|SUGP|TWG,DTST|FMST|FULC|JFBR|NRIX|OCUL|OOMA|PSIG|ULY|WKHS|WVE,AGPU|AMCI|CDIO|CGTL|LGCL|NOMA|ORKT|SGML|SPRU|TC|WHLR
2025-12-09,8,8,1,12.5,7,7,AMCI|DBI|MAMA|STAA|TROX|VNCE|VOR|XCUR,PSNYW|JZXN|WBUY|ORKT|AMCI|CETX|RDAC|ZSTK,AMCI,DBI|MAMA|STAA|TROX|VNCE|VOR|XCUR,CETX|JZXN|ORKT|PSNYW|RDAC|WBUY|ZSTK
2025-12-10,16,16,4,25.0,12,12,AHT|ALOT|ASPC|BBGI|BDRX|BEAT|BRZE|CGTL|DARE|DUO|ENVB|EQ|GWAV|MNTS|NXDR|VELO,JMG|ASPC|BBGI|SST|ORKT|MTVA|ENVB|NXDR|WOK|IPW|IBIO|PLAY|EPSM|ATPC|NCEL|CAMP,ASPC|BBGI|ENVB|NXDR,AHT|ALOT|BDRX|BEAT|BRZE|CGTL|DARE|DUO|EQ|GWAV|MNTS|VELO,ATPC|CAMP|EPSM|IBIO|IPW|JMG|MTVA|NCEL|ORKT|PLAY|SST|WOK
2025-12-11,16,16,5,31.2,11,11,ACIU|AIRJ|ATOS|ATPC|AXIL|BTTC|GEMG|GEMI|GLXG|MERC|MIGI|NXDR|PETS|PL.WS|RNAZ|WOK,GRI|MTEN|GDHG|MIGI|BEAT|JZXN|BNKK|SKIL|NXDR|TE.WS|RZLT|PETS|PL.WS|ATPC|CV|WBUY,ATPC|MIGI|NXDR|PETS|PL.WS,ACIU|AIRJ|ATOS|AXIL|BTTC|GEMG|GEMI|GLXG|MERC|RNAZ|WOK,BEAT|BNKK|CV|GDHG|GRI|JZXN|MTEN|RZLT|SKIL|TE.WS|WBUY
2025-12-12,27,27,5,18.5,22,22,ACB|CGC|CRON|EFOI|GRWG|HITI|HYFM|IMCC|KPLT|LULG|MITK|MSOS|MSOX|NCI|NNBR|OGI|RENT|RYM|SNDL|UGRO|VELO|VVPR|YHGJ|YOLO|YSG|ZDGE|ZSTK,RYM|HYFM|ZDGE|NCI|ARBK|MKZR|FRMI|MIGI|RZLT|BNRG|BBGI|SCAG|MSOX|AVXL|CLYM|ANIX|JZXN|VOR|BEAT|XBP|PLRZ|ATPC|NUAIW|AGCC|BNKK|MOVE|MTC,HYFM|MSOX|NCI|RYM|ZDGE,ACB|CGC|CRON|EFOI|GRWG|HITI|IMCC|KPLT|LULG|MITK|MSOS|NNBR|OGI|RENT|SNDL|UGRO|VELO|VVPR|YHGJ|YOLO|YSG|ZSTK,AGCC|ANIX|ARBK|ATPC|AVXL|BBGI|BEAT|BNKK|BNRG|CLYM|FRMI|JZXN|MIGI|MKZR|MOVE|MTC|NUAIW|PLRZ|RZLT|SCAG|VOR|XBP
2025-12-15,10,10,4,40.0,6,6,AMCI|ARBB|ARTV|KYTX|MIST|QIPT|RADX|RRGB|WOK|ZGM,FEBO|AMCI|RADX|ARBB|CVRD|VSA|JFBR|ASTI|KYTX|NUAIW,AMCI|ARBB|KYTX|RADX,ARTV|MIST|QIPT|RRGB|WOK|ZGM,ASTI|CVRD|FEBO|JFBR|NUAIW|VSA
2025-12-16,12,12,2,16.7,10,10,ADAG|AMCI|BDRX|CPAC|EEX|RILY|RILYL|RILYP|RILYZ|RZLV|WATT|WKSP,VMAR|EDHL|BDRX|AMCI|BEAT|CISS|EVTV|DLTH|CGC|CMND|SKIL|GLXG,AMCI|BDRX,ADAG|CPAC|EEX|RILY|RILYL|RILYP|RILYZ|RZLV|WATT|WKSP,BEAT|CGC|CISS|CMND|DLTH|EDHL|EVTV|GLXG|SKIL|VMAR
2025-12-17,9,9,0,0.0,9,9,ATPC|CGEN|COUR|DRCT|GITS|GVH|UDMY|UGRO|ZSTK,PCSA|TC|INBS|LUD|CLYM|CGC|RZLV|NDLS|UCL,,ATPC|CGEN|COUR|DRCT|GITS|GVH|UDMY|UGRO|ZSTK,CGC|CLYM|INBS|LUD|NDLS|PCSA|RZLV|TC|UCL
2025-12-18,11,11,2,18.2,9,9,CGC|CIFG|DJT|DJTWW|EHTH|FCEL|LHAI|LONA|SOC|SPAI|UGRO,GANX|MTEN|VELO|PCLA|TLRY|FCEL|MGRT|TE.WS|LHAI|INBS|ARBK,FCEL|LHAI,CGC|CIFG|DJT|DJTWW|EHTH|LONA|SOC|SPAI|UGRO,ARBK|GANX|INBS|MGRT|MTEN|PCLA|TE.WS|TLRY|VELO
2025-12-19,8,8,2,25.0,6,6,DJTWW|FOLD|JLHL|KPDD|NRXS|RDAC|VMAR|WYFI,GOVX|INFY|ROLR|JLHL|AGEN|FJET|AMCI|RDAC,JLHL|RDAC,DJTWW|FOLD|KPDD|NRXS|VMAR|WYFI,AGEN|AMCI|FJET|GOVX|INFY|ROLR
2025-12-22,13,13,3,23.1,10,10,ADEA|BNRG|CMCT|DJTWW|EQ|NFGC|OPTX|SIDU|SRFM|SWVL|TE.WS|VELO|VMAR,TNMG|AUUD|FJET|MENS|GITS|DC.WS|SIDU|EQS|FGL|VELO|IVVD|TE.WS|LHAI,SIDU|TE.WS|VELO,ADEA|BNRG|CMCT|DJTWW|EQ|NFGC|OPTX|SRFM|SWVL|VMAR,AUUD|DC.WS|EQS|FGL|FJET|GITS|IVVD|LHAI|MENS|TNMG
2025-12-23,7,7,1,14.3,6,6,BOXL|JFB|OPTX|PCLA|PXLW|RKLZ|SOC,DZZ|PCLA|ASTI|CMMB|ROLR|APUS|KZIA,PCLA,BOXL|JFB|OPTX|PXLW|RKLZ|SOC,APUS|ASTI|CMMB|DZZ|KZIA|ROLR
2025-12-24,4,4,0,0.0,4,4,AIRI|DRMA|ELOG|INDP,AMCI|ZKIN|ASPC|OMER,,AIRI|DRMA|ELOG|INDP,AMCI|ASPC|OMER|ZKIN
2025-12-26,6,6,1,16.7,5,5,ASPC|CANF|CPNG|PPSI|SIDU|SUUN,PCLA|TRSG|ASPC|FJET|ICCC|SORA,ASPC,CANF|CPNG|PPSI|SIDU|SUUN,FJET|ICCC|PCLA|SORA|TRSG
2025-12-29,7,7,3,42.9,4,4,ANL|ASPC|BNAI|ORBS|ROMA|TII|ZSL,BNAI|NTRB|GVH|SCWO|ORBS|ASPC|ACCL,ASPC|BNAI|ORBS,ANL|ROMA|TII|ZSL,ACCL|GVH|NTRB|SCWO
2025-12-30,9,9,3,33.3,6,6,CETX|DRMA|EKSO|FLYE|FONR|GRI|ONTF|PFSA|TROO,PFSA|BRLS|ELOG|MLEC|ASPC|FLYE|NUAIW|EKSO|ASTI,EKSO|FLYE|PFSA,CETX|DRMA|FONR|GRI|ONTF|TROO,ASPC|ASTI|BRLS|ELOG|MLEC|NUAIW
2025-12-31,9,9,2,22.2,7,7,ANGH|DRCT|EFOI|ESHA|INBS|KLXE|SLGB|ULY|VNDA,MNTS|MENS|PMAX|INBS|ELAB|ESHA|XCH|LZMH|VGAS,ESHA|INBS,ANGH|DRCT|EFOI|KLXE|SLGB|ULY|VNDA,ELAB|LZMH|MENS|MNTS|PMAX|VGAS|XCH
2026-01-02,8,8,3,37.5,5,5,EGG|GDOG|IRD|IRWD|PRZO|SLS|TXXD|ULY,STI|ULY|BNAI|IRWD|PRZO|BUUU|GOVX|SHMDW,IRWD|PRZO|ULY,EGG|GDOG|IRD|SLS|TXXD,BNAI|BUUU|GOVX|SHMDW|STI
2026-01-05,22,22,5,22.7,17,17,ALT|ARBE|ASTI|ATLN|CNTX|GHRS|MKDW|MNTS|NCEL|NMRA|ORBS|PASG|PRZO|RDHL|RMTI|TENX|TXXD|UFG|USEG|UUU|VRME|WTIU,MCGAU|MOBBW|BRIA|INBS|VRME|MLEC|ASTI|NCEL|UFG|IRWD|ANGH|VAL.WS|EEIQ|ANTX|GRAF|SIDU|ASBP|AZ|KOS|MNTS|XZO|JLHL,ASTI|MNTS|NCEL|UFG|VRME,ALT|ARBE|ATLN|CNTX|GHRS|MKDW|NMRA|ORBS|PASG|PRZO|RDHL|RMTI|TENX|TXXD|USEG|UUU|WTIU,ANGH|ANTX|ASBP|AZ|BRIA|EEIQ|GRAF|INBS|IRWD|JLHL|KOS|MCGAU|MLEC|MOBBW|SIDU|VAL.WS|XZO
2026-01-06,12,12,3,25.0,9,9,AEVA|ARBE|CRMLW|CYCN|ELAB|EVTV|IMSR|IMSRW|NBP|NOMA|STXS|TXXS,EVTV|RIME|NTZ|BNAI|NRGV|FJET|CYCN|ELAB|KOS|NPT|INBS|PAVM,CYCN|ELAB|EVTV,AEVA|ARBE|CRMLW|IMSR|IMSRW|NBP|NOMA|STXS|TXXS,BNAI|FJET|INBS|KOS|NPT|NRGV|NTZ|PAVM|RIME
2026-01-07,11,11,0,0.0,11,11,ASBP|CDIO|GLUE|LUCY|MBLY|NMRA|PENG|RIME|UFG|VTYX|ZSL,NVVE|FOFO|MNTS|BGMSP|EMAT|BTAI|ERAS|KDKRW|INBS|FLYX|BNRG,,ASBP|CDIO|GLUE|LUCY|MBLY|NMRA|PENG|RIME|UFG|VTYX|ZSL,BGMSP|BNRG|BTAI|EMAT|ERAS|FLYX|FOFO|INBS|KDKRW|MNTS|NVVE
2026-01-08,13,13,4,30.8,9,9,ACON|AVXX|CGTL|FLYX|IPSC|MLTX|NEOG|NVVE|OSS|RNXT|SER|VWAV|VWAVW,SXTC|ICON|MTEN|CGTL|NEOVW|SDOT|VWAVW|FLYX|ERAS|ACON|BW|ROLR|FJET,ACON|CGTL|FLYX|VWAVW,AVXX|IPSC|MLTX|NEOG|NVVE|OSS|RNXT|SER|VWAV,BW|ERAS|FJET|ICON|MTEN|NEOVW|ROLR|SDOT|SXTC
2026-01-09,16,16,5,31.2,11,11,ALLO|ANPA|ASPI|BLNE|GP|ICON|KALV|KUST|LDI|LRHC|OKYO|OPEG|RVMDW|SPRY|SXTC|VSTL,MTEN|GRI|HAO|ATGL|VLN|HRTX|INBS|OKLS|ATCX|QTRX|ALLO|CGTL|SXTC|LRHC|ICON|RVMDW,ALLO|ICON|LRHC|RVMDW|SXTC,ANPA|ASPI|BLNE|GP|KALV|KUST|LDI|OKYO|OPEG|SPRY|VSTL,ATCX|ATGL|CGTL|GRI|HAO|HRTX|INBS|MTEN|OKLS|QTRX|VLN
2026-01-12,16,16,3,18.8,13,13,BDSX|CLRB|DAWN|EVTV|HYFT|IRIX|KC|NCEL|OM|OSS|RXST|SOGP|STKL|VWAV|VWAVW|ZH,CGTL|EVTV|SUGP|APUS|VWAVW|OPTX|PYXS|YYAI|FJET|SOGP|LYRA|DRCT|ONDS|LVLU|TRSG|CJMB,EVTV|SOGP|VWAVW,BDSX|CLRB|DAWN|HYFT|IRIX|KC|NCEL|OM|OSS|RXST|STKL|VWAV|ZH,APUS|CGTL|CJMB|DRCT|FJET|LVLU|LYRA|ONDS|OPTX|PYXS|SUGP|TRSG|YYAI
2026-01-13,11,11,5,45.5,6,6,AHMA|BCTX|CELZ|EDBL|FBIOP|IOTR|KELYA|OSS|PDYN|WATT|XAIR,XAIR|EVTV|MVO|EDBL|WATT|RVYL|AHMA|BCTX|MTEN|AGIG|LVLU,AHMA|BCTX|EDBL|WATT|XAIR,CELZ|FBIOP|IOTR|KELYA|OSS|PDYN,AGIG|EVTV|LVLU|MTEN|MVO|RVYL
2026-01-14,10,10,2,20.0,8,8,AGIG|ALTS|BEEM|GSIT|KULR|RIME|ROLR|SEGG|SXTC|YYAI,MSW|ROMA|ROLR|ANPA|VWAVW|BNAI|MTEN|AGIG|XAIR|LFS,AGIG|ROLR,ALTS|BEEM|GSIT|KULR|RIME|SEGG|SXTC|YYAI,ANPA|BNAI|LFS|MSW|MTEN|ROMA|VWAVW|XAIR
2026-01-15,14,14,5,35.7,9,9,AGPU|ATPC|AUID|BNKK|CGTL|CJMB|DDC|IPW|OCUL|RFIL|RILY|ROLR|SPHL|TII,CJMB|SPHL|SEGG|CGTL|ATPC|CHNR|CNSP|ROLR|RCON|AHMA|NUWE|MGIH|MTEN|AHT.PRF,ATPC|CGTL|CJMB|ROLR|SPHL,AGPU|AUID|BNKK|DDC|IPW|OCUL|RFIL|RILY|TII,AHMA|AHT.PRF|CHNR|CNSP|MGIH|MTEN|NUWE|RCON|SEGG
2026-01-16,10,10,4,40.0,6,6,ACCL|BIYA|GWAV|IBRX|JFBR|KOPN|LCFY|PFSA|PRFX|TNMG,PRFX|BIYA|JFBR|CJMB|YOUL|SEGG|KDKRW|LCFY|IRE|NVNO,BIYA|JFBR|LCFY|PRFX,ACCL|GWAV|IBRX|KOPN|PFSA|TNMG,CJMB|IRE|KDKRW|NVNO|SEGG|YOUL
2026-01-20,18,18,8,44.4,10,10,ACRS|BOIL|BTTC|CRVS|IBRX|ICON|IVF|MASS|NUAI|NUAIW|PDC|POLA|RMTI|SONM|TII|TWG|UMC|UNG,SEGG|POLA|ICON|CRVS|TULP|IVF|TWG|BTTC|LHAI|RILY|BLNE|NUAI|ONDG|ANNA|USGG|LCFY|ACRS|OKLL,ACRS|BTTC|CRVS|ICON|IVF|NUAI|POLA|TWG,BOIL|IBRX|MASS|NUAIW|PDC|RMTI|SONM|TII|UMC|UNG,ANNA|BLNE|LCFY|LHAI|OKLL|ONDG|RILY|SEGG|TULP|USGG
2026-01-21,10,10,1,10.0,9,9,AQMS|BNAI|BOXL|GORO|LSTA|LUCD|MLEC|PAVM|SLGB|TII,GITS|ROMA|SPHL|CGTL|NEOV|NAMM|BOXL|MGN|LHAI|PBM,BOXL,AQMS|BNAI|GORO|LSTA|LUCD|MLEC|PAVM|SLGB|TII,CGTL|GITS|LHAI|MGN|NAMM|NEOV|PBM|ROMA|SPHL
2026-01-22,9,9,2,22.2,7,7,APUS|ARMG|CABA|CMCT|GLDD|HCTI|IOTR|SXTP|TMC,SXTP|SPHL|NAMM|DRCT|NUAI|CMCT|WTO|ANPA|ASTI,CMCT|SXTP,APUS|ARMG|CABA|GLDD|HCTI|IOTR|TMC,ANPA|ASTI|DRCT|NAMM|NUAI|SPHL|WTO
2026-01-23,12,12,4,33.3,8,8,ASTI|BGL|CHRS|DRCT|KUST|MAXN|MOVE|NAMM|NIOBW|REVB|RVYL|SLE,AUST|QCLS|CRE|KUST|GITS|RVYL|GIBO|BNAI|HSDT|REVB|NAMM|JFBR,KUST|NAMM|REVB|RVYL,ASTI|BGL|CHRS|DRCT|MAXN|MOVE|NIOBW|SLE,AUST|BNAI|CRE|GIBO|GITS|HSDT|JFBR|QCLS
2026-01-26,22,22,5,22.7,17,17,ABOS|ARAI|ATCX|BATL|CRWG|CVM|GLDG|GORO|GXAI|INMD|LE|MBAI|MPG|NAK|NAMM|NVVE|SWAG|TMQ|USAR|USGG|USGO|YYAI,SLGB|MBAI|MOVE|CNEY|NAMM|BNAI|NVVE|EVTV|VSA|JZXN|BATL|SEGG|GRAN|ABOS|AUST|ONEG|HUYA|BBGI|DRMA|CGTL|GITS|NVNI,ABOS|BATL|MBAI|NAMM|NVVE,ARAI|ATCX|CRWG|CVM|GLDG|GORO|GXAI|INMD|LE|MPG|NAK|SWAG|TMQ|USAR|USGG|USGO|YYAI,AUST|BBGI|BNAI|CGTL|CNEY|DRMA|EVTV|GITS|GRAN|HUYA|JZXN|MOVE|NVNI|ONEG|SEGG|SLGB|VSA
2026-01-27,15,15,3,20.0,12,12,BNZI|BZAI|CYN|HIND|IVF|KC|NAMM|NETG|NTLA|NUWE|PHGE|RDW|RR|SXTC|UMC,GITS|XHLD|SXTC|MOVE|BNAI|NEOVW|HCHL|GLXG|DOGZ|ATPC|PHGE|BATL|ASPC|NUWE|LKSPR,NUWE|PHGE|SXTC,BNZI|BZAI|CYN|HIND|IVF|KC|NAMM|NETG|NTLA|RDW|RR|UMC,ASPC|ATPC|BATL|BNAI|DOGZ|GITS|GLXG|HCHL|LKSPR|MOVE|NEOVW|XHLD
2026-01-28,13,13,0,0.0,13,13,AI|AIMD|ARI|CPSH|FEED|GRI|LTRX|PDYN|PURR|SBU|SUPX|TRX|WBUY,SLGB|ROLR|BNAI|SEGG|PBM|MBAI|LNKS|GOAI|BBGI|TAOP|ROMA|OPTX|GLXG,,AI|AIMD|ARI|CPSH|FEED|GRI|LTRX|PDYN|PURR|SBU|SUPX|TRX|WBUY,BBGI|BNAI|GLXG|GOAI|LNKS|MBAI|OPTX|PBM|ROLR|ROMA|SEGG|SLGB|TAOP
2026-01-29,17,17,1,5.9,16,16,AUST|DCX|DUO|ESLA|FLWS|GCTS|HCTI|KRRO|MBAI|MGIH|SER|SUPX|TAL|TRX|VENU|XHLD|ZSTK,FEED|DRMA|TRX|DRCT|PHGE|DZZ|GOAI|NEOVW|SLGB|SEGG|RVMDW|NUAI|JOBY.WS|LNKS|CATX|GITS|NUWE,TRX,AUST|DCX|DUO|ESLA|FLWS|GCTS|HCTI|KRRO|MBAI|MGIH|SER|SUPX|TAL|VENU|XHLD|ZSTK,CATX|DRCT|DRMA|DZZ|FEED|GITS|GOAI|JOBY.WS|LNKS|NEOVW|NUAI|NUWE|PHGE|RVMDW|SEGG|SLGB
2026-01-30,12,12,5,41.7,7,7,ALXO|CISS|DZZ|GITS|GLL|LRHC|MGLD|MRAM|ORKT|PMN|SOFX|VIVS,PZG|ORKT|LGHL|CISS|RVMDW|GITS|VIVS|FEED|LRHC|LHAI|SPHL|HCHL,CISS|GITS|LRHC|ORKT|VIVS,ALXO|DZZ|GLL|MGLD|MRAM|PMN|SOFX,FEED|HCHL|LGHL|LHAI|PZG|RVMDW|SPHL
