symbol,gaprun_count
LAES,160
PRFX,150
TNXP,150
NVNI,130
QMCO,121
RGTI,117
KULR,115
OPTX,109
RGTIW,107
PDYN,98
RR,97
SES,93
BAOS,91
QUBT,87
WKEY,84
ARQQ,79
ONDS,74
QBTS,73
CURR,67
TRAW,67
HOUR,64
NCEL,63
UMAC,60
VRME,60
RZLV,59
VNCE,57
NUAI,56
ELAB,54
CADL,52
CYCN,52
PHIO,51
NEUP,50
SATL,47
SOUNW,47
BBAI,44
GDHG,39
ZENA,39
MOB,38
GRRR,37
WHLR,36
FOXX,35
MDAI,35
MNTS,33
CPIX,30
EVAX,30
XTIA,30
CDT,29
HTLM,28
RADX,27
XCUR,27
WOK,26
MGX,25
CGTL,24
TNMG,24
CHAI,23
JZXN,23
MTEK,23
OSTX,23
SERV,23
SNES,23
CETX,21
NA,21
QNTM,21
BTCT,19
TRVI,19
CRVO,18
GV,18
XXII,18
RUMBW,17
SINT,17
FEED,16
ICG,16
YSXT,15
ANGO,14
HUHU,14
PRCH,14
VVPR,14
AMPX,13
ALUR,12
BTAI,12
ADXN,11
BCTX,11
CAMP,11
MDCX,11
PTHS,11
REBN,11
TE,11
ACON,10
FEAM,10
JXG,10
MBOT,10
SPCB,10
ANNA,9
JWEL,9
PERF,9
SNOA,9
ZH,9
ABSI,8
BEAT,8
IMRX,8
